Total Hour,Hour,SR_down,LW_down,Ta,wind_speed,q,precip,ra,e,e_sat,VPD,gR,gD,gT,Lambda,delta,psy_const,gSM,gS,rs,LW_up,Rn,Cinterim,Cactual,Dcanopy,lambdaEi,Cfinal,lambdaEt,lambdaET,H,Ts,SMlast,SMnew
0.5,0.5,0,269.131,12.697,2.429,2.444,0,14.968005894129586,0.3976411575562701,1.4683415693463617,1.0707004117900916,0.0,0.6930765616447838,0.8728007775000006,2471022.383,0.09627853068977467,0.06669954845585793,0.9816550215888635,0.0001,1000000.0,-350.0,-80.86900000000003,0.0,0.0,0.0,0.0,0.0,0.018253457223269244,0.018253457223269244,-80.8872534572233,284.8953060967523,40.0,39.999973406778324
1.5,1.5,0,271.0,13.16,2.39,2.03,0,15.212253689054714,0.3302829581993569,1.513519049488702,1.1832360912893451,0.0,0.6633474252810352,0.8887777500000014,2469929.2399999998,0.09887422513978418,0.06672906838837943,0.9816549728035909,0.0001,1000000.0,-350.0,-79.0,0.0,0.0,0.0,0.0,0.0,0.020312366339399597,0.020312366339399597,-79.0203123663394,285.3652434302803,39.999973406778324,39.99994380086183
2.5,2.5,0,265.4,11.77,2.33,2.36,0,15.603985543708482,0.3839742765273311,1.3814336190766106,0.9974593425492795,0.0,0.7126835594981092,0.8375909999999999,2473211.03,0.09125551775737312,0.06664052325952065,0.9816549184913762,0.0001,1000000.0,-356.02604028106185,-90.62604028106188,0.0,0.0,0.0,0.0,0.0,0.016712597756062705,0.016712597756062705,-90.64275287881794,283.80484786750856,39.99994380086183,39.999919474044916
3.5,3.5,0,265.1,11.7,2.31,2.19,0,15.73908498564535,0.35631511254019294,1.3750584263039283,1.0187433137637354,0.0,0.7069647235219612,0.8347577500000001,2473376.3,0.09088546041182397,0.06663607036681722,0.981654873863578,0.0001,1000000.0,-353.3251475169101,-88.22514751691006,0.0,0.0,0.0,0.0,0.0,0.01715436446776249,0.01715436446776249,-88.24230188137781,283.75534170527857,39.999919474044916,39.99989450586192
4.5,4.5,0,265.2,11.72,2.21,2.14,0,16.451260776851022,0.3481800643086817,1.376877267230389,1.0286972029217074,0.0,0.7042960994737157,0.8355697500000018,2473329.08,0.0909910603660016,0.06663734256115163,0.9816548280590741,0.0001,1000000.0,-349.32880782213266,-84.12880782213267,0.0,0.0,0.0,0.0,0.0,0.0173441423158819,0.0173441423158819,-84.14615196444855,283.77898764088343,39.99989450586192,39.99986926097524
5.5,5.5,99,261.1,10.68,2.23,2.26,0,16.303715837148324,0.36770418006430866,1.2850510825388508,0.9173469024745422,0.39732441471571905,0.7343634823904286,0.7906937500000011,2475784.52,0.08563652471895832,0.06657125280451225,0.9816547817468371,3.3971496319511605,294.36442557452136,-349.2651328071707,-1.0451328071706598,0.0,0.0,0.0,0.0,0.0,51.70568981988344,51.70568981988344,-52.7508226270541,283.1597581663679,39.99986926097524,39.92468481667167
6.5,6.5,301,264.9,11.63,2.3,2.23,0,15.807515789930767,0.3628231511254019,1.368709093821784,1.0058859426963822,0.7209580838323353,0.7104173396567803,0.8319000000000004,2473541.5700000003,0.09051668254549866,0.06663161806915499,0.9815163344408164,6.2731183875039935,159.41035035971788,-347.8038175721382,181.97618242786177,0.0,0.0,0.0,0.0,0.0,115.49790914494749,115.49790914494749,66.47827328291429,285.64339068099025,39.92468481667167,39.756588804878426
7.5,7.5,497,277.3,14.69,2.49,2.49,0,14.601319805960145,0.40512540192926044,1.6716072601408933,1.2664818582116328,0.8556671449067432,0.6416656191754333,0.9339510000000004,2466316.9099999997,0.10787966513576622,0.06682680417190102,0.981203005303408,7.547234550615343,132.4988634305088,-352.4392977027446,362.2207022972554,0.0,0.0,0.0,0.0,0.0,188.3831026568949,188.3831026568949,173.8375996403605,289.8971418604077,39.756588804878426,39.48161231389503
8.5,8.5,672,279.8,15.3,2.67,2.14,0,13.616961167356092,0.3481800643086817,1.7385638954612772,1.3903838311525956,0.9247706422018349,0.609882340596834,0.9486977500000006,2464876.7,0.11165956151981879,0.06686585060032334,0.9806789601540227,7.870930544164122,127.04978075831797,-369.5154971488765,501.64450285112355,0.0,0.0,0.0,0.0,0.0,228.36135252984107,228.36135252984107,273.2831503212825,291.45660988099235,39.48161231389503,39.148086150453494
9.5,9.5,815,288.5,17.37,3.09,2.3,0,11.766112076647497,0.3742122186495177,1.9836338117057988,1.6094215930562812,0.9635467980295567,0.5551220903514422,0.9848710000000003,2459989.4299999997,0.12533659145802287,0.06699869323032744,0.9800236861154801,7.744056329411085,129.13129211135882,-384.56286927365136,621.1371307263487,0.0,0.0,0.0,0.0,0.0,267.6517257189979,267.6517257189979,353.4854050073508,293.87802750646125,39.148086150453494,38.756399015200884
10.5,10.5,917,295.7,19.03,3.29,2.69,0,11.050846904814822,0.4376655948553055,2.2015093442716647,1.7638437494163592,0.9851387645478962,0.5176117196039258,0.9984000000000002,2456070.17,0.13730729521882104,0.06710560601386158,0.9792257138433387,7.477908558046961,133.72723031279946,-395.22842343938083,707.4315765606192,0.0,0.0,0.0,0.0,0.0,291.2155907147637,291.2155907147637,416.21598584585547,295.8914735583104,38.756399015200884,38.329547966978126
11.5,11.5,969,301.2,20.28,3.28,2.67,0,11.08453851123194,0.434411575562701,2.379118666258807,1.944707090696106,0.9946963216424294,0.474830750859766,0.9994937499999998,2453118.92,0.14694803423283287,0.0671863381048066,0.9783197635195182,6.927579487478988,144.35056310900725,-407.32990030347815,746.5900996965219,0.0,0.0,0.0,0.0,0.0,301.4562495552094,301.4562495552094,445.13385014131245,297.4099862796205,38.329547966978126,37.887155024038876
12.5,12.5,969,306.7,21.53,3.88,2.59,0,9.370434617742465,0.42139549839228296,2.5691307972882296,2.1477352988959466,0.9946963216424294,0.42828783460729397,0.9927749999999996,2450167.67,0.15715526838350288,0.06726726468087714,0.9773391134559919,6.200313110361918,161.2821775611311,-417.16265082206195,742.2573491779381,0.0,0.0,0.0,0.0,0.0,291.00755867694227,291.00755867694227,451.2497905009958,298.0936120339326,37.887155024038876,37.45958134242345
13.5,13.5,917,314.9,23.34,4.47,2.6,0,8.133621099964376,0.42302250803858527,2.867733857683608,2.4447113496450226,0.9851387645478962,0.36302927373755867,0.9691997500000002,2445894.26,0.17299305329432613,0.0673847924932037,0.9763491809437289,5.076317462920933,196.99319581651935,-423.3774040447476,698.4825959552525,0.0,0.0,0.0,0.0,0.0,264.54551824436163,264.54551824436163,433.93707771089083,299.3426710257114,37.45958134242345,37.070208882111245
14.5,14.5,815,312.5,22.83,3.65,2.37,0,9.960900360778291,0.3856012861736335,2.780679438038607,2.3950781518649733,0.9635467980295567,0.373702595094731,0.9775,2447098.37,0.16839996528800782,0.06735163538620559,0.9754101195921453,5.149845598758015,194.18057897525497,-428.90829800071833,600.7917019992817,0.0,0.0,0.0,0.0,0.0,258.77383756733536,258.77383756733536,342.01786443194635,298.7342160604923,37.070208882111245,36.68951890795119
15.5,15.5,672,313.9,23.11,4.78,2.33,0,7.606126844527357,0.37909324758842444,2.8281839091579006,2.449090661569476,0.9247706422018349,0.36209202320132033,0.9731039999999994,2446437.29,0.17090874534705608,0.06736983524740911,0.9744559607957165,4.762837068819096,209.95889331312802,-430.74223339048046,474.5177666095195,0.0,0.0,0.0,0.0,0.0,229.8884974751908,229.8884974751908,244.62926913432872,297.7733356214093,36.68951890795119,36.351231638421105
16.5,16.5,497,304.4,21.0,4.01,2.53,0,9.066654941855553,0.41163344051446943,2.4870053972720654,2.075371956757596,0.8556671449067432,0.4446970156944393,0.9965777499999998,2451419.0,0.15275655991910123,0.06723292801859576,0.9735770561712622,5.537858413523415,180.5752197560715,-426.2429682669935,315.5170317330065,0.0,0.0,0.0,0.0,0.0,213.8553027815966,213.8553027815966,101.66172895140988,294.90975859934264,36.351231638421105,36.03717717037066
17.5,17.5,301,301.0,20.24,4.59,2.41,0,7.920977411076419,0.39210932475884247,2.3732468446120074,1.9811375198531649,0.7209580838323353,0.4663639929839074,0.9995797499999999,2453213.36,0.1466308943453605,0.0671837516694504,0.9727340638247217,4.903857716478887,203.92108780799398,-415.4680812592714,150.4119187407286,0.0,0.0,0.0,0.0,0.0,171.70381309164256,171.70381309164256,-21.291894350913964,293.2746436855893,36.03717717037066,35.78520816628456
18.5,18.5,99,286.9,16.98,3.63,2.2,0,10.015781354501588,0.35794212218649524,1.9352747593150887,1.5773326371285936,0.39732441471571905,0.5630304671163917,0.9796937500000005,2460910.2199999997,0.1226563906999665,0.0669736245682372,0.9720383182396675,3.195524344969905,312.9376878552361,-402.95897455441053,-28.93897455441055,0.0,0.0,0.0,0.0,0.0,84.42561277401639,84.42561277401639,-113.36458732842694,289.23872870566794,35.78520816628456,35.6617041865309
19.5,19.5,0,278.9,15.08,3.51,2.24,0,10.358201229869165,0.3644501607717042,1.7141493997997348,1.3496992390280305,0.0,0.6202544062992187,0.94359375,2465396.1199999996,0.11028355393651114,0.0668517630223325,0.9716908390052572,0.0001,1000000.0,-387.7353064020265,-108.8353064020265,0.0,0.0,0.0,0.0,0.0,0.0232954540047577,0.0232954540047577,-108.85860185603126,287.3450334243237,35.6617041865309,35.66167017023886
20.5,20.5,0,274.0,13.9,3.85,2.48,0,9.443450991387213,0.40349839228295825,1.588260344620149,1.1847619523371908,0.0,0.6629476374228932,0.9120877499999998,2468182.1,0.10314647165347368,0.06677630356788425,0.9716907427078246,0.0001,1000000.0,-372.10406879572116,-98.10406879572116,0.0,0.0,0.0,0.0,0.0,0.020675137405094267,0.020675137405094267,-98.12474393312625,286.3263052589709,35.66167017023886,35.66164001424078
21.5,21.5,0,276.2,14.42,3.51,2.08,0,10.358201229869165,0.3384180064308682,1.6427001557783878,1.3042821493475196,0.0,0.6319072667273367,0.9268297500000009,2466954.38,0.10624164982769861,0.06680953588222334,0.9716906573383051,0.0001,1000000.0,-364.6258956147545,-88.4258956147545,0.0,0.0,0.0,0.0,0.0,0.022867562968477972,0.022867562968477972,-88.44876317772297,286.8547051039512,35.66164001424078,35.66160664385203
22.5,22.5,0,272.6,13.56,2.99,2.04,0,12.159627530715975,0.3319099678456592,1.5535269659257016,1.2216169980800424,0.0,0.6533181952993908,0.9017177500000005,2468984.84,0.10116444756297643,0.06675459261646095,0.9716905628687704,0.0001,1000000.0,-363.3758584111401,-90.77585841114006,0.0,0.0,0.0,0.0,0.0,0.02112834468684395,0.02112834468684395,-90.79698675582691,285.8439113958682,35.66160664385203,35.66157583684194
23.5,23.5,0,269.8,12.86,3.1,2.19,0,11.728156876400247,0.35631511254019294,1.4841094597634428,1.12779434722325,0.0,0.677933617105408,0.8785477500000011,2470637.5399999996,0.09718565161645742,0.06670993802288701,0.9716904756557245,0.0001,1000000.0,-362.1590435686353,-92.35904356863529,0.0,0.0,0.0,0.0,0.0,0.019486023103948907,0.019486023103948907,-92.37852959173924,285.1604666272899,35.66157583684194,35.6615474434892
24.5,0.5,0,265.7,11.84,2.41,2.47,0,15.086010919850937,0.401871382636656,1.3878347618327382,0.9859633791960822,0.0,0.7157795945040022,0.8403997499999997,2473045.76,0.09162685817248681,0.06664497674738458,0.9716903952753794,0.0001,1000000.0,-357.88884897010536,-92.18884897010537,0.0,0.0,0.0,0.0,0.0,0.016520823729933597,0.016520823729933597,-92.2053697938353,283.89360964728553,35.6615474434892,35.661523394211024
25.5,1.5,0,271.0,13.15,2.34,2.05,0,15.537301844803743,0.3335369774919614,1.5125305494412045,1.178993571949243,0.0,0.6644594644228374,0.8884439999999998,2469952.85,0.09881753975381834,0.06672843053276017,0.9716903271927416,0.0001,1000000.0,-353.03173787736364,-82.03173787736364,0.0,0.0,0.0,0.0,0.0,0.020126568860961775,0.020126568860961775,-82.0518644462246,285.2968259899117,35.661523394211024,35.661494059380644
26.5,2.5,0,265.7,11.85,2.24,2.31,0,16.23093139144677,0.37583922829581995,1.3887513344053244,1.0129121061095043,0.0,0.7085298111837428,0.8407990000000015,2473022.15,0.0916800117532747,0.06664561300852806,0.9716902441466748,0.0001,1000000.0,-353.37261752286685,-87.67261752286686,0.0,0.0,0.0,0.0,0.0,0.016978961701787407,0.016978961701787407,-87.68959648456864,283.87770846934194,35.661494059380644,35.66146934295741
27.5,3.5,0,262.5,11.04,2.21,2.38,0,16.451260776851022,0.3872282958199357,1.3162085521216036,0.9289802563016679,0.0,0.7312001433307559,0.8068397500000016,2474934.56,0.0874587586385443,0.06659411518760239,0.9716901741749976,0.0001,1000000.0,-353.333425622735,-90.83342562273498,0.0,0.0,0.0,0.0,0.0,0.015418318517059845,0.015418318517059845,-90.84884394125204,283.0104895521209,35.66146934295741,35.66144691571931
28.5,4.5,0,260.0,10.42,2.3,2.3,0,15.807515789930767,0.3742122186495177,1.2629534872576296,0.8887412686081119,0.0,0.7421637903453256,0.7786297500000015,2476398.38,0.08434069351565505,0.06655475084360943,0.971690110683806,0.0001,1000000.0,-347.6821878637076,-87.68218786370761,0.0,0.0,0.0,0.0,0.0,0.014881399968607928,0.014881399968607928,-87.69706926367621,282.47741257384394,35.66144691571931,35.66142528226957
29.5,5.5,99,267.0,12.16,2.19,2.36,0,16.601500601297154,0.3839742765273311,1.4174301091044448,1.0334558325771137,0.39732441471571905,0.7030216475986916,0.8529277500000016,2472290.2399999998,0.09334085439365053,0.06666534313156453,0.971690049439683,3.4725236263930555,287.9750025023472,-344.2565958381104,9.863404161889605,0.0,0.0,0.0,0.0,0.0,59.62031382938072,59.62031382938072,-49.756909667491115,284.66704173728243,35.66142528226957,35.57460977561378
30.5,6.5,301,269.0,12.67,2.29,2.22,0,15.876544243161906,0.36119614147909973,1.465743960150906,1.104547818671806,0.7209580838323353,0.6840843114586758,0.8718360000000012,2471086.13,0.09612896954760887,0.06669782779704972,0.9714432052246453,6.265606529487589,159.60146799734989,-348.3375395838881,185.5424604161119,0.0,0.0,0.0,0.0,0.0,125.42742424133395,125.42742424133395,60.115036174777956,286.6059925292403,35.57460977561378,35.39188092541834
31.5,7.5,497,272.3,13.47,2.49,2.29,0,14.601319805960145,0.37258520900321546,1.5444451675797828,1.1718599585765674,0.8556671449067432,0.6663308522047802,0.8988760000000013,2469197.33,0.10064525123912682,0.066748847962839,0.9709165934921865,7.463933242289241,133.97761844039388,-358.5845692621526,351.0754307378474,0.0,0.0,0.0,0.0,0.0,173.53520033297448,173.53520033297448,177.54023040487291,288.7205316917194,35.39188092541834,35.1388729079511
32.5,8.5,672,279.5,15.23,2.67,2.45,0,13.616961167356092,0.3986173633440515,1.7307627880140952,1.3321454246700437,0.9247706422018349,0.6247489718432139,0.9471000000000008,2465041.9699999997,0.1112201677426497,0.06686136754516113,0.970171372397232,7.962971022634978,125.58126824240234,-368.87520741474003,501.98479258526,0.0,0.0,0.0,0.0,0.0,223.6375787526143,223.6375787526143,278.3472138326457,291.44195314713676,35.1388729079511,34.812267806168826
33.5,9.5,815,285.0,16.53,2.84,2.29,0,12.801861379169281,0.37258520900321546,1.8807617177491782,1.5081765087459629,0.9635467980295567,0.5802071430641195,0.9727750000000007,2461972.67,0.11962441606363945,0.06694472248971717,0.96918107034546,7.906139385893518,126.48398304035014,-381.45436071773133,620.7456392822687,0.0,0.0,0.0,0.0,0.0,260.6693733398517,260.6693733398517,360.076265942417,293.3995854240594,34.812267806168826,34.431106083515154
34.5,10.5,917,295.6,19.01,3.25,2.63,0,11.186857328258696,0.42790353697749195,2.198764581943671,1.7708610449661792,0.9851387645478962,0.5159286871663784,0.9983190000000001,2456117.3899999997,0.13715750787839048,0.06710431587735227,0.9679836960134187,7.367424998949255,135.7326338771851,-393.8843452372813,708.6756547627188,0.0,0.0,0.0,0.0,0.0,289.1033920858885,289.1033920858885,419.57226267683023,295.94704069973307,34.431106083515154,34.00735915034874
35.5,11.5,969,306.8,21.55,3.56,2.69,0,10.21272087551707,0.4376655948553055,2.572275714252674,2.1346101193973688,0.9946963216424294,0.43124934021984707,0.9926039999999997,2450120.45,0.15732333089911263,0.06726856109070802,0.9665978601282721,6.173508706638505,161.98243940673134,-406.18003420567425,753.3399657943257,0.0,0.0,0.0,0.0,0.0,293.41074953828877,293.41074953828877,459.92921625603697,298.48979647358186,34.00735915034874,33.57624618268307
36.5,12.5,969,304.8,21.1,4.25,2.69,0,8.554655603962532,0.4376655948553055,2.5023227554890153,2.06465716063371,0.9946963216424294,0.44714362631361615,0.9959677499999998,2451182.9,0.15357844313412952,0.06723940395081004,0.965126359311337,6.412956125417929,155.93432739021438,-420.39468608710484,737.1253139128952,0.0,0.0,0.0,0.0,0.0,286.16446319749036,286.16446319749036,450.96085071540483,297.36618437446555,33.57624618268307,33.15596254431771
37.5,13.5,917,312.3,22.77,4.17,2.38,0,8.718773697084115,0.3872282958199357,2.770591032278506,2.3833627364585706,0.9851387645478962,0.3762355806444653,0.978391,2447240.03,0.1678664332775221,0.06734773669521009,0.9636294410778974,5.2416864844321065,190.77829301123143,-424.38610775161345,694.8738922483866,0.0,0.0,0.0,0.0,0.0,267.5740133342353,267.5740133342353,427.2998789141513,298.93001672970405,33.15596254431771,32.76234915282573
38.5,14.5,815,308.0,21.81,4.56,2.46,0,7.973089104570343,0.4002443729903537,2.6134667674963095,2.213222394505956,0.9635467980295567,0.41360943886998236,0.9901989999999998,2449506.59,0.15952200055741428,0.06728541896693489,0.9621692991150713,5.695455873492435,175.57857039225962,-425.6501331370013,599.5498668629987,0.0,0.0,0.0,0.0,0.0,258.4165324947142,258.4165324947142,341.13333436828447,297.16291195872964,32.76234915282573,32.382558577540536
39.5,15.5,672,308.7,21.96,3.92,2.54,0,9.274817937969582,0.41326045016077173,2.6374919792382325,2.2242315290774606,0.9247706422018349,0.4111578325771226,0.98865775,2449152.44,0.1608022303826652,0.06729514850877066,0.9607048923744284,5.417137244453098,184.59934738111988,-425.07489918192744,474.98510081807257,0.0,0.0,0.0,0.0,0.0,239.3534224129586,239.3534224129586,235.63167840511397,296.8839795003376,32.382558577540536,32.03073387826349
40.5,16.5,497,303.5,20.81,4.47,2.34,0,8.133621099964376,0.38072025723472674,2.4581280349513706,2.077407777716644,0.8556671449067432,0.44423265066442486,0.9975989999999999,2451867.59,0.1512052227811199,0.06722062718338637,0.9592977858310333,5.456523607969548,183.26686950267123,-419.2471959338722,321.6128040661278,0.0,0.0,0.0,0.0,0.0,211.69006946346758,211.69006946346758,109.92273460266023,294.69755782432446,32.03073387826349,31.71991601306691
41.5,17.5,301,296.0,19.09,4.01,2.47,0,9.066654941855553,0.401871382636656,2.2097616258819137,1.8078902432452577,0.7209580838323353,0.5070785708245125,0.998631,2455928.51,0.13775748862642118,0.06710947672105408,0.9580128222639119,5.246297299924327,190.61062361342425,-412.3639779438133,148.51602205618667,0.0,0.0,0.0,0.0,0.0,166.43252955519858,166.43252955519858,-17.916507499011914,292.12962753211764,31.71991601306691,31.475952435153676
42.5,18.5,99,292.5,18.28,3.52,2.65,0,10.328774521829763,0.4311575562700965,2.1006078438537785,1.669450287583682,0.39732441471571905,0.5404329827033612,0.9939937500000003,2457840.92,0.13178415775560182,0.06705725982071209,0.9569758908075656,3.0638183147411335,326.39011105477107,-399.2799253791918,-19.659925379191804,0.0,0.0,0.0,0.0,0.0,85.7688040180715,85.7688040180715,-105.42872939726331,290.5760366663719,31.475952435153676,31.350326853793813
43.5,19.5,0,279.9,15.33,3.82,2.21,0,9.517614219068264,0.3595691318327975,1.7419166529648429,1.3823475211320453,0.0,0.6119261197268804,0.949375,2464805.8699999996,0.11184832406451779,0.06686777209371789,0.9564319886866837,0.0001,1000000.0,-388.1522990124969,-108.2522990124969,0.0,0.0,0.0,0.0,0.0,0.02403418752190049,0.02403418752190049,-108.27633320001881,287.6729208352771,31.350326853793813,31.350291750390284
44.5,20.5,0,277.7,14.79,3.5,2.27,0,10.387796090525933,0.3693311897106109,1.6824262583139002,1.3130950686032894,0.0,0.6296399684634053,0.9364960000000009,2466080.8099999996,0.10849176022838163,0.0668332021003067,0.956431835747867,0.0001,1000000.0,-376.4538915298615,-98.7538915298615,0.0,0.0,0.0,0.0,0.0,0.022814515087810638,0.022814515087810638,-98.77670604494932,287.13650038853547,31.350291750390284,31.350258445620227
45.5,21.5,0,270.5,13.04,3.35,2.52,0,10.852921288609183,0.41000643086816724,1.5016943929164366,1.0916879620482693,0.0,0.6874956651743223,0.8847397500000013,2470212.5599999996,0.09819582369130904,0.06672141492569289,0.9564316906448562,0.0001,1000000.0,-367.5229481013859,-97.02294810138591,0.0,0.0,0.0,0.0,0.0,0.018836532393835835,0.018836532393835835,-97.04178463377974,285.36473892219317,31.350258445620227,31.35023099392732
46.5,22.5,0,271.2,13.21,3.22,2.22,0,11.291082707093405,0.36119614147909973,1.5184700605013797,1.15727391902228,0.0,0.6701632824094946,0.8904389999999998,2469811.19,0.09915806735592915,0.06673225784940184,0.9564315710423071,0.0001,1000000.0,-361.6740608954469,-90.47406089544694,0.0,0.0,0.0,0.0,0.0,0.020089522072173824,0.020089522072173824,-90.49415041751911,285.55994772279684,31.35023099392732,31.350201711413842
47.5,23.5,0,269.2,12.71,3.03,2.04,0,11.999104394996952,0.3319099678456592,1.4695937109724109,1.1376837431267517,0.0,0.6753232525482102,0.8732639999999998,2470991.69,0.09635061223789901,0.06670037695287354,0.9564314434628095,0.0001,1000000.0,-357.6862742369607,-88.4862742369607,0.0,0.0,0.0,0.0,0.0,0.01971807663967686,0.01971807663967686,-88.50599231360037,285.0276716174659,31.350201711413842,31.350172984050577
48.5,0.5,0,269.4,12.77,2.44,2.41,0,14.9005271790331,0.39210932475884247,1.4753849828467724,1.08327565808793,0.0,0.6897306098437165,0.8753909999999999,2470850.03,0.09668389199576238,0.06670420105198292,0.9564313183016546,0.0001,1000000.0,-356.84393958369816,-87.44393958369818,0.0,0.0,0.0,0.0,0.0,0.018345630906516565,0.018345630906516565,-87.4622852146047,284.89405728939994,31.350172984050577,31.350146254677906
49.5,1.5,0,270.2,12.97,2.4,1.99,0,15.14886929868365,0.32377491961414795,1.4948341934243479,1.1710592738102,0.0,0.6665410195730291,0.8823510000000014,2470377.83,0.09780192216640617,0.06671695121649387,0.9564312018451461,0.0001,1000000.0,-355.1793317241409,-84.97933172414093,0.0,0.0,0.0,0.0,0.0,0.01998253689064579,0.01998253689064579,-84.99931426103159,285.10656995464007,31.350146254677906,31.35011713478704
50.5,2.5,0,266.6,12.07,2.35,2.31,0,15.471185666740748,0.37583922829581995,1.4090509146703718,1.033211686374552,0.0,0.7030870136713705,0.8494560000000004,2472502.73,0.09285605521831418,0.06665961382797665,0.9564310749730965,0.0001,1000000.0,-355.3762318104225,-88.77623181042247,0.0,0.0,0.0,0.0,0.0,0.01739873796162212,0.01739873796162212,-88.7936305483841,284.137468884792,31.35011713478704,31.350091801971065
51.5,3.5,0,264.6,11.57,2.21,2.21,0,16.451260776851022,0.3595691318327975,1.3632873237120555,1.003718191879258,0.0,0.7110000690585458,0.8294310000000005,2473683.23,0.09020160287632664,0.06662780228752976,0.9564309646006007,0.0001,1000000.0,-353.49900777224053,-88.89900777224051,0.0,0.0,0.0,0.0,0.0,0.01678968179481143,0.01678968179481143,-88.91579745403531,283.5660122704853,31.350091801971065,31.35006736761596
52.5,4.5,0,263.4,11.27,2.22,2.03,0,16.377155998576917,0.3302829581993569,1.336460516852367,1.0061775586530102,0.0,0.7103389618047277,0.8168159999999999,2474391.53,0.08864018674019801,0.06660872993305875,0.9564308581423425,0.0001,1000000.0,-349.6838307469116,-86.28383074691163,0.0,0.0,0.0,0.0,0.0,0.016940543641425655,0.016940543641425655,-86.30077129055306,283.3056721207852,31.35006736761596,31.350042720765867
53.5,5.5,99,268.1,12.44,2.25,2.01,0,16.158793918595897,0.3270289389067524,1.4437792491244752,1.1167503102177228,0.39732441471571905,0.6808531486152154,0.8634697500000006,2471629.16,0.09486293009745109,0.06668317393148818,0.9564307507579993,3.351124940474717,298.4072565967478,-347.6372358589617,7.5827641410383535,0.0,0.0,0.0,0.0,0.0,62.33394695702508,62.33394695702508,-54.75118281598672,284.8999517011189,31.350042720765867,31.25925150795897
54.5,6.5,301,267.9,12.4,2.26,2.25,0,16.087294830460518,0.3660771704180064,1.4399889496967868,1.0739117792787805,0.7209580838323353,0.692221527445215,0.8619877499999997,2471723.5999999996,0.09464420525868417,0.06668062609040025,0.9560333790968933,6.169081754482291,162.09867850647734,-350.93711911633915,181.84288088366083,0.0,0.0,0.0,0.0,0.0,120.48172751372809,120.48172751372809,61.36115336993274,286.3622495087434,31.25925150795897,31.083773060834293
55.5,7.5,497,277.0,14.61,2.49,2.16,0,14.601319805960145,0.3514340836012862,1.662996042550035,1.3115619589487488,0.8556671449067432,0.6300341792738022,0.9318790000000007,2466505.79,0.10739210472354896,0.0668216867110691,0.9552550506395516,7.198451680366374,138.91876258994404,-358.546684724164,355.81331527583603,0.0,0.0,0.0,0.0,0.0,185.3570453041384,185.3570453041384,170.45626997169762,289.77751724394886,31.083773060834293,30.813234323078117
56.5,8.5,672,285.5,16.65,2.68,2.35,0,13.566151610761477,0.38234726688102894,1.895165337530265,1.512818070649236,0.9247706422018349,0.5790486040934593,0.9747189999999999,2461689.35,0.1204266552355287,0.06695242727130375,0.9540280030724584,7.469316571355735,133.88105731586268,-371.01344424374815,505.84655575625186,0.0,0.0,0.0,0.0,0.0,235.6551040520672,235.6551040520672,270.19145170418466,292.7618038649995,30.813234323078117,30.468609858343182
57.5,9.5,815,285.3,16.61,2.84,2.2,0,12.801861379169281,0.35794212218649524,1.8903534306024494,1.5324113084159543,0.9635467980295567,0.5741671322613628,0.9740790000000004,2461783.7899999996,0.1201587364801746,0.06694985881372549,0.9524160797093665,7.6988046369171705,129.89029429384632,-387.75378307731404,614.746216922686,0.0,0.0,0.0,0.0,0.0,257.40542766425364,257.40542766425364,357.3407892584324,293.4514799069089,30.468609858343182,30.092191935958816
58.5,10.5,917,297.8,19.51,3.16,2.67,0,11.50547035343062,0.434411575562701,2.268289216576538,1.8338776410138369,0.9851387645478962,0.5008986010507511,0.9997440000000001,2454936.89,0.14094397659627686,0.0671365841793261,0.9505907977413549,7.034300199526536,142.16055209973948,-397.56936312626493,707.1906368737351,0.0,0.0,0.0,0.0,0.0,287.4622101330284,287.4622101330284,419.7284267407067,296.5557718523883,30.092191935958816,29.670647919615934
59.5,11.5,969,302.7,20.62,3.4,2.74,0,10.693319504953168,0.4458006430868168,2.4295441700251548,1.9837435269383379,0.9946963216424294,0.46576026646265567,0.9984397499999998,2452316.18,0.14966722724045,0.06720833084843815,0.948463459053112,6.580920950611676,151.9544160315515,-408.02634885832396,747.3936511416761,0.0,0.0,0.0,0.0,0.0,292.687853700867,292.687853700867,454.7057974408091,297.6923703021606,29.670647919615934,29.24098216855315
60.5,12.5,969,305.4,21.23,3.79,2.59,0,9.59295153478648,0.42139549839228296,2.5223585327583193,2.1009630343660364,0.9946963216424294,0.4388712162133051,0.9950999999999998,2450875.9699999997,0.1546524768043747,0.06724782452798622,0.946200850196941,6.165508904767307,162.1926130423359,-419.8242730185909,738.2957269814092,0.0,0.0,0.0,0.0,0.0,284.83875059394524,284.83875059394524,453.45697638746395,297.89119238324207,29.24098216855315,28.82259318653616
61.5,13.5,917,313.5,23.04,3.57,2.5,0,10.184113814241112,0.4067524115755627,2.8162418647902876,2.409489453214725,0.9851387645478962,0.37059388694098633,0.9742397499999994,2446602.56,0.17027861270675165,0.06736528436004662,0.9439022018930746,5.035930911473116,198.57301809318884,-423.6017885093998,696.8582114906003,0.0,0.0,0.0,0.0,0.0,266.5452390396114,266.5452390396114,430.3129724509889,299.7271681050292,28.82259318653616,28.430391005343886
62.5,14.5,815,310.1,22.28,4.42,2.48,0,8.225630388425511,0.40349839228295825,2.6893914301041364,2.285893037821178,0.9635467980295567,0.39751167001572574,0.9849937499999994,2448396.92,0.16356241508300082,0.06731591427194657,0.9416583188499237,5.328939343018385,187.65460359576662,-429.44445688454437,597.8555431154557,0.0,0.0,0.0,0.0,0.0,251.35857692786257,251.35857692786257,346.4969661875931,297.7374629608343,28.430391005343886,28.060805963985352
63.5,15.5,672,309.8,22.21,4.76,2.44,0,7.638085360680833,0.3969903536977492,2.6779628467479863,2.2809724930502373,0.9247706422018349,0.3985953194005617,0.985839,2448562.19,0.16295523096556688,0.06731137066623495,0.9394617567854382,5.120856294279848,195.27984042767034,-429.00700484374426,472.15299515625577,0.0,0.0,0.0,0.0,0.0,230.13226910663198,230.13226910663198,242.0207260496238,296.86361942280513,28.060805963985352,27.722453859976152
64.5,16.5,497,306.6,21.51,4.62,2.5,0,7.869542492822675,0.4067524115755627,2.56598924019684,2.1592368286212773,0.8556671449067432,0.4256980635726828,0.9929439999999999,2450214.8899999997,0.15698735759481108,0.0672659683210145,0.9373783856928777,5.085544764866426,196.63576789423175,-420.81875892584884,323.1412410741512,0.0,0.0,0.0,0.0,0.0,206.087978298844,206.087978298844,117.05326277530719,295.4192961623559,27.722453859976152,27.4196572665411
65.5,17.5,301,302.2,20.51,4.58,2.45,0,7.938272121580953,0.3986173633440515,2.4131287703214506,2.014511406977399,0.7209580838323353,0.45865186602593766,0.998844,2452575.8899999997,0.14878287065613244,0.0672012139736145,0.9354532250288689,4.634513817965241,215.77236346207394,-414.30387865877907,152.77612134122091,0.0,0.0,0.0,0.0,0.0,165.9297341271359,165.9297341271359,-13.153612785914987,293.59619759574593,27.4196572665411,27.176098221011348
66.5,18.5,99,294.2,18.69,3.76,2.34,0,9.66949104171297,0.38072025723472674,2.155253758345847,1.7745335011111203,0.39732441471571905,0.5150486289436341,0.9967510000000002,2456872.91,0.13477966247703851,0.06708368043767392,0.9338618286579994,2.857288221656256,349.9821937530474,-405.24579723627687,-23.92579723627688,0.0,0.0,0.0,0.0,0.0,85.72036475540668,85.72036475540668,-109.64616199168356,291.0090922229418,27.176098221011348,27.05049412001637
67.5,19.5,0,280.7,15.51,3.73,2.45,0,9.747261747142296,0.3986173633440515,1.7621524937691284,1.363535130425077,0.0,0.6167200479456646,0.9533440000000002,2464380.8899999997,0.11298660145469278,0.0668793033736023,0.9330258670829591,0.0001,1000000.0,-393.26805769240735,-112.56805769240736,0.0,0.0,0.0,0.0,0.0,0.023548952314313996,0.023548952314313996,-112.59160664472168,287.79920652613794,27.05049412001637,27.050459719397264
68.5,20.5,0,279.5,15.21,3.23,2.25,0,11.256125794687541,0.3660771704180064,1.7285395448016492,1.3624623743836428,0.0,0.6169938217748328,0.9466389999999998,2465089.19,0.11109489680241255,0.06686008678266851,0.9330256366873991,0.0001,1000000.0,-377.9251645057613,-98.4251645057613,0.0,0.0,0.0,0.0,0.0,0.023548979885256827,0.023548979885256827,-98.44871348564656,287.4906260055702,27.050459719397264,27.050425328622303
69.5,21.5,0,270.7,13.09,3.24,2.47,0,11.221384665691593,0.401871382636656,1.506611441003562,1.104740058366906,0.0,0.6840333634160096,0.8864309999999997,2470094.5100000002,0.09847800792292195,0.06672460365511196,0.9330254063569774,0.0001,1000000.0,-368.75186489165543,-98.05186489165544,0.0,0.0,0.0,0.0,0.0,0.01900508371445391,0.01900508371445391,-98.07086997536989,285.3767738453016,27.050425328622303,27.050397629964987
70.5,22.5,0,274.3,13.97,3.46,2.42,0,10.507886218740106,0.39373633440514466,1.5954953161735252,1.2017589817683807,0.0,0.6585002609520657,0.9141510000000013,2468016.8299999996,0.10355860894905729,0.06678077522284077,0.9330252208460887,0.0001,1000000.0,-362.6090122912423,-88.30901229124231,0.0,0.0,0.0,0.0,0.0,0.02098277276877729,0.02098277276877729,-88.32999506401109,286.39508106980435,27.050397629964987,27.050367023211805
71.5,23.5,0,270.0,12.9,3.13,2.01,0,11.615746427105675,0.3270289389067524,1.4880015210641748,1.1609725821574224,0.0,0.6691907066715754,0.8799377499999997,2470543.1,0.09740936640489348,0.06671248810450545,0.9330250158577215,0.0001,1000000.0,-359.8206148417468,-89.82061484174682,0.0,0.0,0.0,0.0,0.0,0.02015951405781912,0.02015951405781912,-89.84077435580464,285.2324590456329,27.050367023211805,27.050337647383223
72.5,0.5,0,270.7,13.07,2.43,2.16,0,14.961846220922123,0.3514340836012862,1.5046429284549914,1.1532088448537052,0.0,0.67123280678704,0.8857560000000003,2470141.73,0.098365051521624,0.06672332812677029,0.9330248191128672,0.0001,1000000.0,-359.45955934988694,-88.75955934988696,0.0,0.0,0.0,0.0,0.0,0.019576494546394964,0.019576494546394964,-88.77913584443336,285.17394025784256,27.050337647383223,27.050309116477685
73.5,1.5,0,269.3,12.73,2.38,2.41,0,15.276170721361666,0.39210932475884247,1.4715219133359465,1.079412588577104,0.0,0.6907578344980249,0.8739750000000012,2470944.47,0.09646159664137043,0.06670165160385737,0.9330246280263386,0.0001,1000000.0,-356.3889791286768,-87.08897912867678,0.0,0.0,0.0,0.0,0.0,0.0182388386627113,0.0182388386627113,-87.1072179673395,284.8320422052088,27.050309116477685,27.05028254371574
74.5,2.5,0,268.9,12.64,2.3,2.02,0,15.807515789930767,0.3286559485530547,1.462862460646596,1.1342065120935414,0.0,0.6762406646167154,0.8707597500000002,2471156.96,0.09596302254302658,0.06669591605804677,0.9330244500540406,0.0001,1000000.0,-355.39005796453756,-86.49005796453758,0.0,0.0,0.0,0.0,0.0,0.01922097569989675,0.01922097569989675,-86.50927894023748,284.71248172712194,27.05028254371574,27.050254542454127
75.5,3.5,0,262.2,10.97,2.19,2.0,0,16.601500601297154,0.32540192926045014,1.3100986824621805,0.9846967532017303,0.0,0.7161210229866233,0.8037510000000019,2475099.83,0.08710186928766811,0.06658966849446958,0.9330242625137884,0.0001,1000000.0,-354.23993423075655,-92.03993423075656,0.0,0.0,0.0,0.0,0.0,0.01642580112252851,0.01642580112252851,-92.05636003187908,282.9134462424077,27.050254542454127,27.050230651343423
76.5,4.5,0,266.0,11.93,2.21,2.23,0,16.451260776851022,0.3628231511254019,1.3961030778864085,1.0332799267610067,0.0,0.7030687432182683,0.8439750000000009,2472833.2699999996,0.09210618696643723,0.0666507035350661,0.9330241025011214,0.0001,1000000.0,-349.5117299254579,-83.51172992545793,0.0,0.0,0.0,0.0,0.0,0.017417201602238183,0.017417201602238183,-83.52914712706017,283.9971341809684,27.050230651343423,27.05020529503391
77.5,5.5,99,264.9,11.65,2.26,2.17,0,16.087294830460518,0.35306109324758844,1.370520555231493,1.0174594619839046,0.39732441471571905,0.7073091965497722,0.8327189999999998,2473494.3499999996,0.09062191730011834,0.06663289009348981,0.9330239326747474,3.275194334604455,305.32539380469154,-347.7398423364062,4.280157663593798,0.0,0.0,0.0,0.0,0.0,55.69447190163655,55.69447190163655,-51.41431423804275,284.15617666943285,27.05020529503391,26.96914584210009
78.5,6.5,301,265.0,11.66,2.26,2.34,0,16.087294830460518,0.38072025723472674,1.3714270754904827,0.9907068182557559,0.7209580838323353,0.7145015067905133,0.8331277500000017,2473470.7399999998,0.09067457376155239,0.06663352612386998,0.9324788220031679,6.002815582328983,166.5884927306093,-350.79149316913055,179.08850683086945,0.0,0.0,0.0,0.0,0.0,109.7237395613353,109.7237395613353,69.36476726953416,285.725586210091,26.96914584210009,26.809449001529902
79.5,7.5,497,273.8,13.84,2.49,2.29,0,14.601319805960145,0.37258520900321546,1.5820818681220963,1.209496659118881,0.8556671449067432,0.6564792868504785,0.9102997499999997,2468323.7600000002,0.10279432224612588,0.06677247119738376,0.931391874116568,7.143877710717167,139.97999972757248,-355.0957543771772,356.06424562282285,0.0,0.0,0.0,0.0,0.0,172.6718601602695,172.6718601602695,183.39238546255336,289.1591110443235,26.809449001529902,26.557610605509694
80.5,8.5,672,281.0,15.58,2.73,2.12,0,13.317687295546067,0.34492604501607715,1.7700774638170524,1.4251514188009753,0.9247706422018349,0.6010685891917988,0.95484375,2464215.62,0.11343191424855702,0.06688378883436265,0.9296421177646743,7.401119686163911,135.11469107430582,-367.7922865197948,504.5677134802052,0.0,0.0,0.0,0.0,0.0,221.88037994046044,221.88037994046044,282.68733353974477,291.77148613591925,26.557610605509694,26.23346309126512
81.5,9.5,815,287.9,17.21,2.87,2.54,0,12.668044012836502,0.41326045016077173,1.9636676760301612,1.5504072258693895,0.9635467980295567,0.5696964704126297,0.9828389999999999,2460367.19,0.12423107503485882,0.06698840638108901,0.9273241187805136,7.504496117174222,133.25345024984097,-383.47439974560234,621.6256002543977,0.0,0.0,0.0,0.0,0.0,256.4219113086284,256.4219113086284,365.2036889457693,294.0930445711565,26.23346309126512,25.8582675170179
82.5,10.5,917,300.5,20.12,3.15,2.48,0,11.541995656139925,0.40349839228295825,2.3557073343297357,1.9522089420467774,0.9851387645478962,0.4730831301063799,0.9997897499999999,2453496.6799999997,0.14568294634520612,0.06717599355806671,0.9245455525391897,6.46194300314792,154.7522160924125,-396.65818443912013,710.80181556088,0.0,0.0,0.0,0.0,0.0,282.2517020924413,282.2517020924413,428.55011346843867,297.2597939374241,25.8582675170179,25.444121398208893
83.5,11.5,969,303.6,20.83,3.49,2.47,0,10.41756054923804,0.401871382636656,2.461153892104982,2.059282509468326,0.9946963216424294,0.4483725142154651,0.9975,2451820.37,0.15136789155644556,0.06722192179617872,0.9213550246577539,6.148379501042945,162.64448214856787,-411.76378198768214,744.5562180123179,0.0,0.0,0.0,0.0,0.0,283.10353570151057,283.10353570151057,461.45268231080735,297.85814593903734,25.444121398208893,25.028441383067555
84.5,12.5,969,304.9,21.11,3.54,2.32,0,10.27041986351434,0.3774662379421222,2.503859015958678,2.126392778016556,0.9946963216424294,0.43310679583053563,0.9959039999999998,2451159.29,0.15366083664460503,0.06724005161264653,0.918017013611113,5.908061072038055,169.26026793000605,-422.28094512329545,735.3390548767045,0.0,0.0,0.0,0.0,0.0,279.1208566376992,279.1208566376992,456.2181982390053,298.04050565838463,25.028441383067555,24.6184985906937
85.5,13.5,917,308.4,21.91,3.82,2.75,0,9.517614219068264,0.44742765273311896,2.6294622292802576,2.1820345765471387,0.9851387645478962,0.4205796079717262,0.9891839999999996,2449270.4899999998,0.16037452635019614,0.06729190501552894,0.9145863416444928,5.622619234483064,177.85305358525466,-424.4988679093785,690.8611320906216,0.0,0.0,0.0,0.0,0.0,266.9497940350604,266.9497940350604,423.9113380555612,298.3180874474931,24.6184985906937,24.226129000462684
86.5,14.5,815,312.0,22.7,4.56,2.67,0,7.973089104570343,0.434411575562701,2.7588616266004506,2.3244500510377497,0.9635467980295567,0.3890521270870294,0.9794077499999999,2447405.3,0.16724578322202138,0.06734318879280765,0.9111683521746085,5.018038959656579,199.28103548810176,-425.81128994361086,603.3887100563892,0.0,0.0,0.0,0.0,0.0,242.03333590284876,242.03333590284876,361.3553741535404,298.1823127766206,24.226129000462684,23.870111135644684
87.5,15.5,672,312.2,22.76,4.03,2.31,0,9.021659135692497,0.37583922829581995,2.7689127418662256,2.3930735135704055,0.9247706422018349,0.3741356473195775,0.9785377499999999,2447263.64,0.167777650140294,0.06734708695725893,0.9079488162535507,4.610981012689757,216.87358877599516,-426.21602470714606,477.34397529285394,0.0,0.0,0.0,0.0,0.0,221.45422334025488,221.45422334025488,255.88975195259906,297.78278382525804,23.870111135644684,23.544345169528782
88.5,16.5,497,306.6,21.49,4.18,2.49,0,8.697915386804011,0.40512540192926044,2.5628510399449316,2.157725638015671,0.8556671449067432,0.42603804777924154,0.9931109999999999,2450262.11,0.15681959842379475,0.06726467201111723,0.9049007232825016,4.914091393541535,203.49641875083447,-424.6891391925275,319.27086080747256,0.0,0.0,0.0,0.0,0.0,199.7796274404367,199.7796274404367,119.49123336703585,295.4941356168921,23.544345169528782,23.250822833346728
89.5,17.5,301,294.4,18.72,4.08,2.25,0,8.91109958746097,0.3660771704180064,2.1593006377492086,1.7932234673312022,0.7209580838323353,0.5105777532012804,0.99691975,2456802.08,0.13500109174066766,0.06708561447099474,0.9020679767537523,4.965495908037349,201.38975411929354,-417.1144830018774,142.1655169981226,0.0,0.0,0.0,0.0,0.0,157.09869073261538,157.09869073261538,-14.933173734492783,291.7832005888451,23.250822833346728,23.02062305810174
90.5,18.5,99,294.5,18.75,4.26,2.51,0,8.534574252779521,0.4083794212218649,2.1633541649278674,1.7549747437060024,0.39732441471571905,0.5197415443521303,0.9970840000000001,2456731.25,0.1352228290617881,0.06708754861583578,0.899787435482989,2.7790452332046995,359.8358126927046,-400.55640275174085,-18.936402751740843,0.0,0.0,0.0,0.0,0.0,83.69025085099929,83.69025085099929,-102.62665360274013,291.21704508424074,23.02062305810174,22.89798656578554
91.5,19.5,0,280.4,15.43,4.04,2.48,0,8.999328296247715,0.40349839228295825,1.7531334866383526,1.3496350943553943,0.0,0.6202708089032921,0.9516000000000006,2464569.7699999996,0.1124794915813225,0.0668741778693561,0.898550897003676,0.0001,1000000.0,-388.92341452808336,-108.52341452808338,0.0,0.0,0.0,0.0,0.0,0.02350297557085302,0.02350297557085302,-108.54691750365423,287.81600546861443,22.89798656578554,22.897952234961117
92.5,20.5,0,275.9,14.35,3.41,2.27,0,10.661960796727497,0.3693311897106109,1.6352776809588365,1.2659464912482257,0.0,0.641804217042165,0.9249240000000011,2467119.65,0.10582044753890071,0.0668050603749267,0.8985505487199438,0.0001,1000000.0,-378.5210055122568,-102.62100551225683,0.0,0.0,0.0,0.0,0.0,0.021877592644625462,0.021877592644625462,-102.64288310490146,286.64168284197507,22.897952234961117,22.897920311364093
93.5,21.5,0,270.3,12.97,3.42,2.44,0,10.630785472760456,0.3969903536977492,1.4948341934243479,1.0978438397265986,0.0,0.6858619020360215,0.8823510000000014,2470377.83,0.09780192216640617,0.06671695121649387,0.8985502248562867,0.0001,1000000.0,-366.6314829869046,-96.33148298690458,0.0,0.0,0.0,0.0,0.0,0.019001352177117146,0.019001352177117146,-96.35048433908169,285.317937760973,22.897920311364093,22.897892621321297
94.5,22.5,0,272.0,13.41,3.35,2.08,0,10.852921288609183,0.3384180064308682,1.5384165520888633,1.1999985456579951,0.0,0.6589603801650403,0.8969590000000014,2469338.9899999998,0.1003003813386036,0.06674501874301916,0.8985499439410363,0.0001,1000000.0,-360.2982200620465,-88.29822006204648,0.0,0.0,0.0,0.0,0.0,0.020960829691456573,0.020960829691456573,-88.31918089173794,285.810715239695,22.897892621321297,22.897862062946285
95.5,23.5,0,269.0,12.66,2.96,2.48,0,12.282866998932688,0.40349839228295825,1.4647829070911804,1.0612845148082222,0.0,0.6955858255599385,0.8714777500000015,2471109.7399999998,0.09607362675323071,0.06669719053853837,0.8985496339256769,0.0001,1000000.0,-358.19903940006975,-89.19903940006975,0.0,0.0,0.0,0.0,0.0,0.018247443706064057,0.018247443706064057,-89.21728684377581,284.95050332000443,22.897862062946285,22.897835479425417
96.5,0.5,0,272.1,13.43,2.43,2.12,0,14.961846220922123,0.34492604501607715,1.5404237917305752,1.195497746714498,0.0,0.6601372741442385,0.8976000000000007,2469291.77,0.10041522607552567,0.06674629510080861,0.8985493642345259,0.0001,1000000.0,-357.2814154723076,-85.18141547230755,0.0,0.0,0.0,0.0,0.0,0.020398898533634476,0.020398898533634476,-85.20181437084118,285.5768967292193,22.897835479425417,22.89780573970992
97.5,1.5,0,266.8,12.12,2.35,2.34,0,15.471185666740748,0.38072025723472674,1.4137006353662969,1.03298037813157,0.0,0.7031489446840999,0.8513897500000007,2472384.6799999997,0.09312512259186374,0.06666279665283237,0.8985490625227729,0.0001,1000000.0,-356.69403690414015,-89.89403690414014,0.0,0.0,0.0,0.0,0.0,0.017363881737232547,0.017363881737232547,-89.91140078587738,284.1735897759091,22.89780573970992,22.89778045643796
98.5,2.5,0,268.5,12.53,2.31,2.22,0,15.73908498564535,0.36119614147909973,1.4523394703843755,1.0911433289052757,0.0,0.6876402795461556,0.8667749999999995,2471416.67,0.09535663532529695,0.06668890728588395,0.8985488060212843,0.0001,1000000.0,-354.76544167265564,-86.26544167265564,0.0,0.0,0.0,0.0,0.0,0.018444404789540972,0.018444404789540972,-86.28388607744517,284.610080003961,22.89778045643796,22.89775358931432
99.5,3.5,0,263.9,11.39,2.26,2.3,0,16.087294830460518,0.3742122186495177,1.347135054358452,0.9729228357089342,0.0,0.7192976874779915,0.8219160000000001,2474108.21,0.08926196572562947,0.06661635756441632,0.898548533450741,0.0001,1000000.0,-352.3519602667897,-88.45196026678974,0.0,0.0,0.0,0.0,0.0,0.016290228895784416,0.016290228895784416,-88.46825049568552,283.41776384332206,22.89775358931432,22.897729885895128
100.5,4.5,0,263.9,11.4,2.27,2.25,0,16.016425690238222,0.3660771704180064,1.3480279711634873,0.9819508007454809,0.0,0.7168614242977465,0.8223377499999996,2474084.5999999996,0.08931394802353776,0.06661699327921852,0.8985482929757921,0.0001,1000000.0,-350.49083097400455,-86.59083097400458,0.0,0.0,0.0,0.0,0.0,0.016506183550118292,0.016506183550118292,-86.6073371575547,283.4567166030117,22.897729885895128,22.897705868017656
101.5,5.5,99,266.0,11.92,2.2,2.45,0,16.52603923492762,0.3986173633440515,1.3951822444362032,0.9965648810921517,0.39732441471571905,0.7129242711870075,0.8435797500000013,2472856.88,0.0920528229393348,0.06665006717672153,0.8985480493100325,3.2206784207621237,310.4935884171154,-347.64366459938077,5.476335400619234,0.0,0.0,0.0,0.0,0.0,53.61036498826802,53.61036498826802,-48.13402958764878,284.4515800596308,22.897705868017656,22.819659574470023
102.5,6.5,301,265.1,11.7,2.29,2.37,0,15.876544243161906,0.3856012861736335,1.3750584263039283,0.9894571401302947,0.7209580838323353,0.714838141190941,0.8347577500000001,2473376.3,0.09088546041182397,0.06663607036681722,0.8977531565507857,5.7933049850083,172.61304257030537,-350.1930572232873,179.7869427767127,0.0,0.0,0.0,0.0,0.0,106.56719963646526,106.56719963646526,73.21974314024743,285.80297417430245,22.819659574470023,22.66455098113092
103.5,7.5,497,271.5,13.27,2.49,2.5,0,14.601319805960145,0.4067524115755627,1.5244300340035506,1.1176776224279878,0.8556671449067432,0.680607832000457,0.8924159999999999,2469669.53,0.09949959308638616,0.06673608560511253,0.8961548566865447,6.986239485148783,143.1385228241576,-356.0216140507058,352.8383859492942,0.0,0.0,0.0,0.0,0.0,159.0371513470381,159.0371513470381,193.8012346022561,288.71108869671303,22.66455098113092,22.432724925905895
104.5,8.5,672,278.5,14.99,2.66,2.24,0,13.668152750692016,0.3644501607717042,1.704248628432921,1.339798467661217,0.9247706422018349,0.6227880091730059,0.9414360000000006,2465608.61,0.10972480904151174,0.06684600163300777,0.8937193338881332,7.2687124773495135,137.57594665027156,-366.8226111473266,503.0373888526734,0.0,0.0,0.0,0.0,0.0,208.7717923937093,208.7717923937093,294.2655964589641,291.38800915069515,22.432724925905895,22.12790020653677
105.5,9.5,815,287.5,17.12,3.12,2.19,0,11.652976383602809,0.35631511254019294,1.9525142529848154,1.5961991404446225,0.9635467980295567,0.5583760461066678,0.9816397500000003,2460579.68,0.12361286444702194,0.06698262141643713,0.8904297539153552,7.054116868058745,141.76118977104423,-381.2860593696844,623.4139406303157,0.0,0.0,0.0,0.0,0.0,246.39095131741624,246.39095131741624,377.0229893128994,293.81606360447404,22.12790020653677,21.767413028676835
106.5,10.5,917,298.6,19.7,3.43,2.56,0,10.599791929108093,0.4165144694533762,2.2952083710657747,1.8786939016123985,0.9851387645478962,0.4903012969481504,0.99995775,2454488.3,0.1424058487581575,0.06714885427256591,0.8864078299706726,6.421950357047069,155.71593431933948,-394.87614384078057,710.6838561592194,0.0,0.0,0.0,0.0,0.0,269.2662596001793,269.2662596001793,441.41759655904013,296.62519440555127,21.767413028676835,21.372479985174184
107.5,11.5,969,300.6,20.14,3.67,2.65,0,9.906617525024732,0.4311575562700965,2.358622690965434,1.9274651346953378,0.9946963216424294,0.4788555187123875,0.9997597500000001,2453449.46,0.14584057666312247,0.06717728645220106,0.8818319359853813,6.298943880930232,158.7567723896469,-409.21585136532775,744.1041486346724,0.0,0.0,0.0,0.0,0.0,272.14381388230305,272.14381388230305,471.9603347523693,297.06246231781506,21.372479985174184,20.973157420780993
108.5,12.5,969,305.8,21.32,3.5,2.73,0,10.387796090525933,0.4441736334405144,2.536311442402894,2.0921378089623794,0.9946963216424294,0.44087746427065777,0.99444975,2450663.48,0.15539975161896216,0.06725365539393358,0.8770177373467027,5.737079802772043,174.30470454965953,-418.23480720545604,740.285192794544,0.0,0.0,0.0,0.0,0.0,270.8698965274736,270.8698965274736,469.41529626707035,298.4035068334386,20.973157420780993,20.575252267561464
109.5,13.5,917,314.2,23.18,4.56,2.47,0,7.973089104570343,0.401871382636656,2.8401701334537575,2.4382987508171015,0.9851387645478962,0.3644029986656384,0.9719437499999997,2446272.02,0.1715408445132016,0.06737438674968699,0.8720255474910729,4.563950754776275,219.1084114905223,-423.2799371759872,697.8800628240128,0.0,0.0,0.0,0.0,0.0,239.54813966852012,239.54813966852012,458.33192315549275,299.2828656432137,20.575252267561464,20.222726752918707
110.5,14.5,815,311.9,22.68,4.28,2.34,0,8.494693064682421,0.38072025723472674,2.7555183414218636,2.374798084187137,0.9635467980295567,0.37809064102706796,0.9796937499999997,2447452.5199999996,0.1670688108276905,0.06734188950493636,0.8674336591627547,4.643940069407696,215.33438956018728,-429.62123318149,599.4787668185099,0.0,0.0,0.0,0.0,0.0,231.0023737753305,231.0023737753305,368.4763930431794,298.3621340143044,20.222726752918707,19.88294138883279
111.5,15.5,672,307.6,21.73,4.61,2.38,0,7.886613083913398,0.3872282958199357,2.600731662842283,2.2135033670223474,0.9247706422018349,0.4135468122847054,0.9909749999999997,2449695.47,0.1588427393032369,0.06728023102823388,0.8628518481229988,4.905111712758834,203.86895519603965,-429.5028273148644,469.4571726851356,0.0,0.0,0.0,0.0,0.0,215.88210393695576,215.88210393695576,253.57506874817986,296.5050276927934,19.88294138883279,19.565687434743126
112.5,16.5,497,304.0,20.91,4.48,2.32,0,8.115465695723385,0.3774662379421222,2.473289900234463,2.0958236622923407,0.8556671449067432,0.4400391953213165,0.9970839999999999,2451631.49,0.15202004709412942,0.06722710074604972,0.8584310131986579,4.834200113062717,206.85945484504325,-421.59170603691575,319.76829396308426,0.0,0.0,0.0,0.0,0.0,191.62984407265546,191.62984407265546,128.1384498904288,294.91459995215774,19.565687434743126,19.28429627074663
113.5,17.5,301,299.3,19.86,4.01,2.51,0,9.066654941855553,0.4083794212218649,2.318093418969982,1.909713997748117,0.7209580838323353,0.4830109462020349,0.99999775,2454110.54,0.14364683247403306,0.06715919046190072,0.854390809708226,4.462865915671781,224.0712624792074,-411.89683903874334,152.28316096125667,0.0,0.0,0.0,0.0,0.0,151.99620007586108,151.99620007586108,0.28696088539558673,293.0320881189494,19.28429627074663,19.061329003643372
114.5,18.5,99,289.3,17.53,3.87,2.25,0,9.394647627090638,0.3660771704180064,2.00377750325159,1.6377003328335837,0.39732441471571905,0.5481851830431912,0.9867750000000005,2459611.67,0.12645043916929335,0.06700898323938186,0.8511077365050119,2.743888632421441,364.4462782432663,-402.31403894737826,-25.89403894737825,0.0,0.0,0.0,0.0,0.0,76.59680045879122,76.59680045879122,-102.49083940616947,289.92722869266555,19.061329003643372,18.949218427402837
115.5,19.5,0,283.9,16.27,4.04,2.28,0,8.999328296247715,0.37095819935691315,1.8498824835886514,1.4789242842317383,0.0,0.5875273684721731,0.968316,2462586.53,0.11790177757457077,0.06692803487819696,0.8494291047222974,0.0001,1000000.0,-388.87818631098094,-104.97818631098096,0.0,0.0,0.0,0.0,0.0,0.025868025640259126,0.025868025640259126,-105.00405433662122,288.6815942684835,18.949218427402837,18.949180611516503
116.5,20.5,0,277.6,14.76,3.35,2.17,0,10.852921288609183,0.35306109324758844,1.6791741295370017,1.3261130362894133,0.0,0.6262962377744679,0.9357377500000001,2466151.64,0.10830782256834223,0.06683128259315717,0.8494285353240345,0.0001,1000000.0,-377.3453173158348,-99.74531731583477,0.0,0.0,0.0,0.0,0.0,0.02296878954209136,0.02296878954209136,-99.76828610537686,287.0609903320243,18.949180611516503,18.949147082498655
117.5,21.5,0,275.0,14.14,3.54,2.18,0,10.27041986351434,0.3546881028938907,1.6131864734107237,1.258498370516833,0.0,0.6437335450746091,0.9190597500000002,2467615.46,0.10456534864489396,0.06679163745003366,0.8494280304718556,0.0001,1000000.0,-369.931010885191,-94.93101088519097,0.0,0.0,0.0,0.0,0.0,0.021950180391222134,0.021950180391222134,-94.95296106558219,286.52732375265657,18.949147082498655,18.949115059417796
118.5,22.5,0,268.8,12.61,3.0,2.1,0,12.119095438946921,0.3416720257234727,1.459985936099666,1.1183139103761934,0.0,0.6804395235551857,0.869679000000001,2471227.79,0.09579731951289956,0.06669400442863183,0.8494275482932478,0.0001,1000000.0,-364.4098572260189,-95.6098572260189,0.0,0.0,0.0,0.0,0.0,0.019227654187589423,0.019227654187589423,-95.62908488020649,284.8498657241211,18.949115059417796,18.94908704922976
119.5,23.5,0,268.2,12.47,3.21,2.3,0,11.326257419576562,0.3742122186495177,1.4466277201667075,1.07241550151719,0.0,0.6926198661842157,0.8645760000000016,2471558.3299999996,0.09502725607600097,0.06668508494008232,0.8494271265363889,0.0001,1000000.0,-358.83990585324926,-90.63990585324927,0.0,0.0,0.0,0.0,0.0,0.018574302691002315,0.018574302691002315,-90.65848015594028,284.81589925800876,18.94908704922976,18.949059994440532
120.5,0.5,0,271.6,13.31,2.41,2.1,0,15.086010919850937,0.3416720257234727,1.528414747299542,1.1867427215760693,0.0,0.6624287919332085,0.8937240000000005,2469575.09,0.09972783258828144,0.06673863768621752,0.8494267191641022,0.0001,1000000.0,-354.5415778401576,-82.94157784015755,0.0,0.0,0.0,0.0,0.0,0.020285601619774076,0.020285601619774076,-82.96186344177733,285.47552678768386,18.949059994440532,18.949030423294417
121.5,1.5,0,263.4,11.26,2.38,2.23,0,15.276170721361666,0.3628231511254019,1.3355743362688723,0.9727511851434705,0.0,0.719344038656717,0.8163877500000002,2474415.14,0.08858853889342165,0.06660809437595747,0.849426273900995,0.0001,1000000.0,-356.1045615378336,-92.70456153783363,0.0,0.0,0.0,0.0,0.0,0.01631247811033421,0.01631247811033421,-92.72087401594396,283.29321728031414,18.949030423294417,18.949006690445287
122.5,2.5,0,265.1,11.69,2.35,2.37,0,15.471185666740748,0.3856012861736335,1.3741497976122083,0.9885485114385748,0.0,0.7150829420182386,0.8343510000000006,2473399.91,0.09083269960767738,0.06663543428786572,0.8494259165462185,0.0001,1000000.0,-352.34485215858496,-87.24485215858493,0.0,0.0,0.0,0.0,0.0,0.016643948424705176,0.016643948424705176,-87.26149610700963,283.7764930634844,18.949006690445287,18.948982465404246
123.5,3.5,0,262.8,11.12,2.21,2.27,0,16.451260776851022,0.3693311897106109,1.3232219105625345,0.9538907208519236,0.0,0.7244437913376802,0.8103397500000008,2474745.6799999997,0.08786815808483912,0.06659919784986473,0.8494255517794416,0.0001,1000000.0,-348.12432905699643,-85.32432905699642,0.0,0.0,0.0,0.0,0.0,0.015993552344939904,0.015993552344939904,-85.34032260934136,283.163220569967,18.948982465404246,18.948959199664696
124.5,4.5,0,263.8,11.37,2.17,1.96,0,16.754509823428926,0.31889389067524115,1.3453507796376623,1.026456888962421,0.0,0.7048963962416065,0.8210710000000009,2474155.4299999997,0.089158078486781,0.06661508617121036,0.8494252014564445,0.0001,1000000.0,-347.80614485787714,-84.00614485787713,0.0,0.0,0.0,0.0,0.0,0.017314718402299506,0.017314718402299506,-84.02345957627944,283.410157963652,18.948959199664696,18.948934006022657
125.5,5.5,65,263.1,11.19,2.25,2.36,0,16.158793918595897,0.3839742765273311,1.3293855162358132,0.9454112397084822,0.2943396226415094,0.7267409952406714,0.8133760000000007,2474580.4099999997,0.08822772171845611,0.0666036458158246,0.8494248221032091,2.2168481649795644,451.0908847062236,-346.9060186868616,-26.60601868686159,0.0,0.0,0.0,0.0,0.0,35.028436091122245,35.028436091122245,-61.634454777983834,283.5606850351588,18.948934006022657,18.897974914364756
126.5,6.5,189,262.8,6.68,2.23,1.61,21,16.303715837148324,0.2619485530546624,0.9800562520793933,0.7181076990247308,0.5830334190231362,0.7893388310799809,0.5676937500000016,2485228.5199999996,0.0674705893406524,0.06631827851807287,0.8486555462588421,3.3257817275660253,300.6811877374317,-347.88024485581764,81.23975514418237,21.0,4.0,17.0,451.17153463757376,3.3464514383187325,44.486225505579355,451.17153463757376,-369.9317794933914,275.00946146277994,18.897974914364756,35.89797491436475
127.5,7.5,303,266.4,7.94,2.36,1.99,5,15.405629795271512,0.32377491961414795,1.0683928860791065,0.7446179664649586,0.7228628230616302,0.7819369466989234,0.6465697500000008,2482253.66,0.07279814730289168,0.06639775774181676,0.9723518618447292,5.3303744052344095,187.6040825608804,-328.17679613390175,204.86320386609822,8.346451438318732,4.0,4.3464514383187325,539.7969486657389,3.2171351999550843,79.27878445010627,539.7969486657389,-334.9337447996407,276.96882288114097,35.89797491436475,40.24442635268348
128.5,8.5,548,274.8,10.25,2.55,2.42,0,14.257759339937556,0.39373633440514466,1.2486863221792912,0.8549499877741465,0.879144385026738,0.7514182039036423,0.7705590000000008,2476799.75,0.0835024940770304,0.06654396552261362,0.9820979855483546,7.498836685369334,133.35401769064504,-312.54134961293596,444.49865038706406,3.2171351999550843,3.2171351999550843,0.0,599.440560994946,2.345855226843893,144.77683239230677,627.775732480431,-183.27708209336691,281.3227756811747,40.24442635268348,40.06584220555847
129.5,9.5,433,279.6,11.58,2.64,2.46,0,13.771699362439682,0.4002443729903537,1.3641896396105238,0.96394526662017,0.8208530805687204,0.7217234222113571,0.82984375,2473659.6199999996,0.09025405115340908,0.066628438220784,0.9817754121987202,7.239956719087576,138.12237266054072,-327.18207791318935,333.4579220868107,2.345855226843893,2.345855226843893,0.0,438.52711509177385,1.70765197463962,142.17011643166254,497.3196038403813,-163.86168175357062,282.9388668302844,40.06584220555847,39.76653879494914
130.5,10.5,652,288.6,13.81,2.84,2.72,0,12.801861379169281,0.4425466237942122,1.5790005458859897,1.1364539220917775,0.9183098591549296,0.6756476687415423,0.9093990000000005,2468394.59,0.1026186313634935,0.066770555177087,0.9812216989928236,8.304670478425841,120.41416966486925,-341.2951925596384,521.0648074403616,1.70765197463962,1.70765197463962,0.0,413.5338975382068,1.1045385027625225,205.76125373948452,531.4529984645527,-10.388191024191087,286.8732670555366,39.76653879494914,39.322344129767245
131.5,11.5,636,285.5,13.54,2.98,2.67,0,12.200431649946564,0.434411575562701,1.5515047485173405,1.1170931729546396,0.9129186602870814,0.6807624418871011,0.9010897500000011,2469032.06,0.10104887411536055,0.0667533159413159,0.9803687738774842,8.235243600204466,121.4293163076769,-355.0076142386391,490.17238576136083,1.1045385027625225,1.1045385027625225,0.0,269.2465442667232,0.7119605467840151,196.60962161600193,411.5654416106139,78.60694415074693,287.4797001174347,39.322344129767245,38.887961475052194
132.5,12.5,805,296.9,16.17,3.51,2.67,0,10.358201229869165,0.434411575562701,1.8381246873386414,1.4037131117759405,0.9611940298507463,0.6064978741880485,0.9665110000000006,2462822.63,0.11724485459864582,0.06692161878113732,0.9794972354433122,8.278308797498859,120.79761995615964,-366.3574796165923,638.9425203834077,0.7119605467840151,0.7119605467840151,0.0,235.5905442608325,0.3675890321617879,252.70948871101726,443.3202365317986,195.62228385160904,290.96625300458396,38.887961475052194,38.355284468867204
133.5,13.5,737,300.0,17.19,3.73,2.54,0,9.747261747142296,0.41326045016077173,1.9611843271875586,1.547923877026787,0.943863393810032,0.5703126680050995,0.9825760000000002,2460414.4099999997,0.12409346877866538,0.06698712074703629,0.9783754891243661,7.762205503617036,128.82936422309606,-376.9923068522401,571.5676931477599,0.3675890321617879,0.3675890321617879,0.0,129.2745033499179,0.1784386962800758,249.70878990681484,356.03574015569836,215.53195299206152,292.0460860526059,38.355284468867204,37.88221728554846
134.5,14.5,414,297.5,17.0,3.28,2.43,0,11.08453851123194,0.395363344051447,1.9377293518704448,1.5423660078189978,0.8091205211726384,0.5716926007390025,0.9799777500000002,2460863.0,0.12279264420686307,0.06697490968429287,0.9773279213398607,6.645437349935672,150.4791855436994,-388.96149087389466,272.85850912610533,0.1784386962800758,0.1784386962800758,0.0,48.632196506484966,0.10729458650096747,188.24454038602974,228.4792093004334,44.37929982567192,290.5648057833684,37.88221728554846,37.562885175443036
135.5,15.5,380,289.9,15.66,3.23,2.65,0,11.256125794687541,0.4311575562700965,1.7791728136093212,1.3480152573392248,0.7862068965517242,0.6206850735432254,0.9565277500000009,2464026.74,0.1139426675538443,0.06688891581201672,0.9765922453342406,6.837703345748554,146.2479358104597,-387.8983420080433,236.40165799195665,0.10729458650096747,0.10729458650096747,0.0,26.129792224671526,0.06911835631573113,167.78134123262998,189.41062604976833,46.99103194218833,289.25451140600126,37.562885175443036,37.29357487061316
136.5,16.5,348,287.5,15.16,3.32,2.44,0,10.950989854470109,0.3969903536977492,1.7229923879460383,1.326002034248289,0.762043795620438,0.6263247219875567,0.945477750000001,2465207.2399999998,0.11078224377807024,0.06685688509109605,0.9759532850689204,6.606190424287368,151.37317209681757,-380.514060551075,213.22593944892503,0.06911835631573113,0.06911835631573113,0.0,16.973506244934367,0.044331546715997955,158.37220806542805,172.60910763346857,40.616831815456464,288.68698080492766,37.29357487061316,37.04586532086504
137.5,17.5,155,287.2,15.26,3.34,2.62,0,10.885415064922384,0.4262765273311897,1.7341023536887146,1.3078258263575249,0.523943661971831,0.630995230757907,0.9477877500000002,2464971.1399999997,0.11140829915313613,0.06686328878090558,0.9753501861460926,4.584305899789255,218.13553062546958,-375.5992306191613,48.000769380838705,0.044331546715997955,0.044331546715997955,0.0,9.639040298457694,0.030254081665251883,102.1280483031058,110.6352150154728,-62.63444563463409,287.8828030416823,37.04586532086504,36.886077402669336
138.5,18.5,69,277.0,12.97,3.36,2.49,0,10.82062092763118,0.40512540192926044,1.4948341934243479,1.0897087914950874,0.30780669144981415,0.6880212407659801,0.8823510000000014,2470377.83,0.09780192216640617,0.06671695121649387,0.974953148256908,2.732727266936609,365.9347978479394,-372.0482493967915,-34.328249396791506,0.030254081665251883,0.030254081665251883,0.0,5.614391352493511,0.02207241462487991,50.44761430671433,55.68044409844473,-90.00869349523623,285.35833244849215,36.886077402669336,36.80554984461487
139.5,19.5,0,271.4,11.79,3.24,2.61,0,11.221384665691593,0.4246495176848874,1.3832598651207253,0.9586103474358378,0.0,0.7231663655032079,0.8383960000000015,2473163.81,0.0913614839361735,0.06664179562388875,0.9747506377867902,0.0001,1000000.0,-363.568798691851,-92.16879869185101,0.02207241462487991,0.02207241462487991,0.0,3.423270829607734,0.017089414737546188,0.016504626924873176,3.4396843822904284,-95.60848307414143,284.09895009921576,36.80554984461487,36.80057058129209
140.5,20.5,0,271.5,11.68,3.05,2.33,0,11.920421743226482,0.37909324758842444,1.3732416964200245,0.9941484488316,0.0,0.71357471783667,0.833943750000001,2473423.52,0.0907799649048842,0.0666347982210576,0.9747380623339063,0.0001,1000000.0,-354.033233242654,-82.53323324265398,0.017089414737546188,0.017089414737546188,0.0,2.6169556051675054,0.013280507729739042,0.017248563084633513,2.634130476290094,-85.16736371894407,284.03520141069464,36.80057058129209,36.79675305652736
141.5,21.5,0,272.4,11.81,2.84,2.18,0,12.801861379169281,0.3546881028938907,1.385088231624996,1.0304001287311053,0.0,0.7038399245600432,0.8391990000000007,2473116.59,0.0914675549391502,0.06664306803684417,0.9747284166856337,0.0001,1000000.0,-350.744039405533,-78.34403940553301,0.013280507729739042,0.013280507729739042,0.0,1.9554398793831642,0.010434065473743585,0.017887752519183547,1.973268242293448,-80.31730764782645,284.15478387558846,36.79675305652736,36.79389019907165
142.5,22.5,0,268.8,10.96,2.7,2.1,0,13.465661598829913,0.3416720257234727,1.3092278818688887,0.9675558561454161,0.0,0.7207474745238218,0.8033077499999998,2475123.44,0.08705098660281789,0.06658903330106963,0.9747211807558405,0.0001,1000000.0,-350.8820049293715,-82.08200492937146,0.010434065473743585,0.010434065473743585,0.0,1.3987158709848773,0.008399671126306288,0.01665910955916543,1.415331524984074,-83.49733645435553,283.2276276879445,36.79389019907165,36.791837007496554
143.5,23.5,0,264.2,10.09,2.69,2.53,0,13.515719820386902,0.41163344051446943,1.2353880433172073,0.8237546028027378,0.0,0.7600001982066947,0.7628309999999996,2477177.51,0.08272010301332097,0.06653381782495596,0.9747159899971075,0.0001,1000000.0,-348.8969034546416,-84.69690345464159,0.008399671126306288,0.008399671126306288,0.0,0.9698667436386168,0.006990195921964141,0.014002935668234675,0.9838402742932475,-85.68074372893483,282.33058890822343,36.791837007496554,36.79041022744873
144.5,0.5,0,264.2,10.03,2.59,2.36,0,14.037562284494506,0.3839742765273311,1.2304333881855989,0.8464591116582678,0.0,0.7537504202473886,0.7598999999999994,2477319.17,0.08242832341224247,0.06653001323621051,0.9747123822676418,0.0001,1000000.0,-344.43121387621443,-80.23121387621444,0.006990195921964141,0.006990195921964141,0.0,0.8038551037912866,0.005822046735257354,0.014456849750933446,0.8182866894891766,-81.04950056570361,282.28688078369953,36.79041022744873,36.78922318456305
145.5,1.5,0,267.7,10.85,2.52,2.43,0,14.427494570174908,0.395363344051447,1.2996825952484532,0.9043192511970062,0.0,0.7379120627361438,0.7983990000000017,2475383.15,0.08649294767705622,0.0665820469733819,0.974709380340802,0.0001,1000000.0,-342.14007229818424,-74.44007229818425,0.005822046735257354,0.005822046735257354,0.0,0.6813824790555848,0.004831098354357167,0.015527405349677718,0.6968872840853567,-75.13695958226961,283.1499785099458,36.78922318456305,36.78821116238644
146.5,2.5,0,260.8,9.24,2.46,2.36,0,14.779384681642586,0.3839742765273311,1.1668076723831962,0.7828333958558651,0.0,0.7713138818599267,0.7196297500000013,2479184.36,0.07866769891726146,0.06647996003428241,0.9747068207444902,0.0001,1000000.0,-344.13529367126625,-83.33529367126624,0.004831098354357167,0.004831098354357167,0.0,0.49461487700710943,0.0041128728016493424,0.013214261973171732,0.507813179130463,-83.84310685039671,281.41548998864675,36.78821116238644,36.78747466230663
147.5,3.5,0,263.0,9.68,2.37,2.19,0,15.340627137907497,0.35631511254019294,1.2018779550560699,0.845562842515877,0.0,0.7539967612398528,0.7424437500000012,2478145.52,0.08074371937697275,0.06650782847103266,0.9747049578330353,0.0001,1000000.0,-342.03340232270637,-79.03340232270637,0.0041128728016493424,0.0041128728016493424,0.0,0.43499981283825484,0.003480948924064576,0.014368758563620791,0.44935379718280316,-79.48275611988917,281.8714084177815,36.78747466230663,36.786822557603614
148.5,4.5,0,265.3,10.28,2.29,2.36,0,15.876544243161906,0.3839742765273311,1.2511937120548535,0.8672194355275225,0.0,0.7480529547308274,0.7719937499999995,2476728.92,0.08364989304563807,0.06654586856054397,0.9747033082776557,0.0001,1000000.0,-338.92764084715134,-73.62764084715133,0.003480948924064576,0.003480948924064576,0.0,0.3586519863295085,0.00295963747154347,0.014767690308406035,0.37340682524399205,-74.00104767239532,282.5070703557724,36.786822557603614,36.78628027187708
149.5,5.5,68,264.2,10.05,2.26,2.4,0,16.087294830460518,0.39048231511254017,1.2320829949437389,0.8416006798311987,0.3044776119402985,0.7550861336733764,0.7608790000000013,2477271.95,0.08252548554241469,0.06653128138411207,0.9747019364369747,2.557587764154429,390.9934251388682,-341.56374414338364,-17.523744143383652,0.00295963747154347,0.00295963747154347,0.0,0.31638852960355773,0.0024998580328860357,36.090021022199004,36.37970620716104,-53.903450350544695,282.52403879792917,36.78628027187708,36.73345198280763
150.5,6.5,200,262.6,9.6,2.34,2.21,0,15.537301844803743,0.3595691318327975,1.195433434793776,0.8358643029609786,0.6,0.756664372517304,0.738367750000002,2478334.4,0.08036282082160458,0.06650275974477779,0.9745679374603003,4.900389877131176,204.065395830388,-343.14377309712904,95.45622690287098,0.0024998580328860357,0.0024998580328860357,0.0,0.3178831118421422,0.002038104686512878,73.21525217102659,73.48737834880136,21.968848554069623,283.0439481305367,36.73345198280763,36.62677177659982
151.5,7.5,366,270.4,11.51,2.45,2.43,0,14.839708700751329,0.395363344051447,1.3578844311046807,0.9625210870532337,0.7759717314487633,0.7221085162920778,0.8269440000000003,2473824.89,0.08988745834806905,0.06662398694291495,0.9742951753637028,6.771833611757166,147.6704918242252,-344.4515626281934,248.02843737180655,0.002038104686512878,0.002038104686512878,0.0,0.3356800519402417,0.0015496108598601476,125.82353980460078,126.09510947000368,121.93332790180287,286.1322227842727,36.62677177659982,36.443367081952324
152.5,8.5,395,274.0,12.36,2.57,2.35,0,14.14680401433493,0.38234726688102894,1.43620739103268,1.053860124151651,0.7966386554621848,0.6975667439497049,0.8604977500000011,2471818.04,0.09442591004037737,0.06667807844400149,0.973819387058704,6.985002375387831,143.16387400576605,-353.38672211725435,268.2132778827457,0.0015496108598601476,0.0015496108598601476,0.0,0.28410217992551184,0.0011358393640700114,141.34336894385893,141.5727143189133,126.64056356383236,286.96786004141484,36.443367081952324,36.23725792709153
153.5,9.5,473,276.1,12.92,2.65,2.32,0,13.71973068560029,0.3774662379421222,1.4899509097664987,1.1124846718243764,0.8433878157503715,0.6819820265057561,0.8806297500000011,2470495.88,0.09752138808797202,0.06671376321842643,0.9732741813643446,7.39469160346239,135.2321440331296,-363.1734623124128,329.1665376875872,0.0011358393640700114,0.0011358393640700114,0.0,0.23018598648245614,0.0008004129591747957,161.99923912260982,162.1834238309061,166.98311385668111,287.92866913149913,36.23725792709153,36.00099178407494
154.5,10.5,613,282.5,14.56,2.84,2.62,0,12.801861379169281,0.4262765273311897,1.6576338109450417,1.231357283613852,0.9047970479704797,0.6507818883688162,0.9305677500000005,2466623.84,0.10708833161691184,0.06681848869603807,0.9726352222582378,7.9942160632331625,125.09043939895243,-367.75002126628476,454.1899787337153,0.0008004129591747957,0.0008004129591747957,0.0,0.19386469604849885,0.0005174703821766767,203.77758004349863,203.9306681855831,250.2593105481322,290.3012766575042,36.00099178407494,35.703417631222564
155.5,11.5,560,287.4,12.43,3.19,2.36,5,11.397268437881117,0.3839742765273311,1.442830853880853,1.058856577353522,0.8842105263157894,0.6962333985291602,0.8631000000000009,2471652.77,0.094808208573484,0.06668253695296286,0.9718086803181739,7.745397001274766,129.1089404242825,-376.38548702369985,403.81451297630014,5.000517470382177,4.0,1.000517470382177,953.8806967533201,2.610658200054552,168.00870884669055,953.8806967533201,-550.0661837770199,280.5684572467616,35.703417631222564,36.70393510160474
156.5,12.5,738,292.5,13.46,3.43,2.43,4,10.599791929108093,0.395363344051447,1.5434389608472148,1.1480756167957678,0.944136460554371,0.672584260459438,0.8985577499999998,2469220.94,0.1005877029595206,0.0667482097290241,0.9744927590463943,8.3406008736284,119.8954386082464,-358.1719370728119,583.7680629271881,6.6106582000545515,4.0,2.6106582000545515,1157.399453955741,2.3125697799077196,209.9833962584935,1157.399453955741,-573.6313910285528,281.7500463977179,36.70393510160474,39.31459330165929
157.5,13.5,485,295.7,14.82,3.56,2.55,0,10.21272087551707,0.41488745980707387,1.6856839094314866,1.2707964496244126,0.8496350364963504,0.6405490386764876,0.9372497500000003,2466009.98,0.10867596330397669,0.06683512171772234,0.9803535521532755,7.500912787473449,133.31710797517917,-336.61052048335864,385.88947951664136,2.3125697799077196,2.3125697799077196,0.0,648.858232768179,1.3653353173912928,187.9607568638518,728.1508980990493,-342.26141858240794,285.18466421525,39.31459330165929,38.8661630616423
158.5,14.5,590,297.2,15.33,3.58,2.43,0,10.155666568949934,0.395363344051447,1.7419166529648429,1.3465533089133959,0.8962025316455696,0.6210590446247541,0.949375,2464805.8699999996,0.11184832406451779,0.06686777209371789,0.9794524939225352,7.763391432079467,128.80968436910882,-347.8680147393188,468.5319852606812,1.3653353173912928,1.3653353173912928,0.0,415.62194889087493,0.7582939944950803,211.92490067598848,555.2097116849711,-86.67772642428992,287.79351753343144,38.8661630616423,38.3320389373209
159.5,15.5,508,296.5,15.72,3.18,2.57,0,11.433108904666906,0.4181414790996784,1.7860211842863394,1.367879705186661,0.8610169491525423,0.6156117333770645,0.957769750000001,2463885.0799999996,0.11432701304664314,0.06689276156111065,0.9783251633295618,7.449964251462611,134.22883201133152,-362.90507247594593,380.6349275240541,0.7582939944950803,0.7582939944950803,0.0,201.4673951742549,0.46392855167689584,199.25153526131015,362.946119789921,17.688807734133093,289.05231114633193,38.3320389373209,37.902267206823666
160.5,16.5,295,287.9,14.35,3.29,2.69,0,11.050846904814822,0.4376655948553055,1.6352776809588365,1.197612086103531,0.7151515151515152,0.6595843090330598,0.9249240000000011,2467119.65,0.10582044753890071,0.0668050603749267,0.9773733331387262,6.396260927027135,156.341339324439,-372.7675642861317,174.7324357138683,0.46392855167689584,0.46392855167689584,0.0,103.14689469313778,0.31341748064096286,137.34932043949547,224.56614730630798,-49.83371159243967,287.07801834885777,37.902267206823666,37.61258780372914
161.5,17.5,174,285.3,13.66,3.2,2.34,0,11.361651974012737,0.38072025723472674,1.5636727883350108,1.182952531100284,0.558288770053476,0.6634217300781076,0.9048277500000013,2468748.74,0.10174400316487071,0.06676097672475896,0.9767082993786936,4.909877233942653,203.67108022311908,-370.9370677749091,67.4829322250909,0.31341748064096286,0.31341748064096286,0.0,63.516767743538786,0.22079551382357843,100.05018270090245,155.72758139449502,-88.24464916940411,286.0253346395785,37.61258780372914,37.40329460469103
162.5,18.5,55,276.8,12.09,3.46,2.58,0,10.507886218740106,0.4197684887459808,1.4109091886099356,0.9911406998639549,0.25882352941176473,0.7143846429933753,0.8502309999999997,2472455.5100000002,0.09296360259131749,0.06666088692144677,0.9762156828426176,2.302023962730738,434.40034343246646,-363.1844706849571,-37.98447068495708,0.22079551382357843,0.22079551382357843,0.0,39.419983905552684,0.16339834672147366,39.10079822640828,76.362461923133,-114.34693260809007,284.2956707860354,37.40329460469103,37.298245020681385
163.5,19.5,0,273.1,11.25,3.15,2.5,0,11.541995656139925,0.4067524115755627,1.3346886720571096,0.9279362604815469,0.0,0.7314838163989781,0.8159590000000008,2474438.75,0.08853691670129776,0.06660745883098461,0.9759645126237356,0.0001,1000000.0,-356.19524499287206,-83.09524499287204,0.16339834672147366,0.16339834672147366,0.0,24.438564842134728,0.12784328057498487,0.016083124854367182,24.453990977986265,-107.5492359708583,283.4237377391498,37.298245020681385,37.264120837977785
164.5,20.5,0,275.1,11.7,2.9,2.55,0,12.53699528166923,0.41488745980707387,1.3750584263039283,0.9601709664968544,0.0,0.7227441506986323,0.8347577500000001,2473376.3,0.09088546041182397,0.06663607036681722,0.9758823533863604,0.0001,1000000.0,-349.72589848142684,-74.62589848142682,0.12784328057498487,0.12784328057498487,0.0,17.985747899484682,0.10166501872370698,0.0166771457291629,18.001892029958686,-92.6277905113855,283.93799077633633,37.264120837977785,37.238756508066665
165.5,21.5,0,269.8,10.35,2.77,2.23,0,13.125374121603164,0.3628231511254019,1.2570615101536242,0.8942383590282224,0.0,0.740662406390728,0.7753240000000018,2476563.65,0.08399468745125319,0.06655030940570335,0.9758211029458405,0.0001,1000000.0,-348.8421628098248,-79.04216280982479,0.10166501872370698,0.10166501872370698,0.0,13.210949817128743,0.0824612242475733,0.015432544357916161,13.225990124008883,-92.26815293383368,282.548038726823,37.238756508066665,37.220019494799836
166.5,22.5,0,267.3,9.77,2.68,2.17,0,13.566151610761477,0.35306109324758844,1.2091645450266586,0.8561034517790702,0.0,0.7511015895866382,0.7469909999999998,2477933.03,0.08117407117613838,0.06651353171171782,0.9757757564447194,0.0001,1000000.0,-346.704265227178,-79.40426522717797,0.0824612242475733,0.0824612242475733,0.0,10.07592173654192,0.06782268567030153,0.014722196707581247,10.090340430658472,-89.49460565783644,281.9655962016553,37.220019494799836,37.205662218199876
167.5,23.5,0,265.2,9.45,2.73,2.36,0,13.317687295546067,0.3839742765273311,1.1834318320195636,0.7994575554922325,0.0,0.7667100457415233,0.7306390000000001,2478688.55,0.07965276903890264,0.06649325796515179,0.9757409520493666,0.0001,1000000.0,-341.89063098327114,-76.69063098327115,0.06782268567030153,0.06782268567030153,0.0,7.969075686449869,0.056248552053869756,0.013756832894327274,7.982599263005893,-84.67323024627704,281.7149753989007,37.205662218199876,37.19426502343806
168.5,0.5,0,265.0,9.28,2.61,2.18,0,13.929994757410254,0.3546881028938907,1.1699582470633887,0.8152701441694981,0.0,0.762340708491473,0.7217437499999995,2479089.92,0.07885452512581155,0.06648249256340731,0.9757132877781839,0.0001,1000000.0,-339.8751885888814,-74.87518858888137,0.056248552053869756,0.056248552053869756,0.0,6.48443470126886,0.04683220747667592,0.014041950692715716,6.498279192112957,-81.37346778099433,281.5402559574462,37.19426502343806,37.184961271287044
169.5,1.5,0,265.4,9.42,2.51,2.26,0,14.484974628223412,0.36770418006430866,1.1810442703473178,0.8133400902830092,0.0,0.7628735122298861,0.7290797500000017,2478759.38,0.07951140329283804,0.06649135793504007,0.9756906815085507,0.0001,1000000.0,-338.85029520783775,-73.45029520783777,0.04683220747667592,0.04683220747667592,0.0,5.142059597521748,0.039364191540785326,0.01396858003972654,5.155864632701831,-78.6061598405396,281.67618188676295,37.184961271287044,37.17756087641381
170.5,2.5,0,262.2,8.87,2.45,2.49,0,14.839708700751329,0.40512540192926044,1.1380168177777927,0.7328914158485322,0.0,0.7852078020555654,0.6996960000000011,2480057.93,0.07695739933743094,0.06645654328341355,0.9756726849947129,0.0001,1000000.0,-338.75687607030574,-76.55687607030575,0.039364191540785326,0.039364191540785326,0.0,3.8183066026857087,0.033821617876117524,0.0124249471197664,3.8306092753058985,-80.38748534561165,281.0825871269314,37.17756087641381,37.172055164925204
171.5,3.5,0,265.1,9.28,2.4,2.15,0,15.14886929868365,0.3498070739549839,1.1699582470633887,0.8201511731084048,0.0,0.7609939008439904,0.7217437499999995,2479089.92,0.07885452512581155,0.06648249256340731,0.9756592873891127,0.0001,1000000.0,-337.6592601967761,-72.55926019677605,0.033821617876117524,0.033821617876117524,0.0,3.5916463343192153,0.028606023758599924,0.01406675635824522,3.6055941505628843,-76.16485434733893,281.5239801895191,37.172055164925204,37.16686358776079
172.5,4.5,0,264.1,9.28,2.32,2.45,0,15.671244102086536,0.3986173633440515,1.1699582470633887,0.7713408837193372,0.0,0.7745027171172051,0.7217437499999995,2479089.92,0.07885452512581155,0.06648249256340731,0.9756466474395572,0.0001,1000000.0,-337.29311401187834,-73.19311401187832,0.028606023758599924,0.028606023758599924,0.0,2.7337184216526156,0.024636266050920883,0.01309525089273484,2.74672002178081,-75.93983403365914,281.4948786296732,37.16686358776079,37.16290347460199
173.5,5.5,63,266.4,9.68,2.35,2.31,0,15.471185666740748,0.37583922829581995,1.2018779550560699,0.8260387267602499,0.2874524714828897,0.7593705704686495,0.7424437500000012,2478145.52,0.08074371937697275,0.06650782847103266,0.9756370013265048,2.3717171084426383,421.63544566098733,-338.2816632081191,-16.44166320811911,0.024636266050920883,0.024636266050920883,0.0,2.7270442066191687,0.020674691129433216,33.26813762007104,35.79028115433353,-52.23194436245264,282.20144735594477,37.16290347460199,37.11123118735233
174.5,6.5,228,263.0,9.1,2.35,2.55,0,15.471185666740748,0.41488745980707387,1.1558393550367974,0.7409518952297235,0.6392523364485981,0.7829589526743207,0.7121677500000021,2479514.9,0.07801678055131549,0.06647109770157784,0.9755107863298856,5.215752277148018,191.72689707318725,-339.9159882151572,123.72401178484282,0.020674691129433216,0.020674691129433216,0.0,2.479953920423999,0.01707405371704001,71.60058680817777,73.71046072436545,50.01355106047737,282.89100733899124,37.11123118735233,37.004764349141325
175.5,7.5,392,274.6,11.57,2.49,2.41,0,14.601319805960145,0.39210932475884247,1.3632873237120555,0.971177998953213,0.7945945945945946,0.7197689017287282,0.8294310000000005,2473683.23,0.09020160287632664,0.06662780228752976,0.9752486645269284,6.939458316359688,144.10346664126683,-343.2958833162344,276.2641166837656,0.01707405371704001,0.01707405371704001,0.0,2.933890382037035,0.01280430517072621,132.36118906777992,134.7300939367683,141.53402274699732,286.3985875725752,37.004764349141325,36.80952593609791
176.5,8.5,464,276.7,12.14,2.6,2.38,0,13.983571660323369,0.3872282958199357,1.415564293531423,1.0283359977114874,0.8385542168674699,0.7043928722621696,0.8521597500000001,2472337.46,0.09323293534302873,0.06666406986788043,0.9747606751685853,7.35963670027875,135.87627225704287,-353.68657503509695,331.33342496490303,0.01280430517072621,0.01280430517072621,0.0,2.452800660943936,0.00923275293634872,151.69701019010515,153.66421714805887,177.66920781684416,287.3039566925415,36.80952593609791,36.586489888844135
177.5,9.5,538,282.3,13.45,2.71,2.26,0,13.41597281064235,0.36770418006430866,1.542433329481442,1.1747291494171335,0.8747967479674796,0.6655779340442558,0.8982390000000001,2469244.55,0.10053018267971678,0.0667475715074143,0.9741914226501603,7.642466490929746,130.84780956342075,-364.7037884040123,391.0362115959877,0.00923275293634872,0.00923275293634872,0.0,2.0478724868182607,0.00624708634753485,181.37194615910133,183.00117805380165,208.03503354218606,288.85997973792973,36.586489888844135,36.32030175579913
178.5,10.5,757,283.5,11.35,3.17,2.07,12,11.469175494271534,0.33679099678456587,1.3435685817174325,1.0067775849328666,0.9492163009404389,0.7101777024305519,0.8202240000000016,2474202.65,0.08905429432149839,0.06661381482653332,0.973495203797185,8.074019022850901,123.8540554796593,-371.0137210519057,578.6462789480943,12.006247086347535,4.0,8.006247086347535,1033.6438884287622,2.4960334601761325,183.88734020125005,1033.6438884287622,-454.99760948066796,280.331806328616,36.32030175579913,44.326548842146664
179.5,11.5,650,291.7,13.38,3.43,2.49,6,10.599791929108093,0.40512540192926044,1.5354099966889685,1.130284594759708,0.9176470588235294,0.6772759514466409,0.8959937500000004,2469409.8200000003,0.10012832379208261,0.06674310429785932,0.9880980649425652,8.253489823275636,121.16086908835868,-353.8390597023458,509.86094029765417,8.496033460176132,4.0,4.4960334601761325,1102.134861136757,2.39326568317756,197.80505495964402,1102.134861136757,-592.2739208391029,281.5114520775195,44.326548842146664,48.8225823023228
180.5,12.5,750,299.6,14.83,3.32,2.49,3,10.950989854470109,0.40512540192926044,1.6867710217009872,1.2816456197717268,0.9473684210526315,0.637744489129001,0.9375,2465986.37,0.10873742336371565,0.06683576161469944,0.9924079803409372,8.431763216255929,118.59915587668075,-335.4739983370654,624.1260016629346,5.39326568317756,4.0,1.3932656831775603,1217.0987115508854,2.223203739125619,237.59053280042917,1217.0987115508854,-592.9727098879507,282.78837058888064,48.8225823023228,50.21584798550036
181.5,13.5,519,293.3,14.4,3.43,2.55,0,10.599791929108093,0.41488745980707387,1.6405764392484408,1.225688979441367,0.8662030598052851,0.6522574393236568,0.9262877499999997,2467001.5999999996,0.10612116113471871,0.06680825710466423,0.9933953689155601,7.798266366631314,128.23362949988316,-341.3812616913267,408.63873830867334,2.223203739125619,2.223203739125619,0.0,602.4485857739562,1.3440738233662444,191.04259533380787,687.3095280381681,-278.67078972949474,285.19931292558294,50.21584798550036,49.77033222274877
182.5,14.5,677,301.0,16.42,3.71,2.81,0,9.799807632571634,0.4571897106109325,1.8676427463291383,1.4104530357182057,0.9263397947548461,0.6047890955878782,0.9709297500000005,2462232.38,0.11889301872757066,0.06693766133090087,0.9930944691795084,8.102963902486946,123.41163209342226,-350.42033641444885,546.3396635855511,1.3440738233662444,1.3440738233662444,0.0,441.7191386970079,0.698241645938203,237.44976746818566,599.3814019605961,-53.04173837504504,289.17282262893553,49.77033222274877,49.188453155863485
183.5,15.5,465,294.6,15.5,3.62,2.64,0,10.043449258795789,0.42953054662379425,1.761022898120093,1.3314923514962989,0.8390977443609022,0.624916413850406,0.9531277500000003,2464404.5,0.11292310671892747,0.06687866264260516,0.9926807302256494,7.44194489871928,134.37347543007135,-366.50915302997333,337.2908469700267,0.698241645938203,0.698241645938203,0.0,197.347272590336,0.40995691779182547,189.1638839829942,353.4906311472429,-16.199784177216202,288.5394197301846,49.188453155863485,48.762213640383905
184.5,16.5,336,289.8,14.68,3.59,2.5,0,10.127377804133918,0.4067524115755627,1.6705287237498265,1.2637763121742638,0.7522388059701492,0.6423661529395439,0.9336937500000007,2466340.5199999996,0.10781861738571726,0.06682616444643177,0.9923620097144654,6.715900046191695,148.90036973779235,-375.0041700831539,210.47582991684612,0.40995691779182547,0.40995691779182547,0.0,104.56264613805916,0.25733179443821286,153.97685061600478,242.75852798160653,-32.28269806476041,287.58760697931876,48.762213640383905,48.44418690795822
185.5,17.5,189,290.3,14.96,3.79,2.6,0,9.59295153478648,0.42302250803858527,1.7009595332833891,1.277937025244804,0.5830334190231362,0.6387026710191844,0.9407077499999998,2465679.44,0.10953909611045158,0.0668440813905712,0.9921151973608916,5.213150519885905,191.82258332757408,-370.9085027459805,85.71149725401949,0.25733179443821286,0.25733179443821286,0.0,63.96518624579589,0.16393982030354382,115.9111819958429,172.41946012702766,-86.70796287300817,287.4624302076896,48.44418690795822,48.20864211698823
186.5,18.5,50,283.6,13.61,3.32,2.59,0,10.950989854470109,0.42139549839228296,1.5585926323859154,1.1371971339936324,0.24,0.6754516089736582,0.9032790000000008,2468866.79,0.10145387329942024,0.06675778451798042,0.9919272703693701,2.1787052759188734,458.9881940678038,-368.1368979499765,-40.53689794997649,0.16393982030354382,0.16393982030354382,0.0,30.523695745717113,0.11943142271414547,42.23421199605484,71.0269404604482,-111.5638384104247,285.79946687970346,48.20864211698823,48.10931830689826
187.5,19.5,0,277.4,12.34,3.45,2.61,0,10.538343859953843,0.4246495176848874,1.434319884119691,1.0096703664348035,0.0,0.7094004482327906,0.8597497499999998,2471865.26,0.09431692332556531,0.06667680469380359,0.9918466894250316,0.0001,1000000.0,-363.59752219604735,-86.19752219604737,0.11943142271414547,0.11943142271414547,0.0,20.631919678460605,0.08938329992833546,0.01758233362116397,20.648977041302015,-106.84649923734939,284.6063128522737,48.10931830689826,48.080143256186304
188.5,20.5,0,272.2,11.18,3.03,2.55,0,11.999104394996952,0.41488745980707387,1.3285034594497944,0.9136159996427206,0.0,0.735379077810945,0.812943750000001,2474604.0199999996,0.0881762788200627,0.06660301035574089,0.9918228673664913,0.0001,1000000.0,-356.3967643879309,-84.1967643879309,0.08938329992833546,0.08938329992833546,0.0,12.624764256390892,0.07101706801580215,0.01575370086815002,12.640165927816621,-96.83693031574752,283.4174432088944,48.080143256186304,48.06216552754263
189.5,21.5,0,272.5,11.11,2.99,2.34,0,12.159627530715975,0.38072025723472674,1.3223434486688472,0.9416231914341204,0.0,0.72776811068801,0.8099040000000012,2474769.2899999996,0.08781689397545217,0.06659856247465316,0.9918081535172178,0.0001,1000000.0,-350.48068856538737,-77.98068856538737,0.07101706801580215,0.07101706801580215,0.0,10.306511752861677,0.05602438063268773,0.016366013248130497,10.322587199540811,-88.30327576492817,283.41824754368525,48.06216552754263,48.04741605486398
190.5,22.5,0,267.0,9.85,2.75,2.26,0,13.220831387942097,0.36770418006430866,1.215674099093126,0.8479699190288175,0.0,0.7533352415461301,0.7509990000000019,2477744.15,0.0815582480755405,0.06651860208020995,0.9917960620606909,0.0001,1000000.0,-347.54851124534395,-80.54851124534395,0.05602438063268773,0.05602438063268773,0.0,6.937654068390025,0.045944423569241895,0.014577585830621563,6.952027479166327,-87.50053872451028,282.0915576619148,48.04741605486398,48.03745668751174
191.5,23.5,0,268.4,10.14,2.7,2.21,0,13.465661598829913,0.3595691318327975,1.2395303143174685,0.879961182484671,0.0,0.7445642189481225,0.7652597500000001,2477059.46,0.08296392544415543,0.06653698864799072,0.9917878873874707,0.0001,1000000.0,-344.31946948315584,-75.91946948315586,0.045944423569241895,0.045944423569241895,0.0,5.771831793055338,0.03755601190995972,0.015203238665185595,5.786860405711309,-81.70632988886717,282.42698345190104,48.03745668751174,48.02914303528657
