Total Hour, Hour,SW_in,LW_down,Ta,um,q,p,ra,e,esat(T),D,Tk,gR,gD,gT,gSM,SMlast,gs,rs,Lu,Rn,lambda,delta,psyc,Cinterim,Cactual,Dcanopy,C/S,lambda*EI (C=Cactual),Cfinal,lambda*ET,lambda*Etotal,H,Tsurface,SMnew
0.5,0.5,0.0,269.13079387712315,12.69684511029523,2.429278260564434,0.002443526019632391,0,24.582643849561617,0.39756404049324434,1.4683266562373942,1.0707626157441499,285.8468451102952,0.0001,0.6930599959727758,1.3576577444852405,0.9816550215888635,40.0,0.0013855151679885165,721.7531955653684,-350.0,,,,,0.0,,,,,,,,,,
1.5,1.5,0.0,271.0083791434097,13.159340491112538,2.393032022619594,0.0020294748768538806,0,24.954986697405783,0.33019752015693365,1.5134538395705954,1.1832563194136618,286.3093404911125,0.0001,0.6633421247712207,1.3345329754443753,0.9816550215888635,40.0,0.0013035180176847458,767.1547200982754,-350.0,,,,,,,,,,,,,,,
2.5,2.5,0.0,265.3830894145385,11.766408901132301,2.329627036827709,0.002357536563381216,0,25.634181500682235,0.38357347301314965,1.3811059319616334,0.9975324589484837,284.9164089011323,0.0001,0.712663884229276,1.4041795549433858,0.9816550215888635,40.0,0.0014735251321531969,678.6446855770586,,,,,,,,,,,,,,,,
3.5,3.5,0.0,265.0976441601468,11.69513894648815,2.306167636287055,0.0021932738407348766,0,25.89494421449975,0.35684776958580305,1.3746166711316676,1.0177689015458646,284.84513894648813,0.0001,0.7072261644275433,1.4077430526755932,0.9816550215888635,40.0,0.0014659928890427105,682.1315488460502,,,,,,,,,,,,,,,,
4.5,4.5,0.0,265.21156543289123,11.723589701440986,2.213614467920855,0.0021449197256135657,0,26.977634613595757,0.34898050841172484,1.3772039456396203,1.0282234372278956,284.87358970144095,0.0001,0.7044230300714662,1.4063205149279527,0.9816550215888635,40.0,0.00145870680801101,685.5387213579469,,,,,,,,,,,,,,,,
5.5,5.5,98.94292650391611,261.0616766418051,10.681224898243343,2.2298279453050136,0.0022647485352766663,0,26.78147541234143,0.368476771334403,1.2851559867081117,0.9166792153737087,283.8312248982433,0.3971711697387962,0.7345451957743364,1.4584387550878348,0.9816550215888635,40.0,6.265194910662509,0.15961195369965842,,,,,,,,,,,,,,,,
6.5,6.5,301.35921120210173,264.8531205312383,11.634040516629534,2.3044257112457203,0.0022261026557568978,0,25.91451831122635,0.36218904945755315,1.3690748861784603,1.0068858367209073,284.7840405166295,0.7213013052566533,0.7101486108022755,1.4107979741685257,0.9816550215888635,40.0,10.640963141108909,0.0939764555838682,,,,,,,,,,,,,,,,
7.5,7.5,496.87832926664043,277.2756261942965,14.685925119656481,2.488462563738112,0.0024931712948481673,0,23.997982996067616,0.4056413746601842,1.671167695765439,1.265526321105255,287.83592511965645,0.8556070264768257,0.6419129999394806,1.2582037440171774,0.9816550215888635,40.0,10.175403460648425,0.09827620141720407,,,,,,,,,,,,,,,,
8.5,8.5,672.1759755206294,279.831242576854,15.301002303447607,2.671194253029934,0.002143981003194883,0,22.356323289929154,0.34882777736868514,1.7386758200532408,1.3898480426845556,288.4510023034476,0.924826174148243,0.6100185249491691,1.227449884827621,0.9816550215888635,40.0,10.196639316877091,0.09807152816956445,,,,,,,,,,,,,,,,
9.5,9.5,815.3059047139755,288.53636638788475,17.36500894135059,3.091049369597625,0.002298907857502239,0,19.319679225541382,0.37403452601161835,1.9830083097039912,1.608973783692373,290.5150089413506,0.9636180397595431,0.5552321845020192,1.1242495529324712,0.9816550215888635,40.0,8.85711797267034,0.11290354301315794,,,,,,,,,,,,,,,,
10.5,10.5,916.5140484190015,295.69369498004824,19.027323198928393,3.290883037358367,0.0026948602612739637,0,18.146522259531434,0.43845636405293426,2.2011418114639754,1.7626854474110412,292.1773231989284,0.9850452483425146,0.517889707388589,1.0411338400535812,0.9816550215888635,40.0,7.820781894431459,0.12786445313249542,,,,,,,,,,,,,,,,
11.5,11.5,968.9032386939596,301.1623699719542,20.277218744483385,3.2794186814697035,0.002670518137046355,0,18.209959779876225,0.43449587695995356,2.3787099798668274,1.9442141029068738,293.42721874448335,0.9946793266924668,0.4749456714884874,0.9786390627758323,0.9816550215888635,40.0,6.80768926213922,0.1468927210825372,,,,,,,,,,,,,,,,
12.5,12.5,968.9032386939596,306.7354897278417,21.533593608854883,3.8753851469743967,0.0025851455749109358,0,15.409586409124092,0.42060567874756705,2.569695629657963,2.149089950910396,294.68359360885484,0.9946793266924668,0.4279825497954854,0.9158203195572582,0.9816550215888635,40.0,5.74076250117055,0.1741928881043413,,,,,,,,,,,,,,,,
13.5,13.5,916.5140484190015,314.90168678834135,23.343971996674878,4.46956341109693,0.0025964207964757975,0,13.361054939431297,0.42244016817258956,2.8684210860477264,2.445980917875137,296.4939719966749,0.9850452483425146,0.36275748857390966,0.8253014001662563,0.9816550215888635,40.0,4.3424547381444984,0.23028449582120303,,,,,,,,,,,,,,,,
14.5,14.5,815.3059047139755,312.54902421933116,22.826052683540077,3.651549921518903,0.0023682714644228126,0,16.354173864367606,0.3853200517678274,2.7800147517139036,2.394694699946076,295.97605268354005,0.9636180397595431,0.3737854185296014,0.8511973658229977,0.9816550215888635,40.0,4.514479650512177,0.22150947117162173,,,,,,,,,,,,,,,,
15.5,15.5,672.1759755206294,313.851171753007,23.11306962286515,4.781854735309562,0.0023336989490540935,0,12.488476876968969,0.3796950701676435,2.828708598922256,2.4490135287546124,296.26306962286515,0.924826174148243,0.3621085246887732,0.8368465188567428,0.9816550215888635,40.0,4.126623309562042,0.24232887883971407,,,,,,,,,,,,,,,,
16.5,16.5,496.87832926664043,304.3749039473812,21.00354305702307,4.00620264531068,0.0025278016775938496,0,14.906405785747992,0.4112757713384206,2.4875466965330943,2.076270925194674,294.15354305702306,0.8556070264768257,0.4444919441066013,0.9423228471488472,0.9816550215888635,40.0,5.277012334568936,0.18950116781974266,,,,,,,,,,,,,,,,
17.5,17.5,301.35921120210173,301.016300991639,20.24405604954603,4.593790565105756,0.0024109986489172517,0,12.99973985417492,0.39227180590100624,2.3738416767668085,1.9815698708658023,293.394056049546,0.7213013052566533,0.46626381355353785,0.9802971975226996,0.9816550215888635,40.0,4.854632311897574,0.20598882381869224,,,,,,,,,,,,,,,,
18.5,18.5,98.94292650391611,286.9111021555001,16.983234973123995,3.63231946358631,0.002202182028487658,0,16.440757177227017,0.35829714032628773,1.9356716016336275,1.5773744613073397,290.133234973124,0.3971711697387962,0.5630201340111545,1.1433382513438004,0.9816550215888635,40.0,3.764666650240379,0.2656277681149136,,,,,,,,,,,,,,,,
19.5,19.5,0.0,278.904946614216,15.078553143225541,3.5097601594073122,0.002243280957156949,0,17.01486129497308,0.36498397566605023,1.7139898351466933,1.349005859480643,288.2285531432255,0.0001,0.6204317205087916,1.2385723428387252,0.9816550215888635,40.0,0.0011315285683153574,883.7602761447024,,,,,,,,,,,,,,,,
20.5,20.5,0.0,274.0283627743941,13.898220659485103,3.847658285607648,0.002475947558665807,0,15.520630434962586,0.40283905616877763,1.588076813570444,1.1852377574016664,287.0482206594851,0.0001,0.6628229907675286,1.2975889670257459,0.9816550215888635,40.0,0.0012664407019643388,789.6145460651489,,,,,,,,,,,,,,,,
21.5,21.5,0.0,276.19628197022314,14.424874646126078,3.507025565728604,0.002078406146473044,0,17.028128586947233,0.33815868492455314,1.6432181394554763,1.305059454530923,287.57487464612603,0.0001,0.6317071708763571,1.2712562676936985,0.9816550215888635,40.0,0.0011824943261525638,845.6700196217105,,,,,,,,,,,,,,,,
22.5,22.5,0.0,272.6487277091141,13.561435835999358,2.9862392390242243,0.002035323531224657,0,19.997755541666294,0.33114910186484775,1.553672233502556,1.222523131637708,286.71143583599934,0.0001,0.6530820919276197,1.3144282082000331,0.9816550215888635,40.0,0.0012640224792247856,791.125170980576,,,,,,,,,,,,,,,,
23.5,23.5,0.0,269.7788904482391,12.856759928793041,3.0955206198304084,0.0021927205314559695,0,19.291773380017013,0.35675774563238605,1.4837945875204455,1.1270368418880594,286.00675992879303,0.0001,0.6781337183568529,1.3496620035603484,0.9816550215888635,40.0,0.0013476915711324027,742.0095379536627,,,,,,,,,,,,,,,,
24.5,0.5,0.0,265.69332199518436,11.843802584848534,2.411089447796404,0.0024674783248215264,0,24.768090767232586,0.4014611036526342,1.3881832336976825,0.9867221300450483,284.99380258484854,0.0001,0.7155750967526623,1.4003098707575732,0.9816550215888635,40.0,0.0014754670648958687,677.7514888619863,,,,,,,,,,,,,,,,
25.5,1.5,0.0,270.9902069554572,13.154875768886653,2.3352274165732876,0.0020462589950241963,0,25.572705196553546,0.3329283123737117,1.513012448403007,1.1800841360292953,286.30487576888663,0.0001,0.6641735430330585,1.3347562115556684,0.9816550215888635,40.0,0.0013053701395005933,766.0662441555302,,,,,,,,,,,,,,,,
26.5,2.5,0.0,265.71515689178,11.849247180343216,2.238834361221276,0.0023051170087528268,0,26.67373849772523,0.3750447609096239,1.388682314516983,1.0136375536073592,284.9992471803432,0.0001,0.7083350317541199,1.4000376409828392,0.9816550215888635,40.0,0.0014602546058240485,684.8120841472585,,,,,,,,,,,,,,,,
27.5,3.5,0.0,262.49325954707354,11.04220341783844,2.207183468369386,0.0023784680667895777,0,27.056238480735047,0.3869790488088509,1.3164012807508754,0.9294222319420244,284.1922034178384,0.0001,0.7310800628131323,1.4403898291080794,0.9816550215888635,40.0,0.0015505834281201514,644.918539605669,,,,,,,,,,,,,,,,
28.5,4.5,0.0,260.0215370274312,10.418017833014291,2.3048536602262777,0.002301629722466132,0,25.909706686139565,0.3744773760668369,1.2627863126709666,0.8883089366041297,283.56801783301427,0.0001,0.7422819190326966,1.4715991083492865,0.9816550215888635,40.0,0.001608453645907118,621.7151501658793,,,,,,,,,,,,,,,,
29.5,5.5,98.94292650391611,266.9568321226208,12.158311932977485,2.1916861393803444,0.0023609256664384654,0,27.247552109729604,0.38412488334979533,1.4172725446034122,1.0331476612536168,285.30831193297746,0.3971711697387962,0.7031041557042621,1.384584403351127,0.9816550215888635,40.0,5.693337999646484,0.1756438841435539,,,,,,,,,,,,,,,,
30.5,6.5,301.35921120210173,269.03431915514886,12.673015731416598,2.293972694349259,0.002220462885974997,0,26.03260380476259,0.36127145347374545,1.466033896575822,1.1047624431020764,285.8230157314166,0.7213013052566533,0.684027431025751,1.3588492134291699,0.9816550215888635,40.0,9.872147947708736,0.1012950783656047,,,,,,,,,,,,,,,,
31.5,7.5,496.87832926664043,272.2773912659175,13.470570081256357,2.4859950467857805,0.0022906948243341246,0,24.021802605017,0.3726982575926261,1.5445025468806344,1.1718042892880083,286.62057008125635,0.8556070264768257,0.6663454637440632,1.3189714959371825,0.9816550215888635,40.0,11.072848292859177,0.09031099980344667,,,,,,,,,,,,,,,,
32.5,8.5,672.1759755206294,279.5161695717117,15.225399858622021,2.674098349288928,0.00244533603741131,0,22.332044110052166,0.39785853213187233,1.730251204471361,1.3323926723394885,288.375399858622,0.924826174148243,0.6246855840245523,1.231230007068899,0.9816550215888635,40.0,10.47396068230882,0.0954748667033917,,,,,,,,,,,,,,,,
33.5,9.5,815.3059047139755,284.9939442423784,16.53080450201015,2.844240141791068,0.00229254838729026,0,20.996146356802523,0.37299983407359216,1.880857962005593,1.5078581279320007,289.6808045020101,0.9636180397595431,0.5802866412703171,1.165959774899494,0.9816550215888635,40.0,9.600220627399805,0.10416427276118209,,,,,,,,,,,,,,,,
34.5,10.5,916.5140484190015,295.6386407316782,19.014652430408887,3.2511319692809,0.0026282470832714195,0,18.368396870751063,0.42761833573483543,2.1994028053570327,1.7717844696221974,292.16465243040886,0.9850452483425146,0.5157073517550792,1.0417673784795567,0.9816550215888635,40.0,7.792564551967852,0.12832745796728376,,,,,,,,,,,,,,,,
35.5,11.5,968.9032386939596,306.82300695831015,21.553185999255252,3.557649201413313,0.0026890238135408714,0,16.785826513534385,0.4375067683767463,2.5727770098544327,2.1352702414776865,294.70318599925525,0.9946793266924668,0.4311002369450136,0.9148407000372373,0.9816550215888635,40.0,5.776396316712099,0.17311831549833753,,,,,,,,,,,,,,,,
36.5,12.5,968.9032386939596,304.80715998141864,21.100832702472907,4.249976307194474,0.00269289315368506,0,14.051391813607447,0.4381363137506882,2.502450648830812,2.0643143350801236,294.2508327024729,0.9946793266924668,0.44722197893673055,0.9374583648763548,0.9816550215888635,40.0,6.140565537665388,0.16285144973474136,,,,,,,,,,,,,,,,
37.5,13.5,916.5140484190015,312.27562660655417,22.76567701408462,4.167542170606992,0.0023816635876860526,0,14.32932885769462,0.3874989631412034,2.7698654007471992,2.3823664376059956,295.9156770140846,0.9850452483425146,0.37645123067255754,0.854216149295769,0.9816550215888635,40.0,4.664260854843979,0.21439624221734277,,,,,,,,,,,,,,,,
38.5,14.5,815.3059047139755,307.9907934177501,21.814216893936297,4.560704240854497,0.0024620539877522303,0,13.094048448918757,0.40057855877898024,2.6141395585591485,2.213560999780168,294.9642168939363,0.9636180397595431,0.41353396676269616,0.9017891553031859,0.9816550215888635,40.0,5.291408236185055,0.18898560749131874,,,,,,,,,,,,,,,,
39.5,15.5,672.1759755206294,308.66369860603356,21.964291912152447,3.916111344874105,0.0025416161896225768,0,15.249332062303207,0.4135234057713903,2.6381822359655427,2.2246588301941523,295.11429191215245,0.924826174148243,0.4110627704348507,0.8942854043923774,0.9816550215888635,40.0,5.006042723554541,0.19975858282127285,,,,,,,,,,,,,,,,
40.5,16.5,496.87832926664043,303.51349994824284,20.8093538806747,4.465188770432687,0.0023426340050028624,0,13.37414504989701,0.38114881238953324,2.4580303359552094,2.0768815235656763,293.95935388067466,0.8556070264768257,0.44435267266097866,0.9520323059662673,0.9816550215888635,40.0,5.329714880789814,0.1876272975885362,,,,,,,,,,,,,,,,
41.5,17.5,301.35921120210173,295.9653544924746,19.089819907087158,4.00839556684887,0.002470877757681094,0,14.898250757692646,0.4020141946580816,2.209736815821144,1.8077226211630624,292.2398199070871,0.7213013052566533,0.5071185157291682,1.0380090046456445,0.9816550215888635,40.0,5.590845080053783,0.17886383644713336,,,,,,,,,,,,,,,,
42.5,18.5,98.94292650391611,292.47416227404483,18.28335296152627,3.524443434701774,0.0026507409301951604,0,16.943975239594437,0.4312781063275727,2.10104977018532,1.6697716638577473,291.4333529615262,0.3971711697387962,0.5403547099746947,1.0783323519236887,0.9816550215888635,40.0,3.4076850103215763,0.2934543530200381,,,,,,,,,,,,,,,,
43.5,19.5,0.0,279.9411917873236,15.327369826055989,3.8223772348328646,0.002209920488585735,0,15.623283266427581,0.3595561952489974,1.7416224819210897,1.3820662866720923,288.47736982605596,0.0001,0.6119976871860239,1.2261315086972018,0.9816550215888635,40.0,0.0011049356484376682,905.0300815381939,,,,,,,,,,,,,,,,
44.5,20.5,0.0,277.7170815652063,14.792476050186812,3.4967227311988336,0.0022650030131659187,0,17.078300706577323,0.3685181751324614,1.68269491937634,1.3141767442438788,287.94247605018677,0.0001,0.6293618893042466,1.2528761974906615,0.9816550215888635,40.0,0.0011610709280461926,861.2738256075046,,,,,,,,,,,,,,,,
45.5,21.5,0.0,270.5389254484087,13.04392838310694,3.352931671597327,0.002515476704623529,0,17.810706611414037,0.4092704863471079,1.5020802033265352,1.0928097169794273,286.19392838310694,0.0001,0.6871978453602843,1.3403035808446533,0.9816550215888635,40.0,0.0013562355330597677,737.3350539960608,,,,,,,,,,,,,,,,
46.5,22.5,0.0,271.19695242752493,13.205657785012761,3.216158519794919,0.002221848649734662,0,18.568140196878726,0.36149691857419264,1.5180395304704244,1.1565426118962319,286.35565778501274,0.0001,0.6703556435973602,1.3322171107493632,0.9816550215888635,40.0,0.0013150141588009678,760.4480859063918,,,,,,,,,,,,,,,,
47.5,23.5,0.0,269.1887779309227,12.711164163002934,3.027559771396015,0.0020398191109232675,0,19.724823554318096,0.3318805370183837,1.469705887229737,1.1378253502113533,285.8611641630029,0.0001,0.6752859015092028,1.3569417918498545,0.9816550215888635,40.0,0.0013492705851336384,741.1411847394235,,,,,,,,,,,,,,,,
48.5,0.5,0.0,269.4312808439805,12.771024743809054,2.436243468225368,0.0024133223142253734,0,24.512362196065098,0.39264986848811545,1.4754840661216853,1.0828341976335698,285.921024743809,0.0001,0.6898479694182241,1.3539487628095486,0.9816550215888635,40.0,0.0013753263748684365,727.1001402090176,,,,,,,,,,,,,,,,
49.5,1.5,0.0,270.2339248349845,12.968865468641798,2.399144936881654,0.0019896238081950506,0,24.89140250465986,0.32371371284459666,1.494723233062109,1.1710095202175124,286.1188654686418,0.0001,0.6665540799255846,1.3440567265679106,0.9816550215888635,40.0,0.0013191772145105041,758.0482659951502,,,,,,,,,,,,,,,,
50.5,2.5,0.0,266.6130069227198,12.072838700492092,2.3537394932111977,0.0023101744263735215,0,25.37157678799232,0.37586760763504884,1.409314537856278,1.033446930221229,285.22283870049205,0.0001,0.7030240310161726,1.3888580649753977,0.9816550215888635,40.0,0.0014377328212590594,695.5395225131429,,,,,,,,,,,,,,,,
51.5,3.5,0.0,264.6069464952386,11.57248695346099,2.2053008499927875,0.0022135677700360953,0,27.079335815398316,0.36014961145924895,1.3635116764779582,1.0033620650187092,284.722486953461,0.0001,0.7110958192761098,1.4138756523269507,0.9816550215888635,40.0,0.0014804355067615073,675.476908945211,,,,,,,,,,,,,,,,
52.5,4.5,0.0,263.40855743133085,11.272225792250687,2.2234237489960123,0.0020329185791369254,0,26.858614925699047,0.3307578138402843,1.336657832523505,1.0059000186832208,284.4222257922507,0.0001,0.7104135563684024,1.4288887103874657,0.9816550215888635,40.0,0.0014947198316544144,669.0216981286459,,,,,,,,,,,,,,,,
53.5,5.5,98.94292650391611,268.074486960634,12.435586191483255,2.2453594917737276,0.0020143520646349433,0,26.59622323718131,0.32773702402099075,1.4433605781589256,1.115623554137935,285.58558619148323,0.3971711697387962,0.6811512712560538,1.3707206904258384,0.9816550215888635,40.0,5.460349071486629,0.1831384746484241,,,,,,,,,,,,,,,,
54.5,6.5,301.35921120210173,267.9357275612061,12.401209153201679,2.260071552614055,0.002247545613063168,0,26.42309365022829,0.36567783929580805,1.4401033978095383,1.0744255585137303,285.5512091532017,0.7213013052566533,0.6920847688712481,1.372439542339916,0.9816550215888635,40.0,10.088332405057178,0.09912441024432445,,,,,,,,,,,,,,,,
55.5,7.5,496.87832926664043,276.95175650995805,14.60767406755427,2.49193905613823,0.002157301727100465,0,23.964503523406158,0.35099507199769625,1.6627462618000952,1.311751189802399,287.75767406755426,0.8556070264768257,0.6299855172256756,1.2621162966222867,0.9816550215888635,40.0,10.017386582770559,0.09982643594088239,,,,,,,,,,,,,,,,
56.5,8.5,672.1759755206294,285.4967635568821,16.64968522388355,2.675134421613198,0.002352553856774757,0,22.323394969784722,0.38276278184180934,1.8951274288457813,1.512364647003972,289.79968522388356,0.924826174148243,0.579161743054422,1.160015738805822,0.9816550215888635,40.0,9.14900810379542,0.10930146619775699,,,,,,,,,,,,,,,,
57.5,9.5,815.3059047139755,285.3265165499953,16.609451607053543,2.8367384928688355,0.0022030475518719913,0,21.05166988111909,0.3584379618158288,1.8902875346555352,1.5318495728397064,289.7594516070535,0.9636180397595431,0.5743068803005849,1.1620274196473246,0.9816550215888635,40.0,9.469247512839306,0.10560501229312096,,,,,,,,,,,,,,,,
58.5,10.5,916.5140484190015,297.7971779755203,19.51012124625015,3.158289178444259,0.0026710642342164144,0,18.908364281055018,0.4345847274963041,2.268306306274572,1.8337215787782677,292.6601212462501,0.9850452483425146,0.500935637056136,1.0169939376874937,0.9816550215888635,40.0,7.38935659150288,0.13532977974698276,,,,,,,,,,,,,,,,
59.5,11.5,968.9032386939596,302.6545605543676,20.615308296292266,3.395745487015724,0.002740797583566191,0,17.58614787806725,0.44593041070240924,2.4288420351427473,1.9829116244403382,293.76530829629223,0.9946793266924668,0.465952962993288,0.9617345851853885,0.9816550215888635,40.0,6.5634254263001,0.1523594670540372,,,,,,,,,,,,,,,,
60.5,12.5,968.9032386939596,305.38925105790725,21.231682974752307,3.793873037256316,0.0025872752341493436,0,15.74066440929859,0.42095217635998966,2.522618831568534,2.1016666552085446,294.38168297475227,0.9946793266924668,0.4387113887136708,0.9309158512623867,0.9816550215888635,40.0,5.981671753219245,0.16717734460467765,,,,,,,,,,,,,,,,
61.5,13.5,916.5140484190015,313.5318734009459,23.042773243408593,3.568117701843538,0.0025008982365817647,0,16.736578577574253,0.406898555533882,2.8167141431005924,2.4098155875667104,296.19277324340857,0.9850452483425146,0.37052362677253015,0.8403613378295717,0.9816550215888635,40.0,4.51635739814954,0.22141737507525955,,,,,,,,,,,,,,,,
62.5,14.5,815.3059047139755,310.0711596557123,22.277399994209162,4.418511329224515,0.0024768513273818044,0,13.515430388501242,0.402986100210673,2.688966178497105,2.285980078286432,295.42739999420917,0.9636180397595431,0.39749250941419184,0.8786300002895416,0.9816550215888635,40.0,4.955529322129506,0.20179479022238472,,,,,,,,,,,,,,,,
63.5,15.5,672.1759755206294,309.7701342822326,22.21052271650924,4.757052491266888,0.0024435554218028284,0,12.55358909757038,0.3975688242547367,2.6780480308750323,2.2804792066202957,295.3605227165092,0.924826174148243,0.3987040063922924,0.8819738641745404,0.9816550215888635,40.0,4.78868841243489,0.20882544736117692,,,,,,,,,,,,,,,,
64.5,16.5,496.87832926664043,306.61024802912254,21.505548587233932,4.617397152577954,0.0025045565094923617,0,12.933278277264199,0.40749376006531673,2.5652904786486443,2.1577967185833278,294.6555485872339,0.8556070264768257,0.426022054290769,0.9172225706383046,0.9816550215888635,40.0,4.923016704470012,0.20312748463599925,,,,,,,,,,,,,,,,
65.5,17.5,301.35921120210173,302.19121137441846,20.51046013782469,4.579395833377743,0.0024482511668393638,0,13.040602835787233,0.3983328265018386,2.4131972346536172,2.014864408151779,293.66046013782466,0.7213013052566533,0.4585705197789035,0.9669769931087672,0.9816550215888635,40.0,4.709655520607293,0.21232975440018034,,,,,,,,,,,,,,,,
66.5,18.5,98.94292650391611,294.2108597905655,18.685427992810574,3.7594745955475357,0.0023422794620276254,0,15.884688344925655,0.38109112790545935,2.154637596134191,1.7735464682287316,291.83542799281054,0.3971711697387962,0.515285108678145,1.0582286003594732,0.9816550215888635,40.0,3.189003194634959,0.31357760998244116,,,,,,,,,,,,,,,,
67.5,19.5,0.0,280.6987996248313,15.508845081571225,3.7261586267129028,0.0024467320076731287,0,16.026714982775548,0.39808565784006533,1.7620220022515374,1.363936344411472,288.6588450815712,0.0001,0.616617666946202,1.21705774592144,0.9816550215888635,40.0,0.001105038222042487,904.9460734051889,,,,,,,,,,,,,,,,
68.5,20.5,0.0,279.46766715232815,15.213755922750888,3.2332063040515204,0.0022521357133047245,0,18.470235634548125,0.36642465303285876,1.728956870226639,1.3625322171937801,288.36375592275084,0.0001,0.6169759961364385,1.231812203862458,0.9816550215888635,40.0,0.0011190846064909193,893.5874858789011,,,,,,,,,,,,,,,,
69.5,21.5,0.0,270.7066590520543,13.085181821436354,3.241539695610614,0.002470150096201909,0,18.42275211739736,0.40189580343349385,1.5061370021639058,1.104241198730412,286.23518182143636,0.0001,0.6841655758642615,1.3382409089281821,0.9816550215888635,40.0,0.0013481731452232475,741.7444884903173,,,,,,,,,,,,,,,,
70.5,22.5,0.0,274.33235656137043,13.972258002205361,3.459172445856794,0.002422984839255018,0,17.263690442049242,0.3942219706312023,1.5957291765343444,1.2015072059031422,287.12225800220534,0.0001,0.6585660595386417,1.2938870998897327,0.9816550215888635,40.0,0.0012547172804165596,796.9922910984419,,,,,,,,,,,,,,,,
71.5,23.5,0.0,269.96337109596044,12.902226986097729,3.1318871756089495,0.0020105106997727468,0,19.067762962861753,0.32711203025241475,1.4882184733043886,1.161106443051974,286.0522269860977,0.0001,0.6691555172528834,1.3473886506951145,0.9816550215888635,40.0,0.001327608730111245,753.2339742268842,,,,,,,,,,,,,,,,
72.5,0.5,0.0,270.6615497283964,13.074089240809876,2.4257701426999523,0.002163855958740475,0,24.618194955796625,0.35206145180793585,1.5050452308255768,1.152983779017641,286.22408924080986,0.0001,0.6712920401404624,1.338795537959507,0.9816550215888635,40.0,0.0013233536067962792,755.6559296505117,,,,,,,,,,,,,,,,
73.5,1.5,0.0,269.2539222641866,12.72724867408195,2.3804149381566377,0.0024108894741035106,0,25.08725740781266,0.39225404305349726,1.471256525984054,1.0790024829305567,285.87724867408195,0.0001,0.6908669185455548,1.3561375662959023,0.9816550215888635,40.0,0.0013795844657385073,724.8559438255842,,,,,,,,,,,,,,,,
74.5,2.5,0.0,268.8878222322496,12.636818547570414,2.2952107098494414,0.002017928253494188,0,26.018562058232703,0.32831887339808974,1.4625571740892314,1.1342383006911416,285.7868185475704,0.0001,0.6762322756201593,1.360659072621479,0.9816550215888635,40.0,0.0013548629557238524,738.0820294593836,,,,,,,,,,,,,,,,
75.5,3.5,0.0,262.1924706007945,10.96648120389908,2.19146023253813,0.0020006578087643704,0,27.250360925679708,0.3255089553809555,1.3097922074634825,0.984283252082527,284.11648120389907,0.0001,0.7162324984969372,1.4441759398050464,0.9816550215888635,40.0,0.0015230854866543062,656.5619650126503,,,,,,,,,,,,,,,,
76.5,4.5,0.0,266.04282607321755,11.93091217873374,2.2135114177891833,0.0022325229780664514,0,26.9788905586868,0.3632336420905545,1.3961871009180562,1.0329534588275018,285.08091217873374,0.0001,0.7031561522539272,1.395954391063313,0.9816550215888635,40.0,0.0014453504490017004,691.8737256356735,,,,,,,,,,,,,,,,
77.5,5.5,98.94292650391611,264.9316644440777,11.653670673181065,2.2593023141135813,0.002170716344443497,0,26.432090082804134,0.3531776431795529,1.3708532480224696,1.0176756048429167,284.80367067318105,0.3971711697387962,0.7072511984103801,1.4098164663409478,0.9816550215888635,40.0,5.831283261407068,0.17148883962098996,,,,,,,,,,,,,,,,
78.5,6.5,301.35921120210173,264.9578475160948,11.660213530461613,2.2593896378584306,0.0023392376860066496,0,26.431068501996844,0.38059622801265747,1.3714464382020757,0.9908502101894182,284.81021353046157,0.7213013052566533,0.7144628841134644,1.4094893234769217,0.9816550215888635,40.0,10.695678316873057,0.09349570643148847,,,,,,,,,,,,,,,,
79.5,7.5,496.87832926664043,273.8096329543133,13.844911143689524,2.4880843750347448,0.0022867356086020774,0,24.001630688309792,0.3720540893738428,1.582586797560546,1.2105327081867032,286.9949111436895,0.8556070264768257,0.656208857900889,1.300254442815526,0.9816550215888635,40.0,10.749664967076335,0.09302615505346092,,,,,,,,,,,,,,,,
80.5,8.5,672.1759755206294,281.0032625877028,15.581671813722693,2.7292727578848806,0.002115190374485631,0,21.880584166024533,0.3441435143053792,1.7702671176666902,1.426123603361311,288.73167181372264,0.924826174148243,0.6008227958772983,1.213416409313868,0.9816550215888635,40.0,9.928108843012707,0.10072411733316047,,,,,,,,,,,,,,,,
81.5,9.5,815.3059047139755,287.88562091428776,17.212343157247236,2.872552247392403,0.0025398744903183212,0,20.789206652428312,0.41324002961449213,1.9639588000187385,1.5507187704042464,290.3623431572472,0.9636180397595431,0.5696191828786935,1.1318828421376395,0.9816550215888635,40.0,9.148315977184607,0.10930973552880602,,,,,,,,,,,,,,,,
82.5,10.5,916.5140484190015,300.48861722106966,20.12415299065372,3.1484611774968387,0.002479222469234686,0,18.967387216893194,0.40337188727741197,2.356312447433995,1.9529405601565832,293.2741529906537,0.9850452483425146,0.4729128078305185,0.9862923504673149,0.9816550215888635,40.0,6.7653936727460025,0.14781105850919543,,,,,,,,,,,,,,,,
83.5,11.5,968.9032386939596,303.62684935750957,20.83493021390519,3.489520944743366,0.002466463780903869,0,17.113547457251315,0.4012960363785716,2.4619002982353333,2.0606042618567617,293.98493021390516,0.9946793266924668,0.4480702001656369,0.950753489304742,0.9816550215888635,40.0,6.2394632698799555,0.16027019580792237,,,,,,,,,,,,,,,,
84.5,12.5,968.9032386939596,304.8519333952588,21.110904123630238,3.537424193546006,0.002319588836429427,0,16.881798456598183,0.3773993412325692,2.5039979535178256,2.1265986122852563,294.2609041236302,0.9946793266924668,0.4330602375261243,0.9369547938184895,0.9816550215888635,40.0,5.942924194503052,0.16826733225454174,,,,,,,,,,,,,,,,
85.5,13.5,916.5140484190015,308.41977336638456,21.909918741487026,3.8218934618123406,0.0027540917924674686,0,15.62526085240998,0.44809339131464276,2.6294491969691514,2.1813558056545084,295.059918741487,0.9850452483425146,0.42073171753045585,0.8970040629256487,0.9816550215888635,40.0,5.474015154264355,0.18268126262328344,,,,,,,,,,,,,,,,
86.5,14.5,815.3059047139755,311.9739496511507,22.699010260707965,4.556799472471323,0.0026741170732811417,0,13.105268873846377,0.43508142735699606,2.7586960943062344,2.323614666949238,295.8490102607079,0.9636180397595431,0.38923481453535463,0.8575494869646036,0.9816550215888635,40.0,4.736155391277698,0.21114172094979017,,,,,,,,,,,,,,,,
87.5,15.5,672.1759755206294,312.2289505777101,22.75536536749383,4.033005263695143,0.00231449877751045,0,14.807340528046517,0.3765711837364269,2.768135216996546,2.3915640332601193,295.9053653674938,0.924826174148243,0.3744618337676281,0.8547317316253099,0.9816550215888635,40.0,4.358606389185836,0.22943113250168812,,,,,,,,,,,,,,,,
88.5,16.5,496.87832926664043,306.55957356414194,21.494198755234592,4.17850814798708,0.0024851973502019323,0,14.291723307924174,0.4043440061743337,2.563509588442475,2.1591655822681415,294.6441987552346,0.8556070264768257,0.4257140904650557,0.9177900622382708,0.9816550215888635,40.0,4.922501643348562,0.20314873868071354,,,,,,,,,,,,,,,,
89.5,17.5,301.35921120210173,294.35449295295257,18.718601741320064,4.0772614501373265,0.0022511691525933307,0,14.64661587716595,0.3662673926727413,2.159111870644632,1.7928444779718908,291.86860174132005,0.7213013052566533,0.5106682803843212,1.0565699129339976,0.9816550215888635,40.0,5.730651417388839,0.1745002316779631,,,,,,,,,,,,,,,,
90.5,18.5,98.94292650391611,294.5110800073575,18.754753512300177,4.255060739216054,0.0025069282216037894,0,14.034601607576674,0.4078796399136712,2.1639970587044317,1.7561174187907604,291.90475351230015,0.3971711697387962,0.5194669718142627,1.0547623243849926,0.9816550215888635,40.0,3.204353464864668,0.31207543455017495,,,,,,,,,,,,,,,,
91.5,19.5,0.0,280.35766365132486,15.427175850569586,4.038791964516552,0.0024762562588246237,0,14.7861248649598,0.40288928198239854,1.7528158397216105,1.3499265577392119,288.5771758505696,0.0001,0.6201962792885651,1.2211412074715213,0.9816550215888635,40.0,0.0011151805720710963,896.7157651812524,,,,,,,,,,,,,,,,
92.5,20.5,0.0,275.89235452764484,14.351228643742491,3.410725378613758,0.002271318073547862,0,17.50890959013816,0.36954564154830166,1.6354077065490555,1.265862065000754,287.5012286437425,0.0001,0.6418260746293201,1.2749385678128762,0.9816550215888635,40.0,0.0012049159885536463,829.9333808329469,,,,,,,,,,,,,,,,
93.5,21.5,0.0,270.2557157075816,12.974230471162244,3.4195053932649015,0.0024387983706968654,0,17.463953239716908,0.3967948474510013,1.495248009174264,1.0984531617232627,286.1242304711622,0.0001,0.6857002669724551,1.3437884764418897,0.9816550215888635,40.0,0.0013567985870642637,737.0290694094272,,,,,,,,,,,,,,,,
94.5,22.5,0.0,272.01741536651406,13.406898841307703,3.348129403370125,0.0020808664159105528,0,17.836252753799666,0.3385589731352861,1.5381055193085498,1.1995465461732637,286.55689884130766,0.0001,0.6590785367370959,1.322155057934617,0.9816550215888635,40.0,0.001283127199457829,779.3459607298005,,,,,,,,,,,,,,,,
95.5,23.5,0.0,268.9956838091368,12.66347095466176,2.959526261787294,0.002479887474970849,0,20.178257264347963,0.4034800843521703,1.4651164215409398,1.0616363371887694,285.81347095466174,0.0001,0.6954920070194,1.359326452266913,0.9816550215888635,40.0,0.0013920859910575138,718.3464286141826,,,,,,,,,,,,,,,,
96.5,0.5,0.0,272.09713787398937,13.426428697025697,2.434520593193984,0.0021247088101692354,0,24.529709240450714,0.3456921729728724,1.5400652002070008,1.1943730272341284,286.5764286970257,0.0001,0.6604314922746265,1.3211785651487162,0.9816550215888635,40.0,0.001284811587568887,778.3242381026421,,,,,,,,,,,,,,,,
97.5,1.5,0.0,266.7906225078545,12.117003366045482,2.3454696042346788,0.002340575866119684,0,25.461034405697998,0.38081395120789713,1.4134215860086734,1.0326076348007762,285.26700336604546,0.0001,0.7032487481376899,1.3866498316977272,0.9816550215888635,40.0,0.0014359057103014788,696.4245582601958,,,,,,,,,,,,,,,,
98.5,2.5,0.0,268.4685562615504,12.53314243473336,2.313936231595677,0.0022233447158273626,0,25.808006925824742,0.3617403299706256,1.4526391620384165,1.0908988320677908,285.6831424347333,0.0001,0.6877052035295188,1.3658428782633336,0.9816550215888635,40.0,0.0013830988000926303,723.0141476032131,,,,,,,,,,,,,,,,
99.5,3.5,0.0,263.8954575117599,11.39434386960542,2.260798386008478,0.0023025023031232124,0,26.414598780907873,0.3746193457814616,1.3475228619145017,0.97290351613304,284.54434386960537,0.0001,0.7193029043295333,1.4227828065197317,0.9816550215888635,40.0,0.0015069560062381175,663.5893787611924,,,,,,,,,,,,,,,,
100.5,4.5,0.0,263.92770901894187,11.402426812654232,2.272677628264428,0.002248879094291006,0,26.276530181072292,0.3658947979778936,1.348244743739479,0.9823499457615853,284.55242681265423,0.0001,0.7167537835540113,1.4223786593672885,0.9816550215888635,40.0,0.0015011890001110262,666.1386407214823,,,,,,,,,,,,,,,,
101.5,5.5,98.94292650391611,266.00144219141407,11.920602236349305,2.1967608708480886,0.0024480054520755364,0,27.184607611789385,0.39829284847274005,1.395237685273051,0.996944836800311,285.07060223634926,0.3971711697387962,0.7128220162471377,1.396469888182537,0.9816550215888635,40.0,5.821575684310401,0.1717748001962901,,,,,,,,,,,,,,,,
102.5,6.5,301.35921120210173,265.1251385259396,11.702006242336079,2.2906264240686136,0.0023719519068804507,0,26.070633632553093,0.38591886330595115,1.3752407827924473,0.9893219194864962,284.8520062423361,0.7213013052566533,0.7148745700647983,1.4073996878831965,0.9816550215888635,40.0,10.68597535929472,0.09358060133745251,,,,,,,,,,,,,,,,
103.5,7.5,496.87832926664043,271.4524042209004,13.268363243411187,2.486812365327461,0.002496198196604777,0,24.013907572425314,0.4061338544958255,1.5242671782291122,1.1181333237332867,286.41836324341114,0.8556070264768257,0.6804872900770951,1.3290818378294431,0.9816550215888635,40.0,11.394525256417014,0.08776144486027039,,,,,,,,,,,,,,,,
104.5,8.5,672.1759755206294,278.5376900517742,14.99020339665342,2.6601638502444804,0.0022418687093823677,0,22.449024064983696,0.364754201590829,1.7042709471512891,1.3395167455604602,288.1402033966534,0.924826174148243,0.6228601562340396,1.242989830167329,0.9816550215888635,40.0,10.543101555322428,0.09484874965423949,,,,,,,,,,,,,,,,
105.5,9.5,815.3059047139755,287.50613276676194,17.123195204985432,3.1235763727193326,0.002185411966123959,0,19.11849596907678,0.3555686350028049,1.9529092728997415,1.5973406378969366,290.2731952049854,0.9636180397595431,0.5580948693217033,1.1363402397507285,0.9816550215888635,40.0,8.998528353033402,0.11112928256350943,,,,,,,,,,,,,,,,
106.5,10.5,916.5140484190015,298.64853888814395,19.704801340084558,3.4281755138429872,0.0025578549214017644,0,17.41978555350978,0.41616546309623564,2.2958922275896185,1.8797267644933828,292.8548013400845,0.9850452483425146,0.4900579647744339,1.0072599329957739,0.9816550215888635,40.0,7.159708533788129,0.1396704901157352,,,,,,,,,,,,,,,,
107.5,11.5,968.9032386939596,300.5718651224166,20.143079499123058,3.6658446897946977,0.0026522044251412885,0,16.290401624811466,0.43151621836703924,2.3590718630257976,1.9275556446587583,293.29307949912305,0.9946793266924668,0.4788343615916222,0.9853460250438474,0.9816550215888635,40.0,6.9104657758331225,0.1447080460910669,,,,,,,,,,,,,,,,
108.5,12.5,968.9032386939596,305.79792883141147,21.32343934465029,3.4993272666871085,0.0027344133456250292,0,17.065589394693706,0.4448916890309534,2.5368459872230917,2.0919542981921384,294.4734393446503,0.9946793266924668,0.4409192133837802,0.9263280327674863,0.9816550215888635,40.0,5.982146909326455,0.16716406587089191,,,,,,,,,,,,,,,,
109.5,13.5,916.5140484190015,314.1732303991633,23.183919391805084,4.556213212412308,0.0024733831522721476,0,13.10695516361053,0.4024218247748253,2.8408425667616677,2.4384207419868424,296.33391939180507,0.9850452483425146,0.36437685079412097,0.8333040304097465,0.9816550215888635,40.0,4.404134690220648,0.22705935906558294,,,,,,,,,,,,,,,,
110.5,14.5,815.3059047139755,311.87342057911366,22.67678387974125,4.275492669930115,0.0023368627666787442,0,13.967532376079166,0.38020982634708833,2.7549810513557262,2.374771225008638,295.82678387974124,0.9636180397595431,0.3780964629737997,0.8586608060129379,0.9816550215888635,40.0,4.606587531362185,0.21708042953528692,,,,,,,,,,,,,,,,
111.5,15.5,672.1759755206294,307.6068298654114,21.72847300512571,4.607381400106749,0.0023786785662905617,0,12.961393274182686,0.3870132972807152,2.600489110553785,2.2134758132730696,294.87847300512567,0.924826174148243,0.4135529536681203,0.9060763497437165,0.9816550215888635,40.0,5.102772258023577,0.195971904963543,,,,,,,,,,,,,,,,
112.5,16.5,496.87832926664043,303.9731933299284,20.91303545139769,4.482960644835363,0.002317067452561323,0,13.321125707346285,0.3769891096450256,2.473751406581554,2.0967622969365283,294.0630354513977,0.8556070264768257,0.4398258053077222,0.9468482274301152,0.9816550215888635,40.0,5.246692009638657,0.1905962839371756,,,,,,,,,,,,,,,,
113.5,17.5,301.35921120210173,299.32047512074155,19.858158836281113,4.008179480844969,0.002505865027030343,0,14.899053941154548,0.4077066571309819,2.317828943792386,1.910122286661404,293.0081588362811,0.7213013052566533,0.48291523384496016,0.9995920581859451,0.9816550215888635,40.0,5.126967593158704,0.1950470686287104,,,,,,,,,,,,,,,,
114.5,18.5,98.94292650391611,289.2555458035816,17.533429320739735,3.8725874217250142,0.002254985245991979,0,15.420718963224095,0.3668882747498204,2.0042112015522955,1.6373229268024752,290.6834293207397,0.3971711697387962,0.5482775624376676,1.115828533963014,0.9816550215888635,40.0,3.577880274705418,0.2794950985558996,,,,,,,,,,,,,,,,
115.5,19.5,0.0,283.874066166457,16.265467195831306,4.0378458168841425,0.002275861104120768,0,14.789589548275591,0.3702847970048581,1.8493481032642691,1.479063306259411,289.4154671958313,0.0001,0.5874925019928982,1.1792266402084353,0.9816550215888635,40.0,0.0010201164753196566,980.2802172042628,,,,,,,,,,,,,,,,
116.5,20.5,0.0,277.5706846396965,14.75715535660715,3.3470718502574823,0.002174619953259368,0,17.841888361716542,0.3538127640994342,1.6788660443380303,1.3250532802385961,287.9071553566071,0.0001,0.6265682006807011,1.254642232169644,0.9816550215888635,40.0,0.0011575463867762612,863.896264913388,,,,,,,,,,,,,,,,
117.5,21.5,0.0,275.03933265445977,14.144203582992942,3.5438939858150773,0.002177310740334777,0,16.8509787623354,0.35425055775221775,1.6136260934157,1.2593755356634824,287.2942035829929,0.0001,0.6435062186080369,1.2852898208503547,0.9816550215888635,40.0,0.001217878511528469,821.0999623804628,,,,,,,,,,,,,,,,
118.5,22.5,0.0,268.7905647440155,12.612779516590134,3.0038845938840635,0.0021028929618778173,0,19.88028515227402,0.342142713411632,1.4602522387717765,1.1181095253601445,285.7627795165901,0.0001,0.6804935850177564,1.3618610241704943,0.9816550215888635,40.0,0.001364605061559406,732.8127589217992,,,,,,,,,,,,,,,,
119.5,23.5,0.0,268.2103855299079,12.469241538284335,3.209706855237007,0.002301648476008262,0,18.605463048284637,0.3744804272862317,1.446555644200248,1.0720752169140164,285.6192415382843,0.0001,0.6927104685511004,1.3690379230857843,0.9816550215888635,40.0,0.0013964242466052593,716.11474981978,,,,,,,,,,,,,,,,
120.5,0.5,0.0,271.6218839709836,13.309940825751685,2.4081569794941773,0.0020957111801376566,0,24.798251442678602,0.34097423059474413,1.5284088457437643,1.1874346151490203,286.4599408257517,0.0001,0.6622475914890787,1.3270029587124155,0.9816550215888635,40.0,0.001294024295222951,772.7830178240256,,,,,,,,,,,,,,,,
121.5,1.5,0.0,263.36639335172583,11.261642771974817,2.3809043890289567,0.002233440080046837,0,25.08210013225009,0.3633828554674275,1.3357198800783676,0.9723370246109402,284.4116427719748,0.0001,0.7194558799435972,1.4294178614012596,0.9816550215888635,40.0,0.0015143055793261533,660.3686954947278,,,,,,,,,,,,,,,,
122.5,2.5,0.0,265.08968187412637,11.693150098422752,2.3543674163000277,0.002373252306001063,0,25.364810045148825,0.3861304394972791,1.3744359676691622,0.9883055281718831,284.8431500984227,0.0001,0.7151484113745188,1.4078424950788644,0.9816550215888635,40.0,0.0014825194501450637,674.5274066401965,,,,,,,,,,,,,,,,
123.5,3.5,0.0,262.79542418889525,11.11820646078951,2.2108062575718757,0.0022659197288146414,0,27.01190214493344,0.3686673256528002,1.3230643172470098,0.9543969915942097,284.2682064607895,0.0001,0.724306722314295,1.4365896769605255,0.9816550215888635,40.0,0.0015321645468319618,652.6714131766644,,,,,,,,,,,,,,,,
124.5,4.5,0.0,263.8170096786433,11.374680009419627,2.167354911985667,0.001960686243735939,0,27.553439430105183,0.3190055431930499,1.3457681145594054,1.0267625713663555,284.5246800094196,0.0001,0.7048144767717469,1.4237659995290188,0.9816550215888635,40.0,0.00147762280399088,676.7627010757558,,,,,,,,,,,,,,,,
125.5,5.5,64.50201187785449,263.0746237605701,11.188374895300711,2.2495337146303425,0.002356199272089442,0,26.54687142608631,0.38335589442998635,1.3292421377624921,0.9458862433325057,284.3383748953007,0.2926345009775176,0.7266122382181087,1.4330812552349643,0.9816550215888635,40.0,4.486929053164007,0.22286958143339464,,,,,,,,,,,,,,,,
126.5,6.5,188.80843499311828,262.84031083404363,6.681131419429945,2.2286417091514075,0.0016071420633555036,21,26.795730352581746,0.26148356400575073,0.9801325954197945,0.7186490314140437,279.83113141942994,0.5827294410311652,0.7891874195325832,1.6584434290285033,0.9816550215888635,40.0,11.230469879785923,0.08904346930309047,,,,,,,,,,,,,,,,
127.5,7.5,302.5629879554207,266.4166982141097,7.942880099807105,2.3629283681039173,0.0019948424529190436,5,25.272912669315303,0.3245627913752528,1.068602578871034,0.7440397874957813,281.0928800998071,0.7224479204559152,0.7820980941409537,1.5953559950096463,0.9816550215888635,40.0,13.273196783344583,0.07533980067671533,,,,,,,,,,,,,,,,
128.5,8.5,548.4483118102925,274.8342577149459,10.249820619736212,2.547714211562887,0.0024191872178351325,0,23.43986700702359,0.39360409396288654,1.248671342933842,0.8550672489709555,283.3998206197362,0.8793365737982555,0.7513860145709091,1.4800089690131897,0.9816550215888635,40.0,14.399013640645421,0.06944920151872125,,,,,,,,,,,,,,,,
129.5,9.5,432.55182223518835,279.64633813576944,11.580421630411326,2.6398590551575145,0.0024573527644126923,0,22.621693447711277,0.3998136652066953,1.3642276955174648,0.9644140303107696,284.7304216304113,0.8205844461060362,0.7215966867099388,1.4134789184794359,0.9816550215888635,40.0,12.324159159610891,0.08114143829602836,,,,,,,,,,,,,,,,
130.5,10.5,651.9515603643556,288.5735354293162,13.806869539639525,2.8402929375750325,0.002724237008802355,0,21.025325064506816,0.44323598921350216,1.5786793175979268,1.1354433283844245,286.9568695396395,0.9182938430239405,0.6759142976734629,1.3021565230180243,0.9816550215888635,40.0,11.901087495713234,0.08402593463498184,,,,,,,,,,,,,,,,
131.5,11.5,636.0778383025792,285.4546732697401,13.542983247646685,2.9833723546124506,0.002671773155035442,0,20.016972470302182,0.43470006959740637,1.5518062406164421,1.1171061710190358,286.6929832476467,0.9129453873729599,0.6807590032464035,1.3153508376176661,0.9816550215888635,40.0,12.037323984262054,0.08307494267890679,,,,,,,,,,,,,,,,
132.5,12.5,805.0018189493078,296.85439385037915,16.173166591321763,3.514373670422557,0.002670089382957935,0,16.99252495360225,0.4344261182561785,1.8384960022306067,1.4040698839744281,289.32316659132175,0.9611944620648437,0.6064073781624459,1.1838416704339123,0.9816550215888635,40.0,10.160603662065279,0.09841934920988116,,,,,,,,,,,,,,,,
133.5,13.5,736.7292445448035,299.9550917505236,17.192765523439803,3.730865747426466,0.002543364559727239,0,16.0064945601785,0.4138078672739496,1.961527551205038,1.5477196839310885,290.34276552343977,0.9437893592009863,0.570363345213683,1.1328617238280116,0.9816550215888635,40.0,8.979532757988505,0.11136436905476682,,,,,,,,,,,,,,,,
134.5,14.5,413.5475941314122,297.45974887501444,16.995613598113035,3.283271777262641,0.0024287905527120082,0,18.18858941391892,0.3951665658110213,1.9371907770777215,1.5420242112667002,290.145613598113,0.8088323020160099,0.5717775018356441,1.1427193200943493,0.9816550215888635,40.0,7.781714116576143,0.1285063913964482,,,,,,,,,,,,,,,,
135.5,15.5,380.3257786078169,289.9443665836935,15.662521750521243,3.2295454704600686,0.002649113212864093,0,18.491172469056714,0.4310132751476627,1.7794601809208193,1.3484469057731565,288.8125217505212,0.7864391883887144,0.6205746720237357,1.2093739124739384,0.9816550215888635,40.0,8.69100381372837,0.11506150744294842,,,,,,,,,,,,,,,,
136.5,16.5,347.5399144423635,287.52769161971275,15.156002053981087,3.3221070328843556,0.0024414395844838876,0,17.97596576504308,0.39722457548194445,1.7225495179465256,1.3253249424645812,288.30600205398105,0.7616757908061815,0.6264984805226297,1.2346998973009478,0.9816550215888635,40.0,8.67564430126771,0.11526521434884983,,,,,,,,,,,,,,,,
137.5,17.5,154.60289491480668,287.21475665771754,15.255118322679788,3.3411717355345334,0.002617425834373027,0,17.873395029598534,0.42585770810056317,1.7335585464003718,1.3077008382998085,288.40511832267975,0.5231865744986092,0.6310273908092692,1.2297440838660123,0.9816550215888635,40.0,5.978189747992484,0.16727471728976262,,,,,,,,,,,,,,,,
138.5,18.5,69.4625065053605,276.9561862102736,12.967864275983818,3.361028537461263,0.0024872860766599917,0,17.767799834286976,0.40468384398390866,1.4946253196061456,1.089941475622237,286.1178642759838,0.3093380555516149,0.6879594429693233,1.3441067862008111,0.9816550215888635,40.0,4.211919991516253,0.2374214139903472,,,,,,,,,,,,,,,,
139.5,19.5,0.0,271.44587411512475,11.786456710291887,3.24150878200478,0.0026090636083144656,0,18.422927811413828,0.4244971658543793,1.3829361646826523,0.9584389988282731,284.93645671029185,0.0001,0.7232127283347441,1.4031771644854076,0.9816550215888635,40.0,0.0014942687735361583,669.2236481884844,,,,,,,,,,,,,,,,
140.5,20.5,0.0,271.49503946517984,11.67712436284017,3.045699689727222,0.0023307187708572386,0,19.607344247484384,0.3792101923002453,1.3729806570849632,0.9937704647847179,284.82712436284015,0.0001,0.7136764823079819,1.4086437818579922,0.9816550215888635,40.0,0.0014803101597944564,675.5341057301476,,,,,,,,,,,,,,,,
141.5,21.5,0.0,272.3997679497497,11.810019427309442,2.8428423963442326,0.002179787920675173,0,21.006469569939153,0.3546535973831632,1.38509000866864,1.0304364112854767,284.9600194273094,0.0001,0.7038302064917136,1.4019990286345292,0.9816550215888635,40.0,0.0014530005074200342,688.2310053529247,,,,,,,,,,,,,,,,
142.5,22.5,0.0,268.8119190816574,10.962372546302147,2.6956252662751163,0.0021041527963859973,0,22.153703275477156,0.34234768970138735,1.3094344373018365,0.9670867476004492,284.11237254630214,0.0001,0.7208742472569659,1.4443813726848929,0.9816550215888635,40.0,0.001533174337887377,652.2415457187606,,,,,,,,,,,,,,,,
143.5,23.5,0.0,264.1553678710069,10.093269099624209,2.6869250222285084,0.0025295627921418555,0,22.225436808582195,0.4115623063742055,1.2356585008860268,0.8240961945118213,283.2432690996242,0.0001,0.7599060245032393,1.4878365450187916,0.9816550215888635,40.0,0.0016648122431516855,600.6683360922925,,,,,,,,,,,,,,,,
144.5,0.5,0.0,264.18337718650145,10.027143411289362,2.588831256063247,0.0023631389162969297,0,23.067583934284464,0.3844849812367352,1.230197934353378,0.8457129531166427,283.17714341128936,0.0001,0.7539555009755068,1.4911428294355318,0.9816550215888635,40.0,0.0016554463486060018,604.0666922501402,,,,,,,,,,,,,,,,
145.5,1.5,0.0,267.65981248530466,10.851173091077632,2.516574339767129,0.0024268458166876446,0,23.729909880772304,0.39485015538390617,1.2997840670688032,0.9049339116848971,284.0011730910776,0.0001,0.7377444914185659,1.4499413454461205,0.9816550215888635,40.0,0.0015750943042418261,634.8826208735175,,,,,,,,,,,,,,,,
146.5,2.5,0.0,260.78788091189017,9.240461130309544,2.455204698748182,0.002359002995435807,0,24.323056371383643,0.38381206292299624,1.1668439504533732,0.783031887530377,282.3904611303095,0.0001,0.7712588503290725,1.5304769434845242,0.9816550215888635,40.0,0.0017381093812456532,575.3377841406785,,,,,,,,,,,,,,,,
147.5,3.5,0.0,263.0173675080477,9.680407468997272,2.3666783335103103,0.0021949797525713946,0,25.232868128032774,0.3571253230871787,1.2019108573873778,0.8447855343001991,282.83040746899724,0.0001,0.7542104303501335,1.5084796265501383,0.9816550215888635,40.0,0.001675259674992664,596.9223845875589,,,,,,,,,,,,,,,,
148.5,4.5,0.0,265.3088498756612,10.284169486319154,2.2858985003929577,0.002359933830592766,0,26.124555521897488,0.3839635107009452,1.2515425464379692,0.8675790357370241,283.43416948631915,0.0001,0.7479544103104908,1.4782915256840428,0.9816550215888635,40.0,0.0016281160823644815,614.2068190541545,,,,,,,,,,,,,,,,
149.5,5.5,68.22331984613155,264.20793947225,10.048513542983702,2.2615411258427827,0.0023983430437260027,0,26.405923645842865,0.39021272672841073,1.2319603246078867,0.841747597879476,283.1985135429837,0.3052232142317905,0.7550457288031824,1.490074322850816,0.9816550215888635,40.0,5.0564870485422,0.1977657591921061,,,,,,,,,,,,,,,,
150.5,6.5,200.32000567886777,262.620412686558,9.598198029530483,2.3408809504558756,0.0022147549970745754,0,25.51094376640906,0.36034277444364476,1.1952886250357533,0.8349458505921086,282.74819802953044,0.600479624811643,0.7569171807632212,1.512590098523478,0.9816550215888635,40.0,10.123205278639508,0.09878294201047688,,,,,,,,,,,,,,,,
151.5,7.5,365.83665403057887,270.43541802318254,11.510571845294239,2.450491611693835,0.002425694831461789,0,24.369837466882633,0.3946628889773844,1.357935835824456,0.9632729468470715,284.6605718452942,0.7758493227852469,0.7219052059503704,1.4169714077352893,0.9816550215888635,40.0,11.686078454538142,0.08557190539925415,,,,,,,,,,,,,,,,
152.5,8.5,394.7865051007075,273.99231225023215,12.36207462525677,2.56739113778416,0.0023473775445099205,0,23.260219844210788,0.3819205908430932,1.4364033093187443,1.0544827184756511,285.51207462525673,0.7964938714280951,0.6974005476956873,1.3743962687371634,0.9816550215888635,40.0,11.241566700100549,0.08895557235728145,,,,,,,,,,,,,,,,
153.5,9.5,472.66957440943816,276.1418584853352,12.923619672662293,2.6529205403250558,0.0023235568168969286,0,22.510316982061184,0.37804493548226553,1.4903039567130671,1.1122590212308017,286.0736196726623,0.8432126423873043,0.6820417629580205,1.3463190163668857,0.9816550215888635,40.0,11.401085677729029,0.08771094510353589,,,,,,,,,,,,,,,,
154.5,10.5,613.0195248100686,282.5051815978408,14.557463159373503,2.8423402888715428,0.002615482907119605,0,21.010180422361433,0.42554159196222513,1.6573621531047737,1.2318205611425486,287.7074631593735,0.9048041373224499,0.650661343731455,1.264626842031325,0.9816550215888635,40.0,10.962816144778001,0.09121743781832348,,,,,,,,,,,,,,,,
155.5,11.5,560.4065791752064,287.35704794339756,12.426805679148481,3.191559634320387,0.002358735247802208,5,18.711253786004985,0.38376850012473224,1.4425280213170837,1.0587595211923515,285.57680567914844,0.8843793747019892,0.6962592897445418,1.3711597160425784,0.9816550215888635,40.0,12.432194765054184,0.08043632028762233,,,,,,,,,,,,,,,,
156.5,12.5,738.1539117431292,292.49048170064816,13.45946329912965,3.428967266078963,0.0024260629203285873,4,17.41576330625806,0.3947227773910821,1.5433849739154586,1.1486621965243766,286.60946329912963,0.9441784370391102,0.6724297776597762,1.3195268350435185,0.9816550215888635,40.0,12.335858912959816,0.08106448096203656,,,,,,,,,,,,,,,,
157.5,13.5,485.48235402466275,295.7153559164049,14.82052406334608,3.5588728531204317,0.00255014297170541,0,16.7800550217963,0.414910721441459,1.6857408657407902,1.2708301442993313,287.97052406334603,0.8498815781458247,0.6405403215576426,1.2514737968326983,0.9816550215888635,40.0,10.03175233176602,0.09968348170174143,,,,,,,,,,,,,,,,
158.5,14.5,589.5271310992605,297.1778315881862,15.330220016002059,3.576993150391443,0.0024310446475499774,0,16.69505078152103,0.3955333092155269,1.7419412625651993,1.3464079533496724,288.480220016002,0.8960205792220877,0.6210962314816724,1.225988999199899,0.9816550215888635,40.0,10.04647258319395,0.09953742387878815,,,,,,,,,,,,,,,,
159.5,15.5,507.7878496243381,296.54211520932375,15.717324993894566,3.1791810616521614,0.002569482049153651,0,18.784108590500868,0.41805720799734636,1.7857153690185117,1.3676581610211653,288.86732499389456,0.8609153433089008,0.6156682326292504,1.2066337503052722,0.9816550215888635,40.0,9.417438950009092,0.10618598169930632,,,,,,,,,,,,,,,,
160.5,16.5,295.29095450431726,287.94576124658965,14.354036470043697,3.2862585935325628,0.002688222158293732,0,18.172058160141344,0.43737633829473577,1.6357048887906154,1.1983285504958796,287.5040364700437,0.715436335314886,0.6593969699815024,1.2747981764978162,0.9816550215888635,40.0,8.855427371242587,0.11292509757885132,,,,,,,,,,,,,,,,
161.5,17.5,174.1045306102444,285.25690044134484,13.661242599499229,3.1952217466093313,0.002337968028972613,0,18.689808416054056,0.3803896535884702,1.5637992251433805,1.1834095715549102,286.8112425994992,0.5584680741275473,0.6633019675995504,1.3094378700250389,0.9816550215888635,40.0,7.142408492805621,0.1400087940933757,,,,,,,,,,,,,,,,
162.5,18.5,55.248438204288114,276.8207846426768,12.09340972319667,3.462385457789987,0.0025835633803483844,0,17.247670145037983,0.4203482541660073,1.4112262132666669,0.9908779591006596,285.24340972319663,0.25973959453606543,0.7144554100228958,1.3878295138401682,0.9816550215888635,40.0,3.7922726859529305,0.26369411769995593,,,,,,,,,,,,,,,,
163.5,19.5,0.0,273.1122795893038,11.24966989185982,3.1518528608748824,0.0024971547417501423,0,18.946976564877346,0.40628948531368875,1.3346594443618431,0.9283699590481544,284.3996698918598,0.0001,0.7313659674086149,1.4300165054070104,0.9816550215888635,40.0,0.0015400185399205098,649.3428319711114,,,,,,,,,,,,,,,,
164.5,20.5,0.0,275.0614006554383,11.702132125352856,2.903916972204725,0.002554514439127162,0,20.564665884919773,0.4156219634078277,1.375252225580544,0.9596302621727162,284.85213212535285,0.0001,0.722890424074452,1.4073933937323575,0.9816550215888635,40.0,0.0014980907812535463,667.5162897426266,,,,,,,,,,,,,,,,
165.5,21.5,0.0,269.80053136074963,10.349888780550847,2.7687924499318735,0.002225501948054386,0,21.568276918845037,0.36209131373489367,1.2570521679514601,0.8949608542165665,283.4998887805508,0.0001,0.7404651614365351,1.4750055609724597,0.9816550215888635,40.0,0.0016082310369298738,621.8012070635126,,,,,,,,,,,,,,,,
166.5,22.5,0.0,267.28565631942064,9.768426800327601,2.6829978742336036,0.002174268095571078,0,22.257968544979356,0.35375551651413684,1.2090368426064848,0.855281326092348,282.91842680032755,0.0001,0.7513272496781325,1.5040786599836222,0.9816550215888635,40.0,0.0016639866647051727,600.9663546054808,,,,,,,,,,,,,,,,
167.5,23.5,0.0,265.1763211696713,9.445276909412355,2.7270075589879137,0.0023612299802171625,0,21.89875935404501,0.3841743954951396,1.1830556616742605,0.7988812661791209,282.59527690941235,0.0001,0.766869465554597,1.5202361545293825,0.9816550215888635,40.0,0.0017166535429653674,582.5287252036823,,,,,,,,,,,,,,,,
168.5,0.5,0.0,265.0182426963117,9.283225826389051,2.6141560622808213,0.0021848717805750878,0,22.84411522043358,0.35548074629292425,1.170212653014018,0.8147319067210937,282.43322582638905,0.0001,0.7624892781533826,1.5283387086805476,0.9816550215888635,40.0,0.0017159455607225055,582.7690708200242,,,,,,,,,,,,,,,,
169.5,1.5,0.0,265.41249125274925,9.421261690540097,2.5128378209224325,0.002255379823192475,0,23.76519558632568,0.3669524728409622,1.1811445970667263,0.814192124225764,282.5712616905401,0.0001,0.7626382853505644,1.521436915472995,0.9816550215888635,40.0,0.001708530376833542,585.2983438628247,,,,,,,,,,,,,,,,
170.5,2.5,0.0,262.15902862271713,8.871483594653563,2.4503453522201752,0.002488785774915338,0,24.371292086166342,0.40492784633670775,1.1381310011680204,0.7332031548313126,282.02148359465355,0.0001,0.7851207819256243,1.5489258202673226,0.9816550215888635,40.0,0.0017906769535616257,558.4480204600932,,,,,,,,,,,,,,,,
171.5,3.5,0.0,265.12692027462265,9.277005708358827,2.399829289581308,0.0021452292557896063,0,24.884304292059408,0.3490308692699488,1.169722144724536,0.8206912754545872,282.4270057083588,0.0001,0.7608449276579801,1.5286497145820592,0.9816550215888635,40.0,0.0017125934582866782,583.909739443023,,,,,,,,,,,,,,,,
172.5,4.5,0.0,264.1442251829114,9.277923536095898,2.3152011591233674,0.002445616862782388,0,25.793906527564886,0.39790422269063935,1.1697945117353652,0.7718902890447259,282.4279235360959,0.0001,0.7743501590113786,1.5286038231952062,0.9816550215888635,40.0,0.0017429401924876544,573.743152123152,,,,,,,,,,,,,,,,
173.5,5.5,63.12128029088517,266.4275768639908,9.678636462649171,2.348242479903792,0.002305942484037923,0,25.43096924700242,0.3751790665347875,1.201767857819903,0.8265887912851154,282.8286364626492,0.2878730913186656,0.7592189726431552,1.5085681768675416,0.9816550215888635,40.0,4.854932739806959,0.20597607703207066,,,,,,,,,,,,,,,,
174.5,6.5,228.32820520340843,263.0311673075299,9.101830642887384,2.3467808820811524,0.002547451190957653,0,25.446807900522582,0.4144727661172259,1.1559821896244329,0.741509423507207,282.25183064288734,0.6396820076650648,0.7828034952611372,1.537408467855633,0.9816550215888635,40.0,11.335907984037878,0.08821525381187839,,,,,,,,,,,,,,,,
175.5,7.5,391.6241988630315,274.58528215675926,11.568286560273888,2.4852967926026217,0.0024123683233824396,0,24.028551627590847,0.3924946532577217,1.3631327699503852,0.9706381166926635,284.71828656027384,0.7943370800903242,0.7199147268933093,1.4140856719863082,0.9816550215888635,40.0,11.907258097851543,0.08398239055391203,,,,,,,,,,,,,,,,
176.5,8.5,464.0176433621988,276.6824419090793,12.144550085260475,2.601517997891655,0.002383890814124926,0,22.95509096586504,0.3878613350312581,1.4159885848738718,1.0281272498426137,285.2945500852604,0.8385638207069623,0.7044488014938274,1.3852724957369786,0.9816550215888635,40.0,12.04955251464729,0.08299063378365397,,,,,,,,,,,,,,,,
177.5,9.5,537.6867032443996,282.3310199579812,13.450585796950994,2.7105098294098844,0.0022646130838152308,0,22.032047861615567,0.3684547332509668,1.5424922232000309,1.1740374899490642,286.60058579695095,0.874658633611718,0.6657594071139494,1.3199707101524523,0.9816550215888635,40.0,11.318017081286456,0.08835469966319714,,,,,,,,,,,,,,,,
178.5,10.5,757.4199356003722,283.45726416532375,11.346474763625382,3.1658424649498706,0.0020658113806541986,12,18.863251394248902,0.3361095043765352,1.3432546634072597,1.0071451590307245,284.4964747636254,0.9493262976088935,0.7100789222333891,1.4251762618187314,0.9816550215888635,40.0,14.146234874347131,0.07069018780491239,,,,,,,,,,,,,,,,
179.5,11.5,650.3427946212246,291.7075316554142,13.378940472735035,3.429380401160347,0.002487003843803892,6,17.41366524131652,0.40463792442597085,1.5353039067900005,1.1306659823640297,286.52894047273503,0.9177608824134209,0.677175249124072,1.3235529763632485,0.9816550215888635,40.0,12.112173958328931,0.08256156189965802,,,,,,,,,,,,,,,,
180.5,12.5,749.9994617491836,299.5776856606436,14.831656596518155,3.3225253927617286,0.0024903418354366752,3,17.97370229917176,0.40518101888455227,1.68695117169038,1.2817701528058278,287.9816565965181,0.9473682779165994,0.6377123228564645,1.2509171701740938,0.9816550215888635,40.0,11.128134164332538,0.08986232419853106,,,,,,,,,,,,,,,,
181.5,13.5,518.6931830922159,293.2926061666214,14.39671109160182,3.431725993640045,0.0025535152486765808,0,17.401762961731926,0.41545939415766875,1.6402274344732832,1.2247680403156145,287.5467110916018,0.8660605587388667,0.6524972899220989,1.272664445419909,0.9816550215888635,40.0,10.589879929211081,0.09442977698374125,,,,,,,,,,,,,,,,
182.5,14.5,677.0931681074507,301.04274097774004,16.422775066689287,3.7099225591843474,0.0028063633128847217,0,16.096854135970823,0.4565980181092184,1.8679727216902806,1.4113747035810622,289.57277506668925,0.9263688639624676,0.604555558524876,1.1713612466655376,0.9816550215888635,40.0,9.659645122539112,0.10352347185785044,,,,,,,,,,,,,,,,
183.5,15.5,464.954531184393,294.55933943880245,15.500654304844716,3.619086159331828,0.002642614567816627,0,16.50087333150517,0.4299559393296506,1.7610967886978945,1.331140849368244,288.6506543048447,0.8390730662854186,0.6250065425002285,1.2174672847577654,0.9816550215888635,40.0,9.401384084125851,0.10636731688140373,,,,,,,,,,,,,,,,
184.5,16.5,336.27347216319015,289.83017568980813,14.683798813170817,3.587438998947156,0.0025001083189558114,0,16.64643839476131,0.40677003517416094,1.6709383676674197,1.2641683324932587,287.8337988131708,0.7524671413786304,0.6422646318092665,1.2583100593414598,0.9816550215888635,40.0,8.954459304229875,0.11167620132324725,,,,,,,,,,,,,,,,
185.5,17.5,189.23826910233493,290.2551096152234,14.960271147136009,3.7859424704412374,0.0026009615837044972,0,15.773637015667093,0.42317895863487964,1.7009892359623522,1.2778102773274727,288.11027114713596,0.5834110901954982,0.6387354278524965,1.2444864426432019,0.9816550215888635,40.0,6.828668135583527,0.1464414407238649,,,,,,,,,,,,,,,,
186.5,18.5,50.45898855213247,283.5731042077245,13.612768083358592,3.3188346979309093,0.0025896375396217493,0,17.993689871980852,0.42133652573910135,1.5588734990882656,1.1375369733491643,286.7627680833586,0.24175928607152167,0.6753619661307978,1.3118615958320703,0.9816550215888635,40.0,3.1539727278496312,0.31706044607487677,,,,,,,,,,,,,,,,
187.5,19.5,0.0,277.4413522554818,12.337231180001517,3.451600272182312,0.0026118472942798228,0,17.3015637912152,0.42495007424617054,1.4340587475171016,1.0091086732709311,285.4872311800015,0.0001,0.7095513432807659,1.3756384409999243,0.9816550215888635,40.0,0.0014372697377710983,695.7636230139992,,,,,,,,,,,,,,,,
188.5,20.5,0.0,272.18153005069865,11.17658708358902,3.032257773949333,0.0025513378073941215,0,19.69426306826112,0.41510512236058694,1.328202538575745,0.913097416215158,284.326587083589,0.0001,0.7355202841604237,1.43367064582055,0.9816550215888635,40.0,0.0015527237610931794,644.0295595759803,,,,,,,,,,,,,,,,
189.5,21.5,0.0,272.519930463812,11.112224902559548,2.988089701874479,0.002341036956424867,0,19.985371340584546,0.3808889710453321,1.3225388535401446,0.9416498824948125,284.2622249025595,0.0001,0.7277608715969399,1.4368887548720237,0.9816550215888635,40.0,0.0015397917890166977,649.4384546878214,,,,,,,,,,,,,,,,
190.5,22.5,0.0,266.95400544607605,9.852480048616632,2.7508274256401686,0.0022616670434339346,0,21.709134398731145,0.36797540963909037,1.2158763907529757,0.8479009811138853,283.00248004861663,0.0001,0.7533541841997411,1.4998759975691685,0.9816550215888635,40.0,0.0016638137593927161,601.0288076743608,,,,,,,,,,,,,,,,
191.5,23.5,0.0,268.449196949425,10.139880154451062,2.701037897131412,0.002207596215057521,0,22.10930929712631,0.3591780337038925,1.2395203710804545,0.880342337376562,283.28988015445105,0.0001,0.7444599524139703,1.4855059922774472,0.9816550215888635,40.0,0.0016284180207410334,614.0929339168923,,,,,,,,,,,,,,,,
