Total Hour, Hour,SW_in,LW_down,Ta,um,q,p,ra,e,esat(T),D,Tk,gR,gD,gT,gSM,SMlast,gs,rs,LW_up,Rn,LH,delta,psy_const,Cinterim,Cactual,Dcanopy,C/S,lambdaEI (C=Cactual),Cfinal,lambdaET,lambda*Etotal,H,Ts,SMnew,d,z0,lambdaEl (C=S),dCdt,lambdaEl (C=Cactual),lambdaE
0.5,0.5,0.0,269.13079387712315,12.69684511029523,2.429278260564434,0.002443526019632391,0,175.81592578469676,0.39756404049324434,1.4683266562373942,1.0707626157441499,285.86684511029523,1e-05,0.6930599959727758,0.8727952532987024,0.993251259593809,10.0,0.0001802451495628261,5547.999501930791,-319.0,-588.1307938771231,2.471022748694593,0.0962776721443341,66.69953858477751,0.0,0.0,0.0,,,-165.5106867502705,-56.620369291070254,,-531.6240303283062,210.85182006068578,40.0,0.07724057013989283,0.012827828958032148,,-0.11360574225332867,0.11360574225332867,-56.50676354881693
1.5,1.5,0.0,271.0083791434097,13.159340491112538,2.393032022619594,0.0020294748768538806,0,178.4789348126781,0.33019752015693365,1.5134538395705954,1.1832563194136618,286.32934049111253,1e-05,0.6633421247712207,0.8887557542912231,0.999664,40.0,0.00017680531258390688,5655.938644521373,-319.0,-590.0083791434097,2.469930797100483,0.09887048583602802,66.72902632085884,-165.5106867502705,-165.5106867502705,0.0,,,-7036552.6828157175,-58.330628388801394,,-532.1147293641905,210.10780573155813,40.0,0.07724057013989283,0.012827828958032148,,-4827.608160212254,4827.608160212254,-57.89364977921923
2.5,2.5,0.0,265.3830894145385,11.766408901132301,2.329627036827709,0.002357536563381216,0,183.33655972304075,0.38357347301314965,1.3811059319616334,0.9975324589484837,284.9364089011323,1e-05,0.712663884229276,0.837446246475655,0.999664,40.0,0.00017898514923032983,5587.05570993007,105.71986503827343,-159.66322437626508,2.4732195085844264,0.0912365021003001,66.64029480535362,-7036552.6828157175,-7036552.6828157175,0.0,,,-74607806215.62506,-14.563882038400411,,-11516.50841720355,-1409.6173461302403,40.0,0.07724057013989283,0.012827828958032148,,-51251133.02383389,51251133.02383389,11356.845192827284
3.5,3.5,0.0,265.0976441601468,11.69513894648815,2.306167636287055,0.0021932738407348766,0,185.20154374268165,0.35684776958580305,1.3746166711316676,1.0177689015458646,284.8651389464882,1e-05,0.7072261644275433,0.834560089100141,0.999664,40.0,0.00017700732478831595,5649.483721625112,106388.80215447831,106123.70451031816,2.4733877769473414,0.09085980984178696,66.63576116391835,-74607806215.62506,-74607806215.62506,0.0,,,5.23538625305279e+17,9642.382873034205,,-121570971.29548968,-18069789.178972103,-359698516433741.4,0.07724057013989283,0.012827828958032148,,359698394756646.4,-359698394756646.4,121677095.0
4.5,4.5,0.0,265.21156543289123,11.723589701440986,2.213614467920855,0.0021449197256135657,0,192.94498322055796,0.34898050841172484,1.3772039456396203,1.0282234372278956,284.893589701441,1e-05,0.7044230300714662,0.8357152801785409,1e-05,-359698516433741.4,1e-05,99999.99999999999,2.8713690252919413e+21,2.8713690252919413e+21,2.473320604714898,0.09101002504355786,66.63757090618525,5.23538625305279e+17,2.0,5.23538625305279e+17,,,-3.803648095805437e+23,2.613233669011159e+20,,2.6100456583908253e+21,4.0417275882078346e+20,40.0,0.07724057013989283,0.012827828958032148,,-2.618469055264212e+20,2.613233669011159e+20,2.613233669011159e+20
5.5,5.5,98.94292650391611,261.0616766418051,10.681224898243343,2.2298279453050136,0.0022647485352766663,0,191.54204577490432,0.368476771334403,1.2851559867081117,0.9166792153737087,283.85122489824334,0.3971711697387962,0.7345451957743364,0.7907497853436938,0.999664,40.0,6.918479023701505,0.1445404396796137,7.186953313177925e+74,7.186953313177925e+74,2.4757816280152474,0.0856426695248862,66.57133056704424,-3.803648095805437e+23,-3.803648095805437e+23,0.0,,,1.7021409465572069e+100,6.15509867491283e+73,,7.186953313177925e+74,1.1048272783046624e+74,-1.1705914677163376e+97,0.07724057013989283,0.012827828958032148,,1.1705914677163376e+97,-1.1705914677163376e+97,0.0
6.5,6.5,301.35921120210173,264.8531205312383,11.634040516629534,2.3044257112457203,0.0022261026557568978,0,185.3415383648406,0.36218904945755315,1.3690748861784603,1.0068858367209073,284.8040405166295,0.7213013052566533,0.7101486108022755,0.8320656203673741,1e-05,-1.1705914677163376e+97,0.0001278629713647914,7820.872527254297,4.012861977685774e+288,4.012861977685774e+288,2.4735320303402375,0.09053793428613867,66.63187504701418,1.7021409465572069e+100,2.0,1.7021409465572069e+100,,,-5.287736024773871e+290,3.633162340350591e+287,,3.649545743650715e+288,5.4287146964348006e+287,40.0,0.07724057013989283,0.012827828958032148,,-3.633162340350591e+287,3.633162340350591e+287,3.633162340350591e+287
7.5,7.5,496.87832926664043,277.2756261942965,14.685925119656481,2.488462563738112,0.0024931712948481673,0,171.63441097871498,0.4056413746601842,1.671167695765439,1.265526321105255,287.8559251196565,0.8556070264768257,0.6419129999394806,0.9338462340635472,0.999664,40.0,15.381588638204411,0.06501279051997429,inf,inf,2.466326530792491,0.10785478536237894,66.8265434899484,-5.287736024773871e+290,-5.287736024773871e+290,0.0,,,inf,inf,,,,-inf,0.07724057013989283,0.012827828958032148,,inf,-inf,
8.5,8.5,672.1759755206294,279.831242576854,15.301002303447607,2.671194253029934,0.002143981003194883,0,159.89320353070835,0.34882777736868514,1.7386758200532408,1.3898480426845556,288.4710023034476,0.924826174148243,0.6100185249491691,0.9487204496615581,1e-05,-inf,0.00016056935134027363,6227.838573507286,,,2.46487433356156,0.11166586372550318,66.86591479585533,inf,2.0,inf,,,,,,,,,0.07724057013989283,0.012827828958032148,,,,
9.5,9.5,815.3059047139755,288.53636638788475,17.36500894135059,3.091049369597625,0.002298907857502239,0,138.17501932211843,0.37403452601161835,1.9830083097039912,1.608973783692373,290.5350089413506,0.9636180397595431,0.5552321845020192,0.9848095477019464,,,,,,,2.460001213889471,0.12530198022045938,66.99837229341435,,,,,,,,,,,,0.07724057013989283,0.012827828958032148,,,,
10.5,10.5,916.5140484190015,295.69369498004824,19.027323198928393,3.290883037358367,0.0026948602612739637,0,129.78455980392937,0.43845636405293426,2.2011418114639754,1.7626854474110412,292.1973231989284,0.9850452483425146,0.517889707388589,0.9983892748825538,,,,,,,2.4560764899273297,0.13728723964768802,67.10543333904661,,,,,,,,,,,,0.07724057013989283,0.012827828958032148,,,,
11.5,11.5,968.9032386939596,301.1623699719542,20.277218744483385,3.2794186814697035,0.002670518137046355,0,130.23826716092321,0.43449587695995356,2.3787099798668274,1.9442141029068738,293.4472187444834,0.9946793266924668,0.4749456714884874,0.9994999884864568,,,,,,,2.4531254865442746,0.14692596430334323,67.18615825992453,,,,,,,,,,,,0.07724057013989283,0.012827828958032148,,,,
12.5,12.5,968.9032386939596,306.7354897278417,21.533593608854883,3.8753851469743967,0.0025851455749109358,0,110.20989918981995,0.42060567874756705,2.569695629657963,2.149089950910396,294.7035936088549,0.9946793266924668,0.4279825497954854,0.9927444220396722,,,,,,,2.4501591854894933,0.15718545474562626,67.2674976166869,,,,,,,,,,,,0.07724057013989283,0.012827828958032148,,,,
13.5,13.5,916.5140484190015,314.90168678834135,23.343971996674878,4.46956341109693,0.0025964207964757975,0,95.55873070496443,0.42244016817258956,2.8684210860477264,2.445980917875137,296.5139719966749,0.9850452483425146,0.36275748857390966,0.9691300020164613,,,,,,,2.4458848821158505,0.17302923586552296,67.38505085645785,,,,,,,,,,,,0.07724057013989283,0.012827828958032148,,,,
14.5,14.5,815.3059047139755,312.54902421933116,22.826052683540077,3.651549921518903,0.0023682714644228126,0,116.96562159887281,0.3853200517678274,2.7800147517139036,2.394694699946076,295.9960526835401,0.9636180397595431,0.3737854185296014,0.9775591707936306,,,,,,,2.4471076896141617,0.1683648210329199,67.35137888288224,,,,,,,,,,,,0.07724057013989283,0.012827828958032148,,,,
15.5,15.5,672.1759755206294,313.851171753007,23.11306962286515,4.781854735309562,0.0023336989490540935,0,89.3180219833935,0.3796950701676435,2.828708598922256,2.4490135287546124,296.2830696228652,0.924826174148243,0.3621085246887732,0.9730536346285497,,,,,,,2.446430042620415,0.17093642274239654,67.37003482588062,,,,,,,,,,,,0.07724057013989283,0.012827828958032148,,,,
16.5,16.5,496.87832926664043,304.3749039473812,21.00354305702307,4.00620264531068,0.0025278016775938496,0,106.61113383011404,0.4112757713384206,2.4875466965330943,2.076270925194674,294.1735430570231,0.8556070264768257,0.4444919441066013,0.9965569917332822,,,,,,,2.4514106348423685,0.15278561604295876,67.23315744325147,,,,,,,,,,,,0.07724057013989283,0.012827828958032148,,,,
17.5,17.5,301.35921120210173,301.016300991639,20.24405604954603,4.593790565105756,0.0024109986489172517,0,92.9745926194485,0.39227180590100624,2.3738416767668085,1.9815698708658023,293.41405604954605,0.7213013052566533,0.46626381355353785,0.9995713939695858,,,,,,,2.4532037836670217,0.1466630263217493,67.18401392812657,,,,,,,,,,,,0.07724057013989283,0.012827828958032148,,,,
18.5,18.5,98.94292650391611,286.9111021555001,16.983234973123995,3.63231946358631,0.002202182028487658,0,117.58486847081394,0.35829714032628773,1.9356716016336275,1.5773744613073397,290.15323497312403,0.3971711697387962,0.5630201340111545,0.9797398222043897,,,,,,,2.4609025822284543,0.12267842082295952,66.97383243068886,,,,,,,,,,,,0.07724057013989283,0.012827828958032148,,,,
19.5,19.5,0.0,278.904946614216,15.078553143225541,3.5097601594073122,0.002243280957156949,0,121.69088113470936,0.36498397566605023,1.7139898351466933,1.349005859480643,288.24855314322554,1e-05,0.6204317205087916,0.9435593819181202,,,,,,,2.4653995360288445,0.1102745523666589,66.85167039330929,,,,,,,,,,,,0.07724057013989283,0.012827828958032148,,,,
20.5,20.5,0.0,274.0283627743941,13.898220659485103,3.847658285607648,0.002475947558665807,0,111.00408993370948,0.40283905616877763,1.588076813570444,1.1852377574016664,287.0682206594851,1e-05,0.6628229907675286,0.9120349846386021,,,,,,,2.4681863010229557,0.10313601368150709,66.77618991001972,,,,,,,,,,,,0.07724057013989283,0.012827828958032148,,,,
21.5,21.5,0.0,276.19628197022314,14.424874646126078,3.507025565728604,0.002078406146473044,0,121.78576926941797,0.33815868492455314,1.6432181394554763,1.305059454530923,287.5948746461261,1e-05,0.6317071708763571,0.9269615497722731,,,,,,,2.466942870960496,0.10627103443585843,66.80984756904702,,,,,,,,,,,,0.07724057013989283,0.012827828958032148,,,,
22.5,22.5,0.0,272.6487277091141,13.561435835999358,2.9862392390242243,0.002035323531224657,0,143.02464477338182,0.33114910186484775,1.553672233502556,1.222523131637708,286.7314358359994,1e-05,0.6530820919276197,0.901762758304518,,,,,,,2.4689814499912055,0.1011727491136489,66.75468427314635,,,,,,,,,,,,0.07724057013989283,0.012827828958032148,,,,
23.5,23.5,0.0,269.7788904482391,12.856759928793041,3.0955206198304084,0.0021927205314559695,0,137.97543574210573,0.35675774563238605,1.4837945875204455,1.1270368418880594,286.02675992879307,1e-05,0.6781337183568529,0.8784348072732848,,,,,,,2.4706451898081196,0.09716754948521325,66.70973147027165,,,,,,,,,,,,0.07724057013989283,0.012827828958032148,,,,
24.5,0.5,0.0,265.69332199518436,11.843802584848534,2.411089447796404,0.0024674783248215264,0,177.14224860472254,0.4014611036526342,1.3881832336976825,0.9867221300450483,285.0138025848486,1e-05,0.7155750967526623,0.8405516271155719,,,,,,,2.4730367820971724,0.09164706717794732,66.64521868965147,,,,,,,,,,,,0.07724057013989283,0.012827828958032148,,,,
25.5,1.5,0.0,270.9902069554572,13.154875768886653,2.3352274165732876,0.0020462589950241963,0,182.89687905279425,0.3329283123737117,1.513012448403007,1.1800841360292953,286.32487576888667,1e-05,0.6641735430330585,0.8886067912480092,,,,,,,2.4699413383096585,0.09884517478186157,66.72874153489506,,,,,,,,,,,,0.07724057013989283,0.012827828958032148,,,,
26.5,2.5,0.0,265.71515689178,11.849247180343216,2.238834361221276,0.0023051170087528268,0,190.77150760576546,0.3750447609096239,1.388682314516983,1.0136375536073592,285.01924718034326,1e-05,0.7083350317541199,0.8407689610788524,,,,,,,2.4730239274072097,0.09167600933300821,66.64556510911562,,,,,,,,,,,,0.07724057013989283,0.012827828958032148,,,,
27.5,3.5,0.0,262.49325954707354,11.04220341783844,2.207183468369386,0.0023784680667895777,0,193.50716081853824,0.3869790488088509,1.3164012807508754,0.9294222319420244,284.21220341783845,1e-05,0.7310800628131323,0.8069365780763745,,,,,,,2.4749293577304834,0.0874700127956123,66.59425516757165,,,,,,,,,,,,0.07724057013989283,0.012827828958032148,,,,
28.5,4.5,0.0,260.0215370274312,10.418017833014291,2.3048536602262777,0.002301629722466132,0,185.3071254544824,0.3744773760668369,1.2627863126709666,0.8883089366041297,283.5880178330143,1e-05,0.7422819190326966,0.7785364792208581,,,,,,,2.476403059896253,0.08433087907520759,66.55462506871673,,,,,,,,,,,,0.07724057013989283,0.012827828958032148,,,,
29.5,5.5,98.94292650391611,266.9568321226208,12.158311932977485,2.1916861393803444,0.0023609256664384654,0,194.87544256246903,0.38412488334979533,1.4172725446034122,1.0331476612536168,285.3283119329775,0.3971711697387962,0.7031041557042621,0.8528630055057614,,,,,,,2.47229422552624,0.09333174155465647,66.66523566196337,,,,,,,,,,,,0.07724057013989283,0.012827828958032148,,,,
30.5,6.5,301.35921120210173,269.03431915514886,12.673015731416598,2.293972694349259,0.002220462885974997,0,186.1860899311762,0.36127145347374545,1.466033896575822,1.1047624431020764,285.8430157314166,0.7213013052566533,0.684027431025751,0.8719439404481238,,,,,,,2.4710790098581255,0.09614566477407803,66.69801997949097,,,,,,,,,,,,0.07724057013989283,0.012827828958032148,,,,
31.5,7.5,496.87832926664043,272.2773912659175,13.470570081256357,2.4859950467857805,0.0022906948243341246,0,171.80476965229354,0.3726982575926261,1.5445025468806344,1.1718042892880083,286.6405700812564,0.8556070264768257,0.6663454637440632,0.8988941277714715,,,,,,,2.4691959840381537,0.10064853280251472,66.74888434772025,,,,,,,,,,,,0.07724057013989283,0.012827828958032148,,,,
32.5,8.5,672.1759755206294,279.5161695717117,15.225399858622021,2.674098349288928,0.00244533603741131,0,159.71955798983456,0.39785853213187233,1.730251204471361,1.3323926723394885,288.39539985862206,0.924826174148243,0.6246855840245523,0.9469941438450555,,,,,,,2.4650528309337933,0.111191343919355,66.86107295638917,,,,,,,,,,,,0.07724057013989283,0.012827828958032148,,,,
33.5,9.5,815.3059047139755,284.9939442423784,16.53080450201015,2.844240141791068,0.00229254838729026,0,150.16517068801994,0.37299983407359216,1.880857962005593,1.5078581279320007,289.70080450201016,0.9636180397595431,0.5802866412703171,0.9727882726651089,,,,,,,2.461970770570754,0.11962977928334147,66.94477413808167,,,,,,,,,,,,0.07724057013989283,0.012827828958032148,,,,
34.5,10.5,916.5140484190015,295.6386407316782,19.014652430408887,3.2511319692809,0.0026282470832714195,0,131.37141475811669,0.42761833573483543,2.1994028053570327,1.7717844696221974,292.1846524304089,0.9850452483425146,0.5157073517550792,0.9983380208519047,,,,,,,2.4561064056118047,0.13719233928127292,67.10461598644098,,,,,,,,,,,,0.07724057013989283,0.012827828958032148,,,,
35.5,11.5,968.9032386939596,306.82300695831015,21.553185999255252,3.557649201413313,0.0026890238135408714,0,120.05281639350544,0.4375067683767463,2.5727770098544327,2.1352702414776865,294.7231859992553,0.9946793266924668,0.4311002369450136,0.9925765750299262,,,,,,,2.4501129278557583,0.157350117269048,67.26876761335997,,,,,,,,,,,,0.07724057013989283,0.012827828958032148,,,,
36.5,12.5,968.9032386939596,304.80715998141864,21.100832702472907,4.249976307194474,0.00269289315368506,0,100.49604409482417,0.4381363137506882,2.502450648830812,2.0643143350801236,294.27083270247294,0.9946793266924668,0.44722197893673055,0.9959624606058132,,,,,,,2.4511809339894612,0.15358530263644707,67.23945788129511,,,,,,,,,,,,0.07724057013989283,0.012827828958032148,,,,
37.5,13.5,916.5140484190015,312.27562660655417,22.76567701408462,4.167542170606992,0.0023816635876860526,0,102.48385952326596,0.3874989631412034,2.7698654007471992,2.3823664376059956,295.93567701408466,0.9850452483425146,0.37645123067255754,0.9784545011724375,,,,,,,2.447250236569746,0.1678280475875331,67.34745581287056,,,,,,,,,,,,0.07724057013989283,0.012827828958032148,,,,
38.5,14.5,815.3059047139755,307.9907934177501,21.814216893936297,4.560704240854497,0.0024620539877522303,0,93.64909097673716,0.40057855877898024,2.6141395585591485,2.213560999780168,294.9842168939363,0.9636180397595431,0.41353396676269616,0.9901572082945442,,,,,,,2.4494966339134163,0.15955787318972153,67.28569245147362,,,,,,,,,,,,0.07724057013989283,0.012827828958032148,,,,
39.5,15.5,672.1759755206294,308.66369860603356,21.964291912152447,3.916111344874105,0.0025416161896225768,0,109.0637545147492,0.4135234057713903,2.6381822359655427,2.2246588301941523,295.13429191215243,0.924826174148243,0.4110627704348507,0.9886119950843018,,,,,,,2.449142306795408,0.16083898860238308,67.29542693910359,,,,,,,,,,,,0.07724057013989283,0.012827828958032148,,,,
40.5,16.5,496.87832926664043,303.51349994824284,20.8093538806747,4.465188770432687,0.0023426340050028624,0,95.652351631348,0.38114881238953324,2.4580303359552094,2.0768815235656763,293.9793538806747,0.8556070264768257,0.44435267266097866,0.9976021649410185,,,,,,,2.451869115487727,0.15119997007474975,67.22058536050066,,,,,,,,,,,,0.07724057013989283,0.012827828958032148,,,,
41.5,17.5,301.35921120210173,295.9653544924746,19.089819907087158,4.00839556684887,0.002470877757681094,0,106.55280878517074,0.4020141946580816,2.209736815821144,1.8077226211630624,292.25981990708715,0.7213013052566533,0.5071185157291682,0.9986303335751389,,,,,,,2.455928935199367,0.13775613548124874,67.10946510227039,,,,,,,,,,,,0.07724057013989283,0.012827828958032148,,,,
42.5,18.5,98.94292650391611,292.47416227404483,18.28335296152627,3.524443434701774,0.0026507409301951604,0,121.18390159549092,0.4312781063275727,2.10104977018532,1.6697716638577473,291.45335296152626,0.3971711697387962,0.5403547099746947,0.9940197073459511,,,,,,,2.457833003657836,0.13180842411529234,67.05747580292588,,,,,,,,,,,,0.07724057013989283,0.012827828958032148,,,,
43.5,19.5,0.0,279.9411917873236,15.327369826055989,3.8223772348328646,0.002209920488585735,0,111.73826656291531,0.3595561952489974,1.7416224819210897,1.3820662866720923,288.497369826056,1e-05,0.6119976871860239,0.9493158037917226,,,,,,,2.464812079840682,0.11183176395310374,66.86760362723929,,,,,,,,,,,,0.07724057013989283,0.012827828958032148,,,,
44.5,20.5,0.0,277.7170815652063,14.792476050186812,3.4967227311988336,0.0022650030131659187,0,122.1446020180567,0.3685181751324614,1.68269491937634,1.3141767442438788,287.9624760501868,1e-05,0.6293618893042466,0.9365583811376463,,,,,,,2.4660749640455086,0.1085069533771321,66.83336053176707,,,,,,,,,,,,0.07724057013989283,0.012827828958032148,,,,
45.5,21.5,0.0,270.5389254484087,13.04392838310694,3.352931671597327,0.002515476704623529,0,127.38279458176426,0.4092704863471079,1.5020802033265352,1.0928097169794273,286.213928383107,1e-05,0.6871978453602843,0.8848730800259972,,,,,,,2.4702032850874844,0.09821796930658605,66.72166544567642,,,,,,,,,,,,0.07724057013989283,0.012827828958032148,,,,
46.5,22.5,0.0,271.19695242752493,13.205657785012761,3.216158519794919,0.002221848649734662,0,132.79998598981012,0.36149691857419264,1.5180395304704244,1.1565426118962319,286.3756577850128,1e-05,0.6703556435973602,0.8902952255468455,,,,,,,2.469821441969585,0.09913338981303668,66.7319808508034,,,,,,,,,,,,0.07724057013989283,0.012827828958032148,,,,
47.5,23.5,0.0,269.1887779309227,12.711164163002934,3.027559771396015,0.0020398191109232675,0,141.07262568521787,0.3318805370183837,1.469705887229737,1.1378253502113533,285.88116416300295,1e-05,0.6752859015092028,0.8733054408147163,,,,,,,2.47098894141115,0.09635706945348362,66.70045114661406,,,,,,,,,,,,0.07724057013989283,0.012827828958032148,,,,
48.5,0.5,0.0,269.4312808439805,12.771024743809054,2.436243468225368,0.0024133223142253734,0,175.31326894880928,0.39264986848811545,1.4754840661216853,1.0828341976335698,285.94102474380907,1e-05,0.6898479694182241,0.8754271708312104,,,,,,,2.4708476105798667,0.09668959261507834,66.70426636782283,,,,,,,,,,,,0.07724057013989283,0.012827828958032148,,,,
49.5,1.5,0.0,270.2339248349845,12.968865468641798,2.399144936881654,0.0019896238081950506,0,178.02417844955826,0.32371371284459666,1.494723233062109,1.1710095202175124,286.1388654686418,1e-05,0.6665540799255846,0.8823120823565112,,,,,,,2.4703805086285366,0.09779554906425819,66.71687887544003,,,,,,,,,,,,0.07724057013989283,0.012827828958032148,,,,
50.5,2.5,0.0,266.6130069227198,12.072838700492092,2.3537394932111977,0.0023101744263735215,0,181.45840166325075,0.37586760763504884,1.409314537856278,1.033446930221229,285.2428387004921,1e-05,0.7030240310161726,0.8495661214335418,,,,,,,2.472496027828138,0.0928713135003505,66.6597945215685,,,,,,,,,,,,0.07724057013989283,0.012827828958032148,,,,
51.5,3.5,0.0,264.6069464952386,11.57248695346099,2.2053008499927875,0.0022135677700360953,0,193.67235376124336,0.36014961145924895,1.3635116764779582,1.0033620650187092,284.742486953461,1e-05,0.7110958192761098,0.8295336957155964,,,,,,,2.4736773583028784,0.09021464409157547,66.62796044003643,,,,,,,,,,,,0.07724057013989283,0.012827828958032148,,,,
52.5,4.5,0.0,263.40855743133085,11.272225792250687,2.2234237489960123,0.0020329185791369254,0,192.09375026358944,0.3307578138402843,1.336657832523505,1.0059000186832208,284.4422257922507,1e-05,0.7104135563684024,0.8169112515229532,,,,,,,2.474386274904496,0.08865168596953214,66.60887139651605,,,,,,,,,,,,0.07724057013989283,0.012827828958032148,,,,
53.5,5.5,98.94292650391611,268.074486960634,12.435586191483255,2.2453594917737276,0.0020143520646349433,0,190.21711576010506,0.32773702402099075,1.4433605781589256,1.115623554137935,285.60558619148327,0.3971711697387962,0.6811512712560538,0.8633066110710428,,,,,,,2.471639581001908,0.09483877374968894,66.6828927798639,,,,,,,,,,,,0.07724057013989283,0.012827828958032148,,,,
54.5,6.5,301.35921120210173,267.9357275612061,12.401209153201679,2.260071552614055,0.002247545613063168,0,188.97888691876705,0.36567783929580805,1.4401033978095383,1.0744255585137303,285.5712091532017,0.7213013052566533,0.6920847688712481,0.8620326663863154,,,,,,,2.4717207451892906,0.09465081075405135,66.6807031058017,,,,,,,,,,,,0.07724057013989283,0.012827828958032148,,,,
55.5,7.5,496.87832926664043,276.95175650995805,14.60767406755427,2.49193905613823,0.002157301727100465,0,171.39496462311632,0.35099507199769625,1.6627462618000952,1.311751189802399,287.7776740675543,0.8556070264768257,0.6299855172256756,0.9318182796382629,,,,,,,2.4665112815265045,0.1073779573831356,66.8215379369417,,,,,,,,,,,,0.07724057013989283,0.012827828958032148,,,,
56.5,8.5,672.1759755206294,285.4967635568821,16.64968522388355,2.675134421613198,0.002352553856774757,0,159.65769903712513,0.38276278184180934,1.8951274288457813,1.512364647003972,289.81968522388354,0.924826174148243,0.579161743054422,0.9747139948120384,,,,,,,2.461690093186411,0.12042454489779113,66.95240705830689,,,,,,,,,,,,0.07724057013989283,0.012827828958032148,,,,
57.5,9.5,815.3059047139755,285.3265165499953,16.609451607053543,2.8367384928688355,0.0022030475518719913,0,150.56227686953102,0.3584379618158288,1.8902875346555352,1.5318495728397064,289.77945160705355,0.9636180397595431,0.5743068803005849,0.974070170121725,,,,,,,2.4617850847557463,0.1201550668788583,66.94982360199438,,,,,,,,,,,,0.07724057013989283,0.012827828958032148,,,,
58.5,10.5,916.5140484190015,297.7971779755203,19.51012124625015,3.158289178444259,0.0026710642342164144,0,135.23328050035042,0.4345847274963041,2.268306306274572,1.8337215787782677,292.68012124625017,0.9850452483425146,0.500935637056136,0.9997441939572487,,,,,,,2.4549366037376035,0.14094490540642038,67.13659200791093,,,,,,,,,,,,0.07724057013989283,0.012827828958032148,,,,
59.5,11.5,968.9032386939596,302.6545605543676,20.615308296292266,3.395745487015724,0.002740797583566191,0,125.7767426925527,0.44593041070240924,2.4288420351427473,1.9829116244403382,293.78530829629227,0.9946793266924668,0.465952962993288,0.9984582271994362,,,,,,,2.452327257112454,0.14962941725002327,67.2080272697716,,,,,,,,,,,,0.07724057013989283,0.012827828958032148,,,,
60.5,12.5,968.9032386939596,305.38925105790725,21.231682974752307,3.793873037256316,0.0025872752341493436,0,112.57778058873885,0.42095217635998966,2.522618831568534,2.1016666552085446,294.4016829747523,0.9946793266924668,0.4387113887136708,0.9950882120957238,,,,,,,2.45087199649661,0.1546664227163679,67.2479335542671,,,,,,,,,,,,0.07724057013989283,0.012827828958032148,,,,
61.5,13.5,916.5140484190015,313.5318734009459,23.042773243408593,3.568117701843538,0.0025008982365817647,0,119.70059343869211,0.406898555533882,2.8167141431005924,2.4098155875667104,296.2127732434086,0.9850452483425146,0.37052362677253015,0.9741952202160944,,,,,,,2.446596012372312,0.17030353980152346,67.36546464432683,,,,,,,,,,,,0.07724057013989283,0.012827828958032148,,,,
62.5,14.5,815.3059047139755,310.0711596557123,22.277399994209162,4.418511329224515,0.0024768513273818044,0,96.66282929837692,0.402986100210673,2.688966178497105,2.285980078286432,295.44739999420915,0.9636180397595431,0.39749250941419184,0.9850255831708626,,,,,,,2.448403058613672,0.16353982836736597,67.31574549810425,,,,,,,,,,,,0.07724057013989283,0.012827828958032148,,,,
63.5,15.5,672.1759755206294,309.7701342822326,22.21052271650924,4.757052491266888,0.0024435554218028284,0,89.78370685500421,0.3975688242547367,2.6780480308750323,2.2804792066202957,295.38052271650923,0.924826174148243,0.3987040063922924,0.9858327789904588,,,,,,,2.4485609558663217,0.16295975797545412,67.31140459278649,,,,,,,,,,,,0.07724057013989283,0.012827828958032148,,,,
64.5,16.5,496.87832926664043,306.61024802912254,21.505548587233932,4.617397152577954,0.0025045565094923617,0,92.49925710447387,0.40749376006531673,2.5652904786486443,2.1577967185833278,294.67554858723395,0.8556070264768257,0.426022054290769,0.9929813423295458,,,,,,,2.4502253997855408,0.15695000621546046,67.26567979617049,,,,,,,,,,,,0.07724057013989283,0.012827828958032148,,,,
65.5,17.5,301.35921120210173,302.19121137441846,20.51046013782469,4.579395833377743,0.0024482511668393638,0,93.2668460884593,0.3983328265018386,2.4131972346536172,2.014864408151779,293.6804601378247,0.7213013052566533,0.4585705197789035,0.998842435002079,,,,,,,2.452574803614596,0.1487865607574233,67.20124374086885,,,,,,,,,,,,0.07724057013989283,0.012827828958032148,,,,
66.5,18.5,98.94292650391611,294.2108597905655,18.685427992810574,3.7594745955475357,0.0023422794620276254,0,113.60784479714496,0.38109112790545935,2.154637596134191,1.7735464682287316,291.8554279928106,0.3971711697387962,0.515285108678145,0.9967248873008959,,,,,,,2.456883704508974,0.1347459436340562,67.08338570032465,,,,,,,,,,,,0.07724057013989283,0.012827828958032148,,,,
67.5,19.5,0.0,280.6987996248313,15.508845081571225,3.7261586267129028,0.0024467320076731287,0,114.62362426222117,0.39808565784006533,1.7620220022515374,1.363936344411472,288.67884508157124,1e-05,0.616617666946202,0.9533190504273473,,,,,,,2.4643836167624102,0.11297926678216459,66.87922937377157,,,,,,,,,,,,0.07724057013989283,0.012827828958032148,,,,
68.5,20.5,0.0,279.46766715232815,15.213755922750888,3.2332063040515204,0.0022521357133047245,0,132.0997691469823,0.36642465303285876,1.728956870226639,1.3625322171937801,288.3837559227509,1e-05,0.6169759961364385,0.946725726548156,,,,,,,2.465080322266385,0.11111841305484114,66.86032730117562,,,,,,,,,,,,0.07724057013989283,0.012827828958032148,,,,
69.5,21.5,0.0,270.7066590520543,13.085181821436354,3.241539695610614,0.002470150096201909,0,131.7601653770028,0.40189580343349385,1.5061370021639058,1.104241198730412,286.2551818214364,1e-05,0.6841655758642615,0.8862685693452949,,,,,,,2.4701058857195886,0.09845078562797381,66.7242963644872,,,,,,,,,,,,0.07724057013989283,0.012827828958032148,,,,
70.5,22.5,0.0,274.33235656137043,13.972258002205361,3.459172445856794,0.002422984839255018,0,123.47051586900143,0.3942219706312023,1.5957291765343444,1.2015072059031422,287.1422580022054,1e-05,0.6585660595386417,0.9142171467181828,,,,,,,2.468011498856793,0.10357192661615833,66.78091947576517,,,,,,,,,,,,0.07724057013989283,0.012827828958032148,,,,
71.5,23.5,0.0,269.96337109596044,12.902226986097729,3.1318871756089495,0.0020105106997727468,0,136.37330542941072,0.32711203025241475,1.4882184733043886,1.161106443051974,286.07222698609775,1e-05,0.6691555172528834,0.8800149026696192,,,,,,,2.470537842085823,0.09742183451959216,66.71263008514262,,,,,,,,,,,,0.07724057013989283,0.012827828958032148,,,,
72.5,0.5,0.0,270.6615497283964,13.074089240809876,2.4257701426999523,0.002163855958740475,0,176.07018853583244,0.35206145180793585,1.5050452308255768,1.152983779017641,286.2440892408099,1e-05,0.6712920401404624,0.8858941745346486,,,,,,,2.470132075302448,0.09838813784512086,66.72358891993157,,,,,,,,,,,,0.07724057013989283,0.012827828958032148,,,,
73.5,1.5,0.0,269.2539222641866,12.72724867408195,2.3804149381566377,0.0024108894741035106,0,179.42493954458166,0.39225404305349726,1.471256525984054,1.0790024829305567,285.897248674082,1e-05,0.6908669185455548,0.8738773090054249,,,,,,,2.4709509658804922,0.09644632247469508,66.701476251953,,,,,,,,,,,,0.07724057013989283,0.012827828958032148,,,,
74.5,2.5,0.0,268.8878222322496,12.636818547570414,2.2952107098494414,0.002017928253494188,0,186.08566287048677,0.32831887339808974,1.4625571740892314,1.1342383006911416,285.8068185475704,1e-05,0.6762322756201593,0.870645351481057,,,,,,,2.4711644714091863,0.09594543843985243,66.6957133275841,,,,,,,,,,,,0.07724057013989283,0.012827828958032148,,,,
75.5,3.5,0.0,262.1924706007945,10.96648120389908,2.19146023253813,0.0020006578087643704,0,194.895531312062,0.3255089553809555,1.3097922074634825,0.984283252082527,284.1364812038991,1e-05,0.7162324984969372,0.8035950863779155,,,,,,,2.4751081378775943,0.08708396181747656,66.58944498148183,,,,,,,,,,,,0.07724057013989283,0.012827828958032148,,,,
76.5,4.5,0.0,266.04282607321755,11.93091217873374,2.2135114177891833,0.0022325229780664514,0,192.95396578363244,0.3632336420905545,1.3961871009180562,1.0329534588275018,285.1009121787338,1e-05,0.7031561522539272,0.8440110289798092,,,,,,,2.4728311163460095,0.09211105603092157,66.65076158292574,,,,,,,,,,,,0.07724057013989283,0.012827828958032148,,,,
77.5,5.5,98.94292650391611,264.9316644440777,11.653670673181065,2.2593023141135813,0.002170716344443497,0,189.04322971817308,0.3531776431795529,1.3708532480224696,1.0176756048429167,284.8236706731811,0.3971711697387962,0.7072511984103801,0.8328690968485023,,,,,,,2.4734856835406194,0.09064124273845035,66.63312355804521,,,,,,,,,,,,0.07724057013989283,0.012827828958032148,,,,
78.5,6.5,301.35921120210173,264.9578475160948,11.660213530461613,2.2593896378584306,0.0023392376860066496,0,189.03592333662613,0.38059622801265747,1.3714464382020757,0.9908502101894182,284.8302135304616,0.7213013052566533,0.7144628841134644,0.8331364726053684,,,,,,,2.47347023585458,0.09067569842164724,66.63353970518845,,,,,,,,,,,,0.07724057013989283,0.012827828958032148,,,,
79.5,7.5,496.87832926664043,273.8096329543133,13.844911143689524,2.4880843750347448,0.0022867356086020774,0,171.66049940079282,0.3720540893738428,1.582586797560546,1.2105327081867032,287.0149111436895,0.8556070264768257,0.656208857900889,0.9104467784551702,,,,,,,2.468312164789749,0.10282310804075684,66.77278486955764,,,,,,,,,,,,0.07724057013989283,0.012827828958032148,,,,
80.5,8.5,672.1759755206294,281.0032625877028,15.581671813722693,2.7292727578848806,0.002115190374485631,0,156.49070073185734,0.3441435143053792,1.7702671176666902,1.426123603361311,288.75167181372274,0.924826174148243,0.6008227958772983,0.9548792690542054,,,,,,,2.4642116728478007,0.11344256787634172,66.88389596821688,,,,,,,,,,,,0.07724057013989283,0.012827828958032148,,,,
81.5,9.5,815.3059047139755,287.88562091428776,17.212343157247236,2.872552247392403,0.0025398744903183212,0,148.68513070823508,0.41324002961449213,1.9639588000187385,1.5507187704042464,290.38234315724725,0.9636180397595431,0.5696191828786935,0.9828696816339741,,,,,,,2.460361657805739,0.12424720515555815,66.98855700645586,,,,,,,,,,,,0.07724057013989283,0.012827828958032148,,,,
82.5,10.5,916.5140484190015,300.48861722106966,20.12415299065372,3.1484611774968387,0.002479222469234686,0,135.6554145950566,0.40337188727741197,2.356312447433995,1.9529405601565832,293.29415299065374,0.9850452483425146,0.4729128078305185,0.9997836850452236,,,,,,,2.4534868747890664,0.14571566634415498,67.17626202283545,,,,,,,,,,,,0.07724057013989283,0.012827828958032148,,,,
83.5,11.5,968.9032386939596,303.62684935750957,20.83493021390519,3.489520944743366,0.002466463780903869,0,122.39668800760988,0.4012960363785716,2.4619002982353333,2.0606042618567617,294.0049302139052,0.9946793266924668,0.4480702001656369,0.9974752881629512,,,,,,,2.4518087297649696,0.15140801387399794,67.22224093973973,,,,,,,,,,,,0.07724057013989283,0.012827828958032148,,,,
84.5,12.5,968.9032386939596,304.8519333952588,21.110904123630238,3.537424193546006,0.002319588836429427,0,120.73921107596425,0.3773993412325692,2.5039979535178256,2.1265986122852563,294.28090412363025,0.9946793266924668,0.4330602375261243,0.9958982115651674,,,,,,,2.451157155364109,0.1536682878780381,67.24011016989861,,,,,,,,,,,,0.07724057013989283,0.012827828958032148,,,,
85.5,13.5,916.5140484190015,308.41977336638456,21.909918741487026,3.8218934618123406,0.0027540917924674686,0,111.75241032680181,0.44809339131464276,2.6294491969691514,2.1813558056545084,295.07991874148706,0.9850452483425146,0.42073171753045585,0.9891848450720272,,,,,,,2.449270681851349,0.1603738320412229,67.29189974455466,,,,,,,,,,,,0.07724057013989283,0.012827828958032148,,,,
86.5,14.5,815.3059047139755,311.9739496511507,22.699010260707965,4.556799472471323,0.0026741170732811417,0,93.7293398469734,0.43508142735699606,2.7586960943062344,2.323614666949238,295.86901026070797,0.9636180397595431,0.38923481453535463,0.979421950309881,,,,,,,2.4474076367744684,0.167237021675294,67.34312449381557,,,,,,,,,,,,0.07724057013989283,0.012827828958032148,,,,
87.5,15.5,672.1759755206294,312.2289505777101,22.75536536749383,4.033005263695143,0.00231449877751045,0,105.90261565353089,0.3765711837364269,2.768135216996546,2.3915640332601193,295.92536536749384,0.924826174148243,0.3744618337676281,0.9786055936666691,,,,,,,2.447274582367347,0.16773651586223096,67.3467858318476,,,,,,,,,,,,0.07724057013989283,0.012827828958032148,,,,
88.5,16.5,496.87832926664043,306.55957356414194,21.494198755234592,4.17850814798708,0.0024851973502019323,0,102.21490332034513,0.4043440061743337,2.563509588442475,2.1591655822681415,294.6641987552346,0.8556070264768257,0.4257140904650557,0.9930761062576888,,,,,,,2.450252196738891,0.15685480484012207,67.26494415137198,,,,,,,,,,,,0.07724057013989283,0.012827828958032148,,,,
89.5,17.5,301.35921120210173,294.35449295295257,18.718601741320064,4.0772614501373265,0.0022511691525933307,0,104.75310734743007,0.3662673926727413,2.159111870644632,1.7928444779718908,291.8886017413201,0.7213013052566533,0.5106682803843212,0.9969119847765081,,,,,,,2.4568053812887434,0.1349907643858695,67.08552432588777,,,,,,,,,,,,0.07724057013989283,0.012827828958032148,,,,
90.5,18.5,98.94292650391611,294.5110800073575,18.754753512300177,4.255060739216054,0.0025069282216037894,0,100.3759599559707,0.4078796399136712,2.1639970587044317,1.7561174187907604,291.9247535123002,0.3971711697387962,0.5194669718142627,0.997109612476723,,,,,,,2.456720026957459,0.13525799172693226,67.08785509211464,,,,,,,,,,,,0.07724057013989283,0.012827828958032148,,,,
91.5,19.5,0.0,280.35766365132486,15.427175850569586,4.038791964516552,0.0024762562588246237,0,105.75088049153797,0.40288928198239854,1.7528158397216105,1.3499265577392119,288.5971758505696,1e-05,0.6201962792885651,0.9515378487729815,,,,,,,2.464576437816805,0.11246162504339005,66.87399694383873,,,,,,,,,,,,0.07724057013989283,0.012827828958032148,,,,
92.5,20.5,0.0,275.89235452764484,14.351228643742491,3.410725378613758,0.002271318073547862,0,125.22433176468903,0.36954564154830166,1.6354077065490555,1.265862065000754,287.5212286437425,1e-05,0.6418260746293201,0.9249576610646314,,,,,,,2.4671167491721238,0.1058278282445305,66.80513892410012,,,,,,,,,,,,0.07724057013989283,0.012827828958032148,,,,
93.5,21.5,0.0,270.2557157075816,12.974230471162244,3.4195053932649015,0.0024387983706968654,0,124.90280237925825,0.3967948474510013,1.495248009174264,1.0984531617232627,286.14423047116225,1e-05,0.6857002669724551,0.8824960604186494,,,,,,,2.470367841857586,0.09782568947864825,66.71722096515191,,,,,,,,,,,,0.07724057013989283,0.012827828958032148,,,,
94.5,22.5,0.0,272.01741536651406,13.406898841307703,3.348129403370125,0.0020808664159105528,0,127.56550148266733,0.3385589731352861,1.5381055193085498,1.1995465461732637,286.5768988413077,1e-05,0.6590785367370959,0.8968594287630139,,,,,,,2.469346311835672,0.10028258376300404,66.74482083798783,,,,,,,,,,,,0.07724057013989283,0.012827828958032148,,,,
95.5,23.5,0.0,268.9956838091368,12.66347095466176,2.959526261787294,0.002479887474970849,0,144.31559938645023,0.4034800843521703,1.4651164215409398,1.0616363371887694,285.8334709546618,1e-05,0.6954920070194,0.8716021536058091,,,,,,,2.4711015450760434,0.09609283291162114,66.69741172669863,,,,,,,,,,,,0.07724057013989283,0.012827828958032148,,,,
96.5,0.5,0.0,272.09713787398937,13.426428697025697,2.434520593193984,0.0021247088101692354,0,175.43733561498846,0.3456921729728724,1.5400652002070008,1.1943730272341284,286.5964286970257,1e-05,0.6604314922746265,0.8974856864193106,,,,,,,2.4693002018463224,0.10039471060620606,66.74606718421002,,,,,,,,,,,,0.07724057013989283,0.012827828958032148,,,,
97.5,1.5,0.0,266.7906225078545,12.117003366045482,2.3454696042346788,0.002340575866119684,0,182.09820566365318,0.38081395120789713,1.4134215860086734,1.0326076348007762,285.2870033660455,1e-05,0.7032487481376899,0.8512742073115163,,,,,,,2.4723917550527665,0.09310897797579165,66.6626058890495,,,,,,,,,,,,0.07724057013989283,0.012827828958032148,,,,
98.5,2.5,0.0,268.4685562615504,12.53314243473336,2.313936231595677,0.0022233447158273626,0,184.57976522336753,0.3617403299706256,1.4526391620384165,1.0908988320677908,285.70314243473337,1e-05,0.6877052035295188,0.8668896741805276,,,,,,,2.4714092507115946,0.09537391296222551,66.68910748916326,,,,,,,,,,,,0.07724057013989283,0.012827828958032148,,,,
99.5,3.5,0.0,263.8954575117599,11.39434386960542,2.260798386008478,0.0023025023031232124,0,188.91813131724882,0.3746193457814616,1.3475228619145017,0.97290351613304,284.5643438696054,1e-05,0.7193029043295333,0.8220992641243404,,,,,,,2.4740979541238617,0.0892845429892844,66.61663370914648,,,,,,,,,,,,0.07724057013989283,0.012827828958032148,,,,
100.5,4.5,0.0,263.92770901894187,11.402426812654232,2.272677628264428,0.002248879094291006,0,187.93065987803163,0.3658947979778936,1.348244743739479,0.9823499457615853,284.57242681265427,1e-05,0.7167537835540113,0.8224400254298284,,,,,,,2.4740788702953234,0.08932656704322332,66.61714755712067,,,,,,,,,,,,0.07724057013989283,0.012827828958032148,,,,
101.5,5.5,98.94292650391611,266.00144219141407,11.920602236349305,2.1967608708480886,0.0024480054520755364,0,194.4252613188999,0.39829284847274005,1.395237685273051,0.996944836800311,285.0906022363493,0.3971711697387962,0.7128220162471377,0.8436035675408933,,,,,,,2.4728554581199793,0.09205603596946353,66.65010550019028,,,,,,,,,,,,0.07724057013989283,0.012827828958032148,,,,
102.5,6.5,301.35921120210173,265.1251385259396,11.702006242336079,2.2906264240686136,0.0023719519068804507,0,186.45808058528718,0.38591886330595115,1.3752407827924473,0.9893219194864962,284.8720062423361,0.7213013052566533,0.7148745700647983,0.8348392936884421,,,,,,,2.4733715632618445,0.09089604865221688,66.63619798113191,,,,,,,,,,,,0.07724057013989283,0.012827828958032148,,,,
103.5,7.5,496.87832926664043,271.4524042209004,13.268363243411187,2.486812365327461,0.002496198196604777,0,171.74830410397,0.4061338544958255,1.5242671782291122,1.1181333237332867,286.43836324341123,0.8556070264768257,0.6804872900770951,0.8923623076864581,,,,,,,2.469673394382306,0.09949026324824271,66.73598118088015,,,,,,,,,,,,0.07724057013989283,0.012827828958032148,,,,
104.5,8.5,672.1759755206294,278.5376900517742,14.99020339665342,2.6601638502444804,0.0022418687093823677,0,160.5562027055292,0.364754201590829,1.7042709471512891,1.3395167455604602,288.16020339665346,0.924826174148243,0.6228601562340396,0.9414409220955882,,,,,,,2.465608129780501,0.10972606906699625,66.84601465241381,,,,,,,,,,,,0.07724057013989283,0.012827828958032148,,,,
105.5,9.5,815.3059047139755,287.50613276676194,17.123195204985432,3.1235763727193326,0.002185411966123959,0,136.7361496584579,0.3555686350028049,1.9529092728997415,1.5973406378969366,290.29319520498547,0.9636180397595431,0.5580948693217033,0.9816830195042158,,,,,,,2.460572136121029,0.123634767570008,66.98282677875171,,,,,,,,,,,,0.07724057013989283,0.012827828958032148,,,,
106.5,10.5,916.5140484190015,298.64853888814395,19.704801340084558,3.4281755138429872,0.0025578549214017644,0,124.58691354778037,0.41616546309623564,2.2958922275896185,1.8797267644933828,292.87480134008456,0.9850452483425146,0.4900579647744339,0.9999608132388884,,,,,,,2.4544769640360604,0.14244295616893332,67.14916439851197,,,,,,,,,,,,0.07724057013989283,0.012827828958032148,,,,
107.5,11.5,968.9032386939596,300.5718651224166,20.143079499123058,3.6658446897946977,0.0026522044251412885,0,116.50952031841082,0.43151621836703924,2.3590718630257976,1.9275556446587583,293.3130794991231,0.9946793266924668,0.4788343615916222,0.999754953068072,,,,,,,2.4534421893025704,0.14586486059854858,67.17748552994011,,,,,,,,,,,,0.07724057013989283,0.012827828958032148,,,,
108.5,12.5,968.9032386939596,305.79792883141147,21.32343934465029,3.4993272666871085,0.0027344133456250292,0,122.05369027233753,0.4448916890309534,2.5368459872230917,2.0919542981921384,294.4934393446503,0.9946793266924668,0.4409192133837802,0.9944240973096261,,,,,,,2.4506553597072807,0.1554283691095714,67.25387824018817,,,,,,,,,,,,0.07724057013989283,0.012827828958032148,,,,
109.5,13.5,916.5140484190015,314.1732303991633,23.183919391805084,4.556213212412308,0.0024733831522721476,0,93.74140025015218,0.4024218247748253,2.8408425667616677,2.4384207419868424,296.3539193918051,0.9850452483425146,0.36437685079412097,0.9718780617831841,,,,,,,2.446262766315948,0.17157629481003825,67.37464161245019,,,,,,,,,,,,0.07724057013989283,0.012827828958032148,,,,
110.5,14.5,815.3059047139755,311.87342057911366,22.67678387974125,4.275492669930115,0.0023368627666787442,0,99.896278474208,0.38020982634708833,2.7549810513557262,2.374771225008638,295.8467838797413,0.9636180397595431,0.3780964629737997,0.9797395538551129,,,,,,,2.4474601132599307,0.16704036736148622,67.34168057631337,,,,,,,,,,,,0.07724057013989283,0.012827828958032148,,,,
111.5,15.5,672.1759755206294,307.6068298654114,21.72847300512571,4.607381400106749,0.0023786785662905617,0,92.70033654254847,0.3870132972807152,2.600489110553785,2.2134758132730696,294.8984730051257,0.924826174148243,0.4135529536681203,0.9909895006220224,,,,,,,2.449699075234898,0.1588297977512533,67.28013201156718,,,,,,,,,,,,0.07724057013989283,0.012827828958032148,,,,
112.5,16.5,496.87832926664043,303.9731933299284,20.91303545139769,4.482960644835363,0.002317067452561323,0,95.2731554451242,0.3769891096450256,2.473751406581554,2.0967622969365283,294.0830354513977,0.8556070264768257,0.4398258053077222,0.9970675855275395,,,,,,,2.45162432329925,0.15204483862575233,67.22729726739632,,,,,,,,,,,,0.07724057013989283,0.012827828958032148,,,,
113.5,17.5,301.35921120210173,299.32047512074155,19.858158836281113,4.008179480844969,0.002505865027030343,0,106.55855318128995,0.4077066571309819,2.317828943792386,1.910122286661404,293.02815883628114,0.7213013052566533,0.48291523384496016,0.9999980176998483,,,,,,,2.45411488698754,0.1436325002615109,67.15907150244787,,,,,,,,,,,,0.07724057013989283,0.012827828958032148,,,,
114.5,18.5,98.94292650391611,289.2555458035816,17.533429320739735,3.8725874217250142,0.002254985245991979,0,110.28951960483381,0.3668882747498204,2.0042112015522955,1.6373229268024752,290.70342932073976,0.3971711697387962,0.5482775624376676,0.9868144077879053,,,,,,,2.4596035733737334,0.1264744041184845,67.0092038223651,,,,,,,,,,,,0.07724057013989283,0.012827828958032148,,,,
115.5,19.5,0.0,283.874066166457,16.265467195831306,4.0378458168841425,0.002275861104120768,0,105.77566002739442,0.3702847970048581,1.8493481032642691,1.479063306259411,289.43546719583134,1e-05,0.5874925019928982,0.9682352647200138,,,,,,,2.4625972319506424,0.11787193309144138,66.92774402246279,,,,,,,,,,,,0.07724057013989283,0.012827828958032148,,,,
116.5,20.5,0.0,277.5706846396965,14.75715535660715,3.3470718502574823,0.002174619953259368,0,127.60580754695108,0.3538127640994342,1.6788660443380303,1.3250532802385961,287.92715535660716,1e-05,0.6265682006807011,0.9356656180600014,,,,,,,2.4661583562030502,0.10829039509892523,66.83110058843599,,,,,,,,,,,,0.07724057013989283,0.012827828958032148,,,,
117.5,21.5,0.0,275.03933265445977,14.144203582992942,3.5438939858150773,0.002177310740334777,0,120.51878754819514,0.35425055775221775,1.6136260934157,1.2593755356634824,287.31420358299295,1e-05,0.6435062186080369,0.9191792977608744,,,,,,,2.4676055353405535,0.1045903473128523,66.79190608464565,,,,,,,,,,,,0.07724057013989283,0.012827828958032148,,,,
118.5,22.5,0.0,268.7905647440155,12.612779516590134,3.0038845938840635,0.0021028929618778173,0,142.18449245332695,0.342142713411632,1.4602522387717765,1.1181095253601445,285.78277951659015,1e-05,0.6804935850177564,0.8697793212346234,,,,,,,2.4712212275613306,0.0958126617429965,66.69418153754816,,,,,,,,,,,,0.07724057013989283,0.012827828958032148,,,,
119.5,23.5,0.0,268.2103855299079,12.469241538284335,3.209706855237007,0.002301648476008262,0,133.0669203241727,0.3744804272862317,1.446555644200248,1.0720752169140164,285.63924153828435,1e-05,0.6927104685511004,0.8645480871707037,,,,,,,2.4715601207281104,0.09502309859252055,66.68503662450418,,,,,,,,,,,,0.07724057013989283,0.012827828958032148,,,,
120.5,0.5,0.0,271.6218839709836,13.309940825751685,2.4081569794941773,0.0020957111801376566,0,177.3579588069402,0.34097423059474413,1.5284088457437643,1.1874346151490203,286.4799408257517,1e-05,0.6622475914890787,0.8937220709107523,,,,,,,2.4695752297104003,0.0997274946119927,66.73863391063632,,,,,,,,,,,,0.07724057013989283,0.012827828958032148,,,,
121.5,1.5,0.0,263.36639335172583,11.261642771974817,2.3809043890289567,0.002233440080046837,0,179.388054529971,0.3633828554674275,1.3357198800783676,0.9723370246109402,284.43164277197485,1e-05,0.7194558799435972,0.8164581360323728,,,,,,,2.4744112614153675,0.08859702169560484,66.60819878266433,,,,,,,,,,,,0.07724057013989283,0.012827828958032148,,,,
122.5,2.5,0.0,265.08968187412637,11.693150098422752,2.3543674163000277,0.002373252306001063,0,181.41000568253946,0.3861304394972791,1.3744359676691622,0.9883055281718831,284.86315009842275,1e-05,0.7151484113745188,0.8344791841980057,,,,,,,2.4733924726176237,0.09084931696371822,66.63563465768576,,,,,,,,,,,,0.07724057013989283,0.012827828958032148,,,,
123.5,3.5,0.0,262.79542418889525,11.11820646078951,2.2108062575718757,0.0022659197288146414,0,193.19006579928143,0.3686673256528002,1.3230643172470098,0.9543969915942097,284.2882064607895,1e-05,0.724306722314295,0.8102616333254266,,,,,,,2.474749914546076,0.0878589617887191,66.59908389193698,,,,,,,,,,,,0.07724057013989283,0.012827828958032148,,,,
124.5,4.5,0.0,263.8170096786433,11.374680009419627,2.167354911985667,0.001960686243735939,0,197.0631593412968,0.3190055431930499,1.3457681145594054,1.0267625713663555,284.54468000941966,1e-05,0.7048144767717469,0.8212689096422313,,,,,,,2.4741443804977603,0.0891823789088741,66.61538367346998,,,,,,,,,,,,0.07724057013989283,0.012827828958032148,,,,
125.5,5.5,64.50201187785449,263.0746237605701,11.188374895300711,2.2495337146303425,0.002356199272089442,0,189.86414988670597,0.38335589442998635,1.3292421377624921,0.9458862433325057,284.3583748953007,0.2926345009775176,0.7266122382181087,0.813305788874577,,,,,,,2.474584246872195,0.08821935996823818,66.6035425460826,,,,,,,,,,,,0.07724057013989283,0.012827828958032148,,,,
126.5,6.5,188.80843499311828,262.84031083404363,6.681131419429945,2.2286417091514075,0.0016071420633555036,21,191.64399760444286,0.26148356400575073,0.9801325954197945,0.7186490314140437,279.85113141943,0.5827294410311652,0.7891874195325832,0.5677681376272461,,,,,,,2.4852258487187258,0.06747521927697415,66.3183498012424,,,,,,,,,,,,0.07724057013989283,0.012827828958032148,,,,
127.5,7.5,302.5629879554207,266.4166982141097,7.942880099807105,2.3629283681039173,0.0019948424529190436,5,180.7527524469546,0.3245627913752528,1.068602578871034,0.7440397874957813,281.1128800998071,0.7224479204559152,0.7820980941409537,0.6467409511960958,,,,,,,2.4822468600843552,0.07281072515984578,66.39793963313423,,,,,,,,,,,,0.07724057013989283,0.012827828958032148,,,,
128.5,8.5,548.4483118102925,274.8342577149459,10.249820619736212,2.547714211562887,0.0024191872178351325,0,167.6427459686568,0.39360409396288654,1.248671342933842,0.8550672489709555,283.41982061973624,0.8793365737982555,0.7513860145709091,0.7705504076049228,,,,,,,2.4768001735168026,0.08350161339504951,66.5439541440261,,,,,,,,,,,,0.07724057013989283,0.012827828958032148,,,,
129.5,9.5,432.55182223518835,279.64633813576944,11.580421630411326,2.6398590551575145,0.0024573527644126923,0,161.79114015020372,0.3998136652066953,1.3642276955174648,0.9644140303107696,284.7504216304113,0.8205844461060362,0.7215966867099388,0.8298611418100366,,,,,,,2.4736586245305987,0.0902562631031343,66.62846503393065,,,,,,,,,,,,0.07724057013989283,0.012827828958032148,,,,
130.5,10.5,651.9515603643556,288.5735354293162,13.806869539639525,2.8402929375750325,0.002724237008802355,0,150.3738578227165,0.44323598921350216,1.5786793175979268,1.1354433283844245,286.97686953963955,0.9182938430239405,0.6759142976734629,0.9093047486436953,,,,,,,2.468401981016911,0.1026003129776384,66.77035524923639,,,,,,,,,,,,0.07724057013989283,0.012827828958032148,,,,
131.5,11.5,636.0778383025792,285.4546732697401,13.542983247646685,2.9833723546124506,0.002671773155035442,0,143.16208491690475,0.43470006959740637,1.5518062406164421,1.1171061710190358,286.7129832476467,0.9129453873729599,0.6807590032464035,0.901183550889073,,,,,,,2.469025016552306,0.10106610619455937,66.75350637012323,,,,,,,,,,,,0.07724057013989283,0.012827828958032148,,,,
132.5,12.5,805.0018189493078,296.85439385037915,16.173166591321763,3.514373670422557,0.002670089382957935,0,121.53113084256061,0.4344261182561785,1.8384960022306067,1.4040698839744281,289.3431665913218,0.9611944620648437,0.6064073781624459,0.9665689235529372,,,,,,,2.462815153677889,0.11726560892533656,66.92182193384954,,,,,,,,,,,,0.07724057013989283,0.012827828958032148,,,,
133.5,13.5,736.7292445448035,299.9550917505236,17.192765523439803,3.730865747426466,0.002543364559727239,0,114.47900709490534,0.4138078672739496,1.961527551205038,1.5477196839310885,290.3627655234398,0.9437893592009863,0.570363345213683,0.9826124857891056,,,,,,,2.4604078805991585,0.12411248873962681,66.98729851665163,,,,,,,,,,,,0.07724057013989283,0.012827828958032148,,,,
134.5,14.5,413.5475941314122,297.45974887501444,16.995613598113035,3.283271777262641,0.0024287905527120082,0,130.08542555860674,0.3951665658110213,1.9371907770777215,1.5420242112667002,290.16561359811305,0.8088323020160099,0.5717775018356441,0.9799156343119959,,,,,,,2.460873356294855,0.12276275008845769,66.97462782829618,,,,,,,,,,,,0.07724057013989283,0.012827828958032148,,,,
135.5,15.5,380.3257786078169,289.9443665836935,15.662521750521243,3.2295454704600686,0.002649113212864093,0,132.24951011726426,0.4310132751476627,1.7794601809208193,1.3484469057731565,288.83252175052127,0.7864391883887144,0.6205746720237357,0.9565803126003041,,,,,,,2.464020786147019,0.11395879915879358,66.88907743677777,,,,,,,,,,,,0.07724057013989283,0.012827828958032148,,,,
136.5,16.5,347.5399144423635,287.52769161971275,15.156002053981087,3.3221070328843556,0.0024414395844838876,0,128.56473380959895,0.39722457548194445,1.7225495179465256,1.3253249424645812,288.3260020539811,0.7616757908061815,0.6264984805226297,0.9453843580015274,,,,,,,2.4652166791505508,0.11075727668962168,66.8566291005338,,,,,,,,,,,,0.07724057013989283,0.012827828958032148,,,,
137.5,17.5,154.60289491480668,287.21475665771754,15.255118322679788,3.3411717355345334,0.002617425834373027,0,127.8311443339933,0.42585770810056317,1.7335585464003718,1.3077008382998085,288.4251183226798,0.5231865744986092,0.6310273908092692,0.9476761440962995,,,,,,,2.464982665640153,0.1113776675215388,66.86297614495211,,,,,,,,,,,,0.07724057013989283,0.012827828958032148,,,,
138.5,18.5,69.4625065053605,276.9561862102736,12.967864275983818,3.361028537461263,0.0024872860766599917,0,127.07592381598347,0.40468384398390866,1.4946253196061456,1.089941475622237,286.1378642759838,0.3093380555516149,0.6879594429693233,0.8822777332629522,,,,,,,2.470382872444402,0.09778992527086436,66.7168150365839,,,,,,,,,,,,0.07724057013989283,0.012827828958032148,,,,
139.5,19.5,0.0,271.44587411512475,11.786456710291887,3.24150878200478,0.0026090636083144656,0,131.7614219467334,0.4244971658543793,1.3829361646826523,0.9584389988282731,284.9564567102919,1e-05,0.7232127283347441,0.838253528366479,,,,,,,2.473172175707001,0.09134270285454567,66.64157020256883,,,,,,,,,,,,0.07724057013989283,0.012827828958032148,,,,
140.5,20.5,0.0,271.49503946517984,11.67712436284017,3.045699689727222,0.0023307187708572386,0,140.232409587311,0.3792101923002453,1.3729806570849632,0.9937704647847179,284.8471243628402,1e-05,0.7136764823079819,0.833826547112515,,,,,,,2.473430309379334,0.09076480514841148,66.63461531357066,,,,,,,,,,,,0.07724057013989283,0.012827828958032148,,,,
141.5,21.5,0.0,272.3997679497497,11.810019427309442,2.8428423963442326,0.002179787920675173,0,150.23900266824944,0.3546535973831632,1.38509000866864,1.0304364112854767,284.98001942730946,1e-05,0.7038302064917136,0.8391997790341656,,,,,,,2.473116544132122,0.09146765802384804,66.64306927284578,,,,,,,,,,,,0.07724057013989283,0.012827828958032148,,,,
142.5,22.5,0.0,268.8119190816574,10.962372546302147,2.6956252662751163,0.0021041527963859973,0,158.4440581238354,0.34234768970138735,1.3094344373018365,0.9670867476004492,284.1323725463022,1e-05,0.7208742472569659,0.8034129583560617,,,,,,,2.4751178384181807,0.08706305646161801,66.58918400254835,,,,,,,,,,,,0.07724057013989283,0.012827828958032148,,,,
143.5,23.5,0.0,264.1553678710069,10.093269099624209,2.6869250222285084,0.0025295627921418555,0,158.9570988532968,0.4115623063742055,1.2356585008860268,0.8240961945118213,283.2632690996242,1e-05,0.7599060245032393,0.7629901784341682,,,,,,,2.477169791655787,0.08273602590692901,66.5340251304501,,,,,,,,,,,,0.07724057013989283,0.012827828958032148,,,,
144.5,0.5,0.0,264.18337718650145,10.027143411289362,2.588831256063247,0.0023631389162969297,0,164.98016445431054,0.3844849812367352,1.230197934353378,0.8457129531166427,283.1971434112894,1e-05,0.7539555009755068,0.7597600067529331,,,,,,,2.4773259144059456,0.08241445376999999,66.52983211130713,,,,,,,,,,,,0.07724057013989283,0.012827828958032148,,,,
145.5,1.5,0.0,267.65981248530466,10.851173091077632,2.516574339767129,0.0024268458166876446,0,169.71714271285782,0.39485015538390617,1.2997840670688032,0.9049339116848971,284.0211730910776,1e-05,0.7377444914185659,0.7984516683490288,,,,,,,2.4753803803319654,0.08649888273182203,66.58212147109084,,,,,,,,,,,,0.07724057013989283,0.012827828958032148,,,,
146.5,2.5,0.0,260.78788091189017,9.240461130309544,2.455204698748182,0.002359002995435807,0,173.9593470913196,0.38381206292299624,1.1668439504533732,0.783031887530377,282.41046113030956,1e-05,0.7712588503290725,0.7196541663182882,,,,,,,2.479183271271339,0.07866985054252719,66.47998922883156,,,,,,,,,,,,0.07724057013989283,0.012827828958032148,,,,
147.5,3.5,0.0,263.0173675080477,9.680407468997272,2.3666783335103103,0.0021949797525713946,0,180.46635249171393,0.3571253230871787,1.2019108573873778,0.8447855343001991,282.8504074689973,1e-05,0.7542104303501335,0.7424644286365343,,,,,,,2.4781445579656975,0.08074566336872958,66.50785428987044,,,,,,,,,,,,0.07724057013989283,0.012827828958032148,,,,
148.5,4.5,0.0,265.3088498756612,10.284169486319154,2.2858985003929577,0.002359933830592766,0,186.84373181764286,0.3839635107009452,1.2515425464379692,0.8675790357370241,283.4541694863192,1e-05,0.7479544103104908,0.7721927995102008,,,,,,,2.4767190758428,0.08367039653688953,66.54613305884637,,,,,,,,,,,,0.07724057013989283,0.012827828958032148,,,,
149.5,5.5,68.22331984613155,264.20793947225,10.048513542983702,2.2615411258427827,0.0023983430437260027,0,188.856086448841,0.39021272672841073,1.2319603246078867,0.841747597879476,283.2185135429837,0.3052232142317905,0.7550457288031824,0.7608063067280174,,,,,,,2.4772754595250155,0.08251826081570741,66.53118713008172,,,,,,,,,,,,0.07724057013989283,0.012827828958032148,,,,
150.5,6.5,200.32000567886777,262.620412686558,9.598198029530483,2.3408809504558756,0.0022147549970745754,0,182.45515915134297,0.36034277444364476,1.1952886250357533,0.8349458505921086,282.7681980295305,0.600479624811643,0.7569171807632212,0.7382755710927401,,,,,,,2.4783386544522785,0.08035425891670274,66.50264558248716,,,,,,,,,,,,0.07724057013989283,0.012827828958032148,,,,
151.5,7.5,365.83665403057887,270.43541802318254,11.510571845294239,2.450491611693835,0.002425694831461789,0,174.2939271171586,0.3946628889773844,1.357935835824456,0.9632729468470715,284.68057184529425,0.7758493227852469,0.7219052059503704,0.8269677879467232,,,,,,,2.47382353987326,0.08989044797578828,66.62402330396691,,,,,,,,,,,,0.07724057013989283,0.012827828958032148,,,,
152.5,8.5,394.7865051007075,273.99231225023215,12.36207462525677,2.56739113778416,0.0023473775445099205,0,166.3579031975612,0.3819205908430932,1.4364033093187443,1.0544827184756511,285.53207462525677,0.7964938714280951,0.6974005476956873,0.8605752264931654,,,,,,,2.471813141809769,0.09443722150719297,66.67821057450396,,,,,,,,,,,,0.07724057013989283,0.012827828958032148,,,,
153.5,9.5,472.66957440943816,276.1418584853352,12.923619672662293,2.6529205403250558,0.0023235568168969286,0,160.99457178519248,0.37804493548226553,1.4903039567130671,1.1122590212308017,286.0936196726623,0.8432126423873043,0.6820417629580205,0.880754776935408,,,,,,,2.4704873339528444,0.09754167389394018,66.71399399838572,,,,,,,,,,,,0.07724057013989283,0.012827828958032148,,,,
154.5,10.5,613.0195248100686,282.5051815978408,14.557463159373503,2.8423402888715428,0.002615482907119605,0,150.26554281413715,0.42554159196222513,1.6573621531047737,1.2318205611425486,287.72746315937354,0.9048041373224499,0.650661343731455,0.9305008881605918,,,,,,,2.466629829480719,0.10707293862744025,66.81832644710839,,,,,,,,,,,,0.07724057013989283,0.012827828958032148,,,,
155.5,11.5,560.4065791752064,287.35704794339756,12.426805679148481,3.191559634320387,0.002358735247802208,5,133.823539368307,0.38376850012473224,1.4425280213170837,1.0587595211923515,285.5968056791485,0.8843793747019892,0.6962592897445418,0.8629817846192793,,,,,,,2.4716603117915303,0.0947907344287296,66.68233348414878,,,,,,,,,,,,0.07724057013989283,0.012827828958032148,,,,
156.5,12.5,738.1539117431292,292.49048170064816,13.45946329912965,3.428967266078963,0.0024260629203285873,4,124.558146295217,0.3947227773910821,1.5433849739154586,1.1486621965243766,286.62946329912967,0.9441784370391102,0.6724297776597762,0.8985406553571603,,,,,,,2.4692222071507546,0.10058461513014585,66.7481754753048,,,,,,,,,,,,0.07724057013989283,0.012827828958032148,,,,
157.5,13.5,485.48235402466275,295.7153559164049,14.82052406334608,3.5588728531204317,0.00255014297170541,0,120.01153848339537,0.414910721441459,1.6857408657407902,1.2708301442993313,287.9905240633461,0.8498815781458247,0.6405403215576426,0.937262877100213,,,,,,,2.46600874268644,0.10867918346723117,66.83515525207318,,,,,,,,,,,,0.07724057013989283,0.012827828958032148,,,,
158.5,14.5,589.5271310992605,297.1778315881862,15.330220016002059,3.576993150391443,0.0024310446475499774,0,119.4035851936239,0.3955333092155269,1.7419412625651993,1.3464079533496724,288.50022001600206,0.8960205792220877,0.6210962314816724,0.9493799502390288,,,,,,,2.464805350542219,0.11184970942453663,66.8677861861023,,,,,,,,,,,,0.07724057013989283,0.012827828958032148,,,,
159.5,15.5,507.7878496243381,296.54211520932375,15.717324993894566,3.1791810616521614,0.002569482049153651,0,134.3445994698442,0.41805720799734636,1.7857153690185117,1.3676581610211653,288.8873249938946,0.8609153433089008,0.6156682326292504,0.9577147607353897,,,,,,,2.463891395689415,0.11430985418705249,66.89259009498723,,,,,,,,,,,,0.07724057013989283,0.012827828958032148,,,,
160.5,16.5,295.29095450431726,287.94576124658965,14.354036470043697,3.2862585935325628,0.002688222158293732,0,129.96719345529544,0.43737633829473577,1.6357048887906154,1.1983285504958796,287.5240364700437,0.715436335314886,0.6593969699815024,0.9250345585464718,,,,,,,2.467110119894227,0.10584469705469671,66.80531843365151,,,,,,,,,,,,0.07724057013989283,0.012827828958032148,,,,
161.5,17.5,174.1045306102444,285.25690044134484,13.661242599499229,3.1952217466093313,0.002337968028972613,0,133.67016133481346,0.3803896535884702,1.5637992251433805,1.1834095715549102,286.83124259949926,0.5584680741275473,0.6633019675995504,0.9048660803344184,,,,,,,2.468745806222582,0.10175122244820055,66.76105606133764,,,,,,,,,,,,0.07724057013989283,0.012827828958032148,,,,
162.5,18.5,55.248438204288114,276.8207846426768,12.09340972319667,3.462385457789987,0.0025835633803483844,0,123.35593814629526,0.4203482541660073,1.4112262132666669,0.9908779591006596,285.2634097231967,0.25973959453606543,0.7144554100228958,0.8503629272221805,,,,,,,2.4724474596435324,0.09298194851260513,66.66110397111554,,,,,,,,,,,,0.07724057013989283,0.012827828958032148,,,,
163.5,19.5,0.0,273.1122795893038,11.24966989185982,3.1518528608748824,0.0024971547417501423,0,135.50943690030596,0.40628948531368875,1.3346594443618431,0.9283699590481544,284.4196698918598,1e-05,0.7313659674086149,0.815944838088358,,,,,,,2.474439529385319,0.08853521304801372,66.60743785133448,,,,,,,,,,,,0.07724057013989283,0.012827828958032148,,,,
164.5,20.5,0.0,275.0614006554383,11.702132125352856,2.903916972204725,0.002554514439127162,0,147.07920731132495,0.4156219634078277,1.375252225580544,0.9596302621727162,284.8721321253529,1e-05,0.722890424074452,0.8348444095306988,,,,,,,2.473371266052042,0.09089671305348354,66.6362059883937,,,,,,,,,,,,0.07724057013989283,0.012827828958032148,,,,
165.5,21.5,0.0,269.80053136074963,10.349888780550847,2.7687924499318735,0.002225501948054386,0,154.25706841272367,0.36209131373489367,1.2570521679514601,0.8949608542165665,283.51988878055084,1e-05,0.7404651614365351,0.7753187281671856,,,,,,,2.4765639125891195,0.08399413866478288,66.55030234939963,,,,,,,,,,,,0.07724057013989283,0.012827828958032148,,,,
166.5,22.5,0.0,267.28565631942064,9.768426800327601,2.6829978742336036,0.002174268095571078,0,159.1897669660943,0.35375551651413684,1.2090368426064848,0.855281326092348,282.9384268003276,1e-05,0.7513272496781325,0.7469118618690849,,,,,,,2.4779367443244262,0.08116653185142382,66.51343201069191,,,,,,,,,,,,0.07724057013989283,0.012827828958032148,,,,
167.5,23.5,0.0,265.1763211696713,9.445276909412355,2.7270075589879137,0.0023612299802171625,0,156.62069031018285,0.3841743954951396,1.1830556616742605,0.7988812661791209,282.6152769094124,1e-05,0.766869465554597,0.7303938158295411,,,,,,,2.478699701216877,0.07963049871027875,66.49295882413841,,,,,,,,,,,,0.07724057013989283,0.012827828958032148,,,,
168.5,0.5,0.0,265.0182426963117,9.283225826389051,2.6141560622808213,0.0021848717805750878,0,163.38190842253266,0.35548074629292425,1.170212653014018,0.8147319067210937,282.4532258263891,1e-05,0.7624892781533826,0.7219138863271346,,,,,,,2.4790823038238954,0.07886960834252793,66.48269680929718,,,,,,,,,,,,0.07724057013989283,0.012827828958032148,,,,
169.5,1.5,0.0,265.41249125274925,9.421261690540097,2.5128378209224325,0.002255379823192475,0,169.9695073090664,0.3669524728409622,1.1811445970667263,0.814192124225764,282.59126169054014,1e-05,0.7626382853505644,0.7291454170129567,,,,,,,2.478756401148635,0.07951734430259254,66.49143784118665,,,,,,,,,,,,0.07724057013989283,0.012827828958032148,,,,
170.5,2.5,0.0,262.15902862271713,8.871483594653563,2.4503453522201752,0.002488785774915338,0,174.30433060498498,0.40492784633670775,1.1381310011680204,0.7332031548313126,282.0414835946536,1e-05,0.7851207819256243,0.6997772954843837,,,,,,,2.4800544272330227,0.07696419320586823,66.4566371449767,,,,,,,,,,,,0.07724057013989283,0.012827828958032148,,,,
171.5,3.5,0.0,265.12692027462265,9.277005708358827,2.399829289581308,0.0021452292557896063,0,177.9734117855899,0.3490308692699488,1.169722144724536,0.8206912754545872,282.44700570835886,1e-05,0.7608449276579801,0.7215857787014737,,,,,,,2.4790969895225645,0.07884052671612762,66.48230297845629,,,,,,,,,,,,0.07724057013989283,0.012827828958032148,,,,
172.5,4.5,0.0,264.1442251829114,9.277923536095898,2.3152011591233674,0.002445616862782388,0,184.47891868346073,0.39790422269063935,1.1697945117353652,0.7718902890447259,282.4479235360959,1e-05,0.7743501590113786,0.7216342057498036,,,,,,,2.4790948225312777,0.07884481736477073,66.48236109102622,,,,,,,,,,,,0.07724057013989283,0.012827828958032148,,,,
173.5,5.5,63.12128029088517,266.4275768639908,9.678636462649171,2.348242479903792,0.002305942484037923,0,181.88317860056443,0.3751790665347875,1.201767857819903,0.8265887912851154,282.8486364626492,0.2878730913186656,0.7592189726431552,0.7423745458313621,,,,,,,2.4781487393116852,0.08073721437410727,66.50774207209058,,,,,,,,,,,,0.07724057013989283,0.012827828958032148,,,,
174.5,6.5,228.32820520340843,263.0311673075299,9.101830642887384,2.3467808820811524,0.002547451190957653,0,181.9964572026901,0.4144727661172259,1.1559821896244329,0.741509423507207,282.2718306428874,0.6396820076650648,0.7828034952611372,0.7122659556127745,,,,,,,2.479510577852143,0.078025262201774,66.47121357037672,,,,,,,,,,,,0.07724057013989283,0.012827828958032148,,,,
175.5,7.5,391.6241988630315,274.58528215675926,11.568286560273888,2.4852967926026217,0.0024123683233824396,0,171.85303889701856,0.3924946532577217,1.3631327699503852,0.9706381166926635,284.7382865602739,0.7943370800903242,0.7199147268933093,0.8293602275996218,,,,,,,2.4736872754311934,0.09019261878720333,66.62769332541785,,,,,,,,,,,,0.07724057013989283,0.012827828958032148,,,,
176.5,8.5,464.0176433621988,276.6824419090793,12.144550085260475,2.601517997891655,0.002383890814124926,0,164.17561082257075,0.3878613350312581,1.4159885848738718,1.0281272498426137,285.31455008526046,0.8385638207069623,0.7044488014938274,0.8523346490200752,,,,,,,2.4723267172487,0.09325747804320401,66.66435953652261,,,,,,,,,,,,0.07724057013989283,0.012827828958032148,,,,
177.5,9.5,537.6867032443996,282.3310199579812,13.450585796950994,2.7105098294098844,0.0022646130838152308,0,157.57397436288235,0.3684547332509668,1.5424922232000309,1.1740374899490642,286.620585796951,0.874658633611718,0.6657594071139494,0.8982576860648415,,,,,,,2.4692431669333987,0.10053355142829784,66.74760889390504,,,,,,,,,,,,0.07724057013989283,0.012827828958032148,,,,
178.5,10.5,757.4199356003722,283.45726416532375,11.346474763625382,3.1658424649498706,0.0020658113806541986,12,134.9106315612381,0.3361095043765352,1.3432546634072597,1.0071451590307245,284.5164747636254,0.9493262976088935,0.7100789222333891,0.8200744989094886,,,,,,,2.4742109730830806,0.08903601181466436,66.61359074203884,,,,,,,,,,,,0.07724057013989283,0.012827828958032148,,,,
179.5,11.5,650.3427946212246,291.7075316554142,13.378940472735035,3.429380401160347,0.002487003843803892,6,124.5431408616147,0.40463792442597085,1.5353039067900005,1.1306659823640297,286.54894047273507,0.9177608824134209,0.677175249124072,0.895959577439211,,,,,,,2.4694123215438726,0.1001222517311181,66.74303668630569,,,,,,,,,,,,0.07724057013989283,0.012827828958032148,,,,
180.5,12.5,749.9994617491836,299.5776856606436,14.831656596518155,3.3225253927617286,0.0024903418354366752,3,128.54854542278085,0.40518101888455227,1.68695117169038,1.2817701528058278,288.00165659651816,0.9473682779165994,0.6377123228564645,0.9375414080521739,,,,,,,2.4659824587756205,0.10874760766727815,66.83586762099291,,,,,,,,,,,,0.07724057013989283,0.012827828958032148,,,,
181.5,13.5,518.6931830922159,293.2926061666214,14.39671109160182,3.431725993640045,0.0025535152486765808,0,124.45801534310174,0.41545939415766875,1.6402274344732832,1.2247680403156145,287.56671109160186,0.8660605587388667,0.6524972899220989,0.9261984290946944,,,,,,,2.467009365112728,0.10610135844796124,66.8080468202385,,,,,,,,,,,,0.07724057013989283,0.012827828958032148,,,,
182.5,14.5,677.0931681074507,301.04274097774004,16.422775066689287,3.7099225591843474,0.0028063633128847217,0,115.1252619309865,0.4565980181092184,1.8679727216902806,1.4113747035810622,289.5927750666893,0.9263688639624676,0.604555558524876,0.9709770456345644,,,,,,,2.4622258280675466,0.11891142355590123,66.93783945064546,,,,,,,,,,,,0.07724057013989283,0.012827828958032148,,,,
183.5,15.5,464.954531184393,294.55933943880245,15.500654304844716,3.619086159331828,0.002642614567816627,0,118.0148213019134,0.4299559393296506,1.7610967886978945,1.331140849368244,288.67065430484473,0.8390730662854186,0.6250065425002285,0.9531419146296014,,,,,,,2.4644029551862614,0.11292726028342209,66.87870456556934,,,,,,,,,,,,0.07724057013989283,0.012827828958032148,,,,
184.5,16.5,336.27347216319015,289.83017568980813,14.683798813170817,3.587438998947156,0.0025001083189558114,0,119.05590770884776,0.40677003517416094,1.6709383676674197,1.2641683324932587,287.85379881317084,0.7524671413786304,0.6422646318092665,0.9337915333616954,,,,,,,2.4663315510021038,0.10784180482599265,66.82640746474293,,,,,,,,,,,,0.07724057013989283,0.012827828958032148,,,,
185.5,17.5,189.23826910233493,290.2551096152234,14.960271147136009,3.7859424704412374,0.0026009615837044972,0,112.81360181894051,0.42317895863487964,1.7009892359623522,1.2778102773274727,288.130271147136,0.5834110901954982,0.6387354278524965,0.9407143522489596,,,,,,,2.4656787998216116,0.10954077343118429,66.84409874568505,,,,,,,,,,,,0.07724057013989283,0.012827828958032148,,,,
186.5,18.5,50.45898855213247,283.5731042077245,13.612768083358592,3.3188346979309093,0.0025896375396217493,0,128.69149724029586,0.42133652573910135,1.5588734990882656,1.1375369733491643,286.78276808335863,0.24175928607152167,0.6753619661307978,0.9033650682367397,,,,,,,2.46886025455519,0.10146991694793522,66.75796123588721,,,,,,,,,,,,0.07724057013989283,0.012827828958032148,,,,
187.5,19.5,0.0,277.4413522554818,12.337231180001517,3.451600272182312,0.0026118472942798228,0,123.74138738253473,0.42495007424617054,1.4340587475171016,1.0091086732709311,285.50723118000155,1e-05,0.7095513432807659,0.8596460385251476,,,,,,,2.4718717971840163,0.09430184354144536,66.67662835838748,,,,,,,,,,,,0.07724057013989283,0.012827828958032148,,,,
188.5,20.5,0.0,272.18153005069865,11.17658708358902,3.032257773949333,0.0025513378073941215,0,140.8540560235729,0.41510512236058694,1.328202538575745,0.913097416215158,284.34658708358904,1e-05,0.7355202841604237,0.8127961122452301,,,,,,,2.4746120778956464,0.08815872764247029,66.60279348130145,,,,,,,,,,,,0.07724057013989283,0.012827828958032148,,,,
189.5,21.5,0.0,272.519930463812,11.112224902559548,2.988089701874479,0.002341036956424867,0,142.936072535521,0.3808889710453321,1.3225388535401446,0.9416498824948125,284.28222490255956,1e-05,0.7277608715969399,0.8100009933761184,,,,,,,2.4747640370050568,0.0878282975342948,66.598703838398,,,,,,,,,,,,0.07724057013989283,0.012827828958032148,,,,
190.5,22.5,0.0,266.95400544607605,9.852480048616632,2.7508274256401686,0.0022616670434339346,0,155.26448601928502,0.36797540963909037,1.2158763907529757,0.8479009811138853,283.02248004861667,1e-05,0.7533541841997411,0.751122739049369,,,,,,,2.477738294605216,0.08157018254745403,66.51875927706826,,,,,,,,,,,,0.07724057013989283,0.012827828958032148,,,,
191.5,23.5,0.0,268.449196949425,10.139880154451062,2.701037897131412,0.002207596215057521,0,158.12655084305692,0.3591780337038925,1.2395203710804545,0.880342337376562,283.3098801544511,1e-05,0.7444599524139703,0.7652539434472481,,,,,,,2.477059742955341,0.08296334029117998,66.53698104744883,,,,,,,,,,,,0.07724057013989283,0.012827828958032148,,,,
