Total Hour, Hour,SW_in,LW_down,Ta,um,q,p,Rn,SM,lambdaE_SVAT (W m-2),Eta_SVAT (mm),Tk,ra,esat(T),e,D,delta,LH,psy_const,PET (mm),lambdaETa Typ Hydro (mm)
0.5,0.5,0.0,269.1307939,12.69684511,2.429278261,0.002443526,0,-80.86920612,39.9999734,0.018254833,0.000638919,285.86684511000004,85.62213861592697,1.468326656208969,0.3975640372990354,1.0707626189099335,0.09627767214269767,2471022.7486952897,0.06669953858475872,1.2544951826658326,1.2544943484265363
1.5,1.5,0.0,271.0083791,13.15934049,2.393032023,0.002029475,0,-78.99162086,39.99994379,0.02031527,0.000711034,286.32934049,86.919020723861,1.5134538394605939,0.3301975401929261,1.1832562992676678,0.09887048582972023,2469930.79710311,0.0667290263207879,1.4604030343582906,1.4604009821269266
2.5,2.5,0.0,265.3830894,11.7664089,2.329627037,0.002357537,0,-65.73008135,39.99991947,0.016713721,0.00058498,284.9364089,89.28467806067964,1.381105931858322,0.38357354405144695,0.9975323878068751,0.09123650209430488,2473219.5085870996,0.0666402948052816,1.3198629771599242,1.3198603199457855
3.5,3.5,0.0,265.0976442,11.69513895,2.306167636,0.002193274,0,-66.02021444,39.99989453,0.017133737,0.000599681,284.86513895,90.19292299183059,1.374616671450767,0.3568477954983923,1.0177688759523749,0.0908598098603159,2473387.77693905,0.06663576116414174,1.3486586692360618,1.3486551131603157
4.5,4.5,0.0,265.2115654,11.7235897,2.213614468,0.00214492,0,-64.34885382,39.99986929,0.017338765,0.000606857,284.8935897,93.96396843571769,1.3772039455084706,0.34898055305466236,1.0282233924538082,0.09101002503594433,2473320.6047183,0.0666375709060936,1.3133049395078444,1.3133006479556284
5.5,5.5,98.9429265,261.0616766,10.6812249,2.229827945,0.002264749,0,8.158417245,39.92475154,51.65976181,1.808091663,283.85122490000003,93.28073964917505,1.2851559868585627,0.3684768469453376,0.916679139913225,0.08564266953369888,2475781.6280111,0.06657133056715576,2.240736667529029,2.236521367941602
6.5,6.5,301.3592112,264.8531205,11.63404052,2.304425711,0.002226103,0,165.0014074,39.75642501,115.655852,4.047954821,284.80404052,90.2611001982524,1.3690748864836282,0.36218910546623795,1.0068857810173903,0.09053793430386797,2473532.03033228,0.06663187504722855,4.83295939555596,4.803529694644887
7.5,7.5,496.8783293,277.2756262,14.68592512,2.488462564,0.002493171,0,307.4726868,39.48158224,188.2922255,6.590227894,287.85592512,83.58574607835651,1.6711676958024908,0.405641326688103,1.2655263691143879,0.10785478536447612,2466326.53079168,0.0668265434899704,7.895012989298576,7.792690115571499
8.5,8.5,672.1759755,279.8312426,15.3010023,2.671194253,0.002143981,0,410.1427445,39.14803065,228.3785446,7.993249061,288.4710023,77.86779256746178,1.7386758196682448,0.3488277768488746,1.3898480428193702,0.11166586370382506,2464874.3335697,0.06686591479563454,9.978747969146731,9.766208283619537
9.5,9.5,815.3059047,288.5363664,17.36500894,3.09104937,0.002298908,0,503.3555464,38.75631752,267.6707672,9.368476851,290.53500894,67.29106368171661,1.9830083095347526,0.3740345491961415,1.6089737603386112,0.12530198021109462,2460001.2138926596,0.06699837229332752,12.405676687838936,12.019958619108694
10.5,10.5,916.5140484,295.693695,19.0273232,3.290883037,0.00269486,0,573.0582274,38.32961035,291.1181852,10.18913648,292.1973232,63.20492027866623,2.2011418116111,0.43845632154340836,1.7626854900676916,0.1372872396557164,2456076.4899247997,0.06710543333911574,14.243277001206298,13.648481439083849
11.5,11.5,968.9032387,301.16237,20.27721874,3.279418681,0.002670518,0,605.0027436,37.88722138,301.4543484,10.55090219,293.44721874000004,63.42587520315464,2.3787099792080735,0.43449585466237944,1.944214124545694,0.1469259642677687,2453125.48655486,0.06718615825963462,15.43023292498848,14.615216269350087
12.5,12.5,968.9032387,306.7354897,21.53359361,3.875385147,0.002585146,0,598.3839501,37.45964249,291.0100944,10.1853533,294.70359361000004,53.67208473743991,2.5696956298379656,0.4206057479099678,2.1490898819279978,0.15718545475524592,2450159.18548679,0.06726749761676112,16.138487849854855,15.11354962961929
13.5,13.5,916.5140484,314.9016868,23.343972,4.469563411,0.002596421,0,562.8799072,37.07046034,264.4152047,9.254532165,296.513972,46.536983788638764,2.8684210866230937,0.4224402012861736,2.4459808853369203,0.1730292358958156,2445884.882108,0.06738505085667414,16.68044386488607,15.458793318671383
14.5,14.5,815.3059047,312.5490242,22.82605268,3.651549922,0.002368271,0,484.2113595,36.68967182,258.8418071,9.059463249,295.99605268,56.96211319660003,2.7800147511178555,0.3853199762057878,2.3946947749120677,0.16836482100140432,2447107.68962252,0.0673513788826522,14.715682277954684,13.497838834638685
15.5,15.5,672.1759755,313.8511718,23.11306962,4.781854735,0.002333699,0,377.7266299,36.35135646,229.9069095,8.046741832,296.28306962,43.497766353623874,2.828708598432478,0.3796950784565916,2.4490135199758862,0.17093642271656112,2446430.04262718,0.06737003482569434,13.599208423027864,12.358741823983008
16.5,16.5,496.8783293,304.3749039,21.00354306,4.006202645,0.002527802,0,245.9692118,36.03734027,213.8285087,7.483997806,294.17354306000004,51.91949045802699,2.4875466969879443,0.4112758237942123,2.076270873193732,0.15278561606737404,2451410.63483534,0.06723315744344424,9.847505594981097,8.871947748426566
17.5,17.5,301.3592112,301.016301,20.24405605,4.593790565,0.002410999,0,114.3763394,35.78521169,171.8118852,6.01341598,293.41405605,45.27851173380605,2.3738416768333916,0.39227186302250805,1.9815698138108835,0.14666302632534603,2453203.7836659495,0.06718401392815594,7.855056713792003,7.027371683500063
18.5,18.5,98.9429265,286.9111022,16.98323497,3.632319464,0.002202182,0,-33.56979706,35.66173926,84.40378023,2.954132308,290.15323497,57.263685659120206,1.935671601250365,0.3582971356913183,1.5773744655590467,0.12267842080168352,2460902.58223583,0.06697383243048814,3.8933219390812286,3.4710657961688094
19.5,19.5,0.0,278.9049466,15.07855314,3.509760159,0.002243281,0,-92.42333973,35.66170527,0.023282263,0.000814879,288.24855314,59.263308766734454,1.7139898347909832,0.364983982636656,1.3490058521543271,0.110274552346592,2465399.5360364597,0.06685167039310282,2.4833710660905193,2.2140311758741444
20.5,20.5,0.0,274.0283628,13.89822066,3.847658286,0.002475948,0,-77.52632589,35.6616751,0.020683668,0.000723928,287.06822066,54.05885464330966,1.5880768136235506,0.40283912797427657,1.1852376856492741,0.10313601368453325,2468186.30102174,0.06677618991005263,2.637837373955664,2.351742484916102
21.5,21.5,0.0,276.196282,14.42487465,3.507025566,0.002078406,0,-71.1998064,35.66164171,0.022880408,0.000800814,287.59487465,59.30951915963307,1.643218139867179,0.3381586610932476,1.3050594787739314,0.10627103445921338,2466942.87095135,0.06680984756929474,2.757753405408394,2.458650346705163
22.5,22.5,0.0,272.6487277,13.56143584,2.986239239,0.002035324,0,-75.86472396,35.66161088,0.021143777,0.000740032,286.73143584,69.65282529394825,1.5536722339073286,0.3311491781350482,1.2225230557722804,0.10117274913678016,2468981.44998176,0.06675468427340174,2.1138301678791596,1.8845647228327915
23.5,23.5,0.0,269.7788904,12.85675993,3.09552062,0.002192721,0,-75.56322858,35.66158251,0.019469365,0.000681428,286.02675993,67.19386672992022,1.4837945876377279,0.3567578218649518,1.127036765772776,0.09716754949195597,2470645.1898052697,0.06670973147034862,2.0331428960571416,1.8126273285590528
24.5,0.5,0.0,265.693322,11.84380258,2.411089448,0.002467478,0,-73.99455401,35.66155844,0.016535464,0.000578741,285.01380258,86.26805619863508,1.3881832332533102,0.4014610508038585,0.9867221824494516,0.09164706715217716,2473036.7821086203,0.06664521868934298,1.2311199960549633,1.097591442149166
25.5,1.5,0.0,270.990207,13.15487577,2.335227417,0.002046259,0,-62.2904022,35.66152908,0.020142254,0.000704979,286.32487577,89.07055410783575,1.5130124485130607,0.33292831318327976,1.180084135329781,0.0988451747881726,2469941.33830703,0.06672874153496608,1.6617151140222652,1.4814825465345134
26.5,2.5,0.0,265.7151569,11.84924718,2.238834361,0.002305117,0,-67.28163038,35.66150435,0.016991552,0.000594704,285.01924718000004,92.9054885092502,1.3886823144855172,0.37504475948553057,1.0136375549999865,0.09167600933118351,2473023.9274080195,0.06664556510909381,1.2463824971578235,1.1111968711039395
27.5,3.5,0.0,262.4932595,11.04220342,2.207183468,0.002378468,0,-70.79130237,35.66148191,0.01542358,0.000539825,284.21220342000004,94.23774825047755,1.316401280939955,0.3869790379421222,0.9294222429978328,0.08747001280665326,2474929.35772538,0.06659425516770896,1.0483790612826387,0.93466877321884
28.5,4.5,0.0,260.021537,10.41801783,2.30485366,0.00230163,0,-65.93142662,35.66146028,0.01487771,0.00052072,283.58801783,90.24434115266129,1.2627863124167584,0.37447742122186495,0.8883088911948935,0.08433087906028348,2476403.0599033698,0.06655462506852548,1.1587780437892183,1.0330929295481328
29.5,5.5,98.9429265,266.9568321,12.15831193,2.191686139,0.002360926,0,19.91373405,35.57469591,59.58529571,2.08548535,285.32831193000004,94.90409976991691,1.4172725443255065,0.3841249376205788,1.0331476067049277,0.09333174153858351,2472294.2255332703,0.0666652356617738,2.580672181927832,2.2951657028869707
30.5,6.5,301.3592112,269.0343192,12.67301573,2.293972694,0.002220463,0,167.3987494,35.39178703,125.5506326,4.39427214,285.84301573,90.67239577176939,1.4660338964396167,0.3612714720257235,1.1047624244138932,0.0961456647662351,2471079.0098614697,0.0666980199794007,5.1072239763184815,4.518844582109336
31.5,7.5,496.8783293,272.2773913,13.47057008,2.485995047,0.002290695,0,295.2216703,35.1387917,173.5264079,6.073424275,286.64057008000003,83.66871054349289,1.5445025467541789,0.3726982861736335,1.1718042605805454,0.10064853279528269,2469195.98404112,0.06674888434764006,7.39441769092112,6.495772574601806
32.5,8.5,672.1759755,279.5161696,15.22539986,2.674098349,0.002445336,0,408.7818132,34.81220284,223.62744,7.8269604,288.39539986,77.78322741113215,1.7302512046245864,0.39785852604501615,1.3323926785795703,0.11119134392798824,2465052.83093054,0.06686107295647742,9.813777741528728,8.54098053411938
33.5,9.5,815.3059047,284.9939442,16.5308045,2.844240142,0.002292548,0,499.5124162,34.43102138,260.6826724,9.123893535,289.7008045,73.1302525861053,1.8808579617651089,0.3729997710610933,1.5078581907040156,0.11962977926994055,2461970.7705754996,0.06694477413795263,11.931428514983468,10.270281757333434
34.5,10.5,916.5140484,295.6386407,19.01465243,3.251131969,0.002628247,0,567.7688432,34.00735303,289.0484868,10.11669704,292.18465243,63.97771667939328,2.1994028053009345,0.42761832218649515,1.7717844831144394,0.13719233927821137,2456106.4056127695,0.06710461598641462,14.165401067541314,12.043194872885408
35.5,11.5,968.9032387,306.823007,21.553186,3.557649201,0.002689024,0,604.6981407,33.57622869,293.4175879,10.26961558,294.723186,58.465573261561154,2.5727770099716243,0.43750679871382636,2.135270211257798,0.15735011727531,2450112.9278539997,0.06726876761340826,16.132356361935855,13.541592162923367
36.5,12.5,968.9032387,304.80716,21.1008327,4.249976307,0.002692893,0,589.9211189,33.15593634,286.1701667,10.01595584,294.2708327,48.94144931053142,2.502450648450994,0.4381362887459807,2.0643143597050133,0.15358530261607575,2451180.9339952995,0.06723945788113496,15.806302745939384,13.101819190378334
37.5,13.5,916.5140484,312.2756266,22.76567701,4.167542171,0.002381664,0,557.1423203,32.76229965,267.5909669,9.36568384,295.93567701,49.90951296123069,2.7698654000616574,0.38749903022508037,2.382366369836577,0.1678280475512675,2447250.23657939,0.06734745581260518,16.24320429948572,13.304118163397987
38.5,14.5,815.3059047,307.9907934,21.81421689,4.560704241,0.002462054,0,477.6346304,32.38245319,258.4535028,9.045872599,294.98421689,45.606991597945196,2.614139557931055,0.4005785607717042,2.213560997159351,0.1595578731562327,2449496.6339227096,0.06728569245121835,14.491768727772817,11.731975561685227
39.5,15.5,672.1759755,308.6636986,21.96429191,3.916111345,0.002541616,0,374.0262057,32.03057791,239.386847,8.378539646,295.13429191,53.1139136954238,2.638182235619331,0.41352337491961416,2.224658860699717,0.16083898858394663,2449142.3068004902,0.06729542693896394,12.410988464506058,9.938278323811813
40.5,16.5,496.8783293,303.5134999,20.80935388,4.46518877,0.002342634,0,247.7246423,31.7197735,211.6810326,7.408836142,293.97935388,46.58257706762082,2.458030335853191,0.38114881157556274,2.076881524277628,0.1511999700692648,2451869.11548932,0.067220585360457,10.190830931512014,8.081271223108876
41.5,17.5,301.3592112,295.9653545,19.08981991,4.008395567,0.002470878,0,106.2016598,31.47567297,166.5259885,5.828409598,292.25981991000003,51.89108622721915,2.209736816222422,0.4020142340836013,1.8077225821388208,0.13775613550313448,2455928.93519249,0.06710946510245831,6.876459420316533,5.411029697633975
42.5,18.5,98.9429265,292.4741623,18.28335296,3.524443435,0.002650741,0,-28.01701037,31.3500668,85.75527651,3.001434678,291.45335296,59.01641034565221,2.1010497699841366,0.4312781176848875,1.6697716522992492,0.13180842410424543,2457833.0036614398,0.06705747580282759,3.967666216292071,3.109665023021492
43.5,19.5,0.0,279.9411918,15.32736983,3.822377235,0.00220992,0,-94.47581093,31.3500317,0.024030782,0.000841077,288.49736983,54.41639775776867,1.741622482362174,0.35955611575562707,1.382066366606547,0.11183176397793446,2464812.0798313697,0.06686760362749193,2.787164720063024,2.1844425581774356
44.5,20.5,0.0,277.7170816,14.79247605,3.496722731,0.002265003,0,-79.67262327,31.34999837,0.022833027,0.000799156,287.96247605,59.48427027284366,1.6826949193560687,0.36851817299035367,1.314176746365715,0.10850695337598573,2466074.96404595,0.06683336053175512,2.602026541065775,2.0393381955277197
45.5,21.5,0.0,270.5389254,13.04392838,3.352931672,0.002515477,0,-79.20632227,31.34997089,0.018859041,0.000660066,286.21392838,62.03526356859204,1.5020802030213651,0.4092705344051447,1.0928096686162205,0.09821796928906948,2470203.28509482,0.06672166544547829,2.0644709654503632,1.618027616752977
46.5,22.5,0.0,271.1969524,13.20565779,3.21615852,0.002221849,0,-73.46826684,31.34994163,0.020074177,0.000702596,286.37565779,64.67342909453356,1.518039530964847,0.361496975562701,1.156542555402146,0.099133389841377,2469821.44195781,0.06673198085112156,2.2048168309483027,1.7280219738767717
47.5,23.5,0.0,269.1887779,12.71116416,3.027559771,0.002039819,0,-71.57670303,31.3499129,0.019719188,0.000690172,285.88116416,68.7021944182122,1.469705886940371,0.33188051897106113,1.1378253679693098,0.09635706943682688,2470988.94141824,0.06670045114642269,2.0814738148156975,1.631350569952571
48.5,0.5,0.0,269.4312808,12.77102474,2.436243468,0.002413322,0,-70.52419299,31.34988618,0.018335297,0.000641735,285.94102474,85.37734538114728,1.4754840657533737,0.39264981736334403,1.0828342483900295,0.09668959259388812,2470847.6105888598,0.06670426636758006,1.4418039511444085,1.130009744056287
49.5,1.5,0.0,270.2339248,12.96886547,2.399144937,0.001989624,0,-65.98532233,31.34985706,0.019981815,0.000699364,286.13886547000004,86.69755494642715,1.4947232331949405,0.323713744051447,1.1710094891434935,0.09779554907188753,2470380.50862533,0.06671687887552663,1.6630228434368346,1.3033882107314883
50.5,2.5,0.0,266.6130069,12.0728387,2.353739493,0.002310174,0,-68.52190172,31.34983172,0.017406157,0.000609215,285.2428387,88.37001742061521,1.4093145378105747,0.3758675382636656,1.033446999546909,0.09287131349770526,2472496.0278292997,0.0666597945215372,1.3528915857605674,1.0603230887249435
51.5,3.5,0.0,264.6069465,11.57248695,2.20530085,0.002213568,0,-68.80085752,31.3498073,0.016778428,0.000587245,284.74248695,94.31819699339435,1.3635116761657133,0.36014964887459805,1.0033620272911152,0.09021464407342542,2473677.35831105,0.06662796043981634,1.195792765191228,0.9371968189869785
52.5,4.5,0.0,263.4085574,11.27222579,2.223423749,0.002032919,0,-65.08951246,31.34978266,0.0169379,0.000592827,284.44222579,93.54941904058973,1.3366578323239695,0.33075788231511255,1.005899950008857,0.08865168595790367,2474386.27490981,0.066608871396373,1.301582876808768,1.020108507548311
53.5,5.5,98.9429265,268.074487,12.43558619,2.245359492,0.002014352,0,17.71556268,31.25911604,62.2486686,2.178703401,285.60558619,92.63550034686384,1.4433605780182497,0.32773701350482315,1.1156235645134265,0.09483877374157211,2471639.58100541,0.06668289277976945,2.755888761080651,2.1536661643987975
54.5,6.5,301.3592112,267.9357276,12.40120915,2.260071553,0.002247546,0,163.6253504,31.08345319,120.6081973,4.221286907,285.57120915,92.03248442462034,1.440103397506484,0.3656779022508039,1.0744254952556802,0.09465081073656033,2471720.74519685,0.06668070310559776,4.957213148611441,3.852182571442906
55.5,7.5,496.8783293,276.9517565,14.60767407,2.491939056,0.002157302,0,297.5337418,30.81296021,185.3261047,6.486413665,287.77767407,83.4691360124499,1.6627462620627236,0.3509951163987138,1.3117511456640099,0.10737795739801075,2466511.28152073,0.06682153793709815,7.833376596079436,6.034238034123523
56.5,8.5,672.1759755,285.4967636,16.64968522,2.675134422,0.002352554,0,408.9806793,30.46824058,235.7202482,8.250208687,289.81968522,77.75310215794457,1.8951274283780863,0.3827628051446946,1.5123646232333918,0.12042454487175497,2461690.09319558,0.06695240705805752,10.385654806104561,7.910815730330675
57.5,9.5,815.3059047,285.3265165,16.60945161,2.836738493,0.002203048,0,489.7101308,30.0916987,257.4903318,9.012161614,289.77945161,73.32364280784623,1.8902875350095816,0.3584380347266881,1.5318495002828936,0.12015506689857439,2461785.08474879,0.06694982360218357,11.833784812617818,8.902467176548283
58.5,10.5,916.5140484,297.797178,19.51012125,3.158289178,0.002671064,0,560.1919537,29.67022541,287.4139481,10.05948818,292.68012125,65.85844052814596,2.2683063068031166,0.4345846893890675,1.8337216174140492,0.1409449054351463,2454936.60372875,0.06713659200815306,14.234564731344026,10.558568604805334
59.5,11.5,968.9032387,302.6545606,20.6153083,3.395745487,0.002740798,0,589.3076411,29.24048503,292.7400116,10.24590041,293.7853083,61.253118290605265,2.4288420356975564,0.4459304784565917,1.9829115572409648,0.14962941727990034,2452327.2571037,0.0672080272700115,15.317837832478496,11.197525195813878
60.5,12.5,968.9032387,305.3892511,21.23168297,3.793873037,0.002587275,0,578.7808383,28.82217464,284.7847828,9.967467398,294.40168297,54.82524005718329,2.5226188308334807,0.4209521382636656,2.101666692569815,0.15466642267698652,2450871.99650783,0.06724793355395926,15.611569014532034,11.248984213531374
61.5,13.5,916.5140484,313.5318734,23.04277324,3.568117702,0.002500898,0,544.2653039,28.43004448,266.495579,9.327345264,296.21277324,58.294041108400634,2.816714142520073,0.4068985170418007,2.409815625478272,0.17030353977088372,2446596.0123803597,0.06736546464410526,15.84287517497707,11.260341147892147
62.5,14.5,815.3059047,310.0711597,22.27739999,4.418511329,0.002476851,0,457.9969513,28.06036798,251.4214126,8.799749439,295.44739999,47.07467844086634,2.6889661778087106,0.40298604694533763,2.285980130863373,0.16353982833080236,2448403.05862361,0.06731574549783104,14.319940449145829,10.045569961367962
63.5,15.5,672.1759755,309.7701343,22.21052272,4.757052491,0.002443555,0,355.6575549,27.7219287,230.1914418,8.056700463,295.38052272000004,43.72455431036782,2.6780480314439097,0.39756875562700966,2.2804792758169,0.16295975800568632,2448560.9558580797,0.06731140459301307,12.729595736837911,8.822223634911113
64.5,16.5,496.8783293,306.610248,21.50554859,4.617397153,0.002504557,0,240.4729011,27.41910553,206.1069536,7.213743377,294.67554859,45.04702392014491,2.565290479082796,0.4074938398713827,2.1577966392114134,0.15695000623866795,2450225.39977901,0.06726567979634977,10.372642511689206,7.110214491324264
65.5,17.5,301.3592112,302.1912114,20.51046014,4.579395833,0.002448251,0,103.2558001,27.17539131,166.0353786,5.811238251,293.68046014000004,45.42083881483062,2.413197234977287,0.3983327993569132,2.014864435620374,0.14878656077486843,2452574.80360946,0.06720124374100957,7.7364823422074736,5.256048375309835
66.5,18.5,98.9429265,294.2108598,18.68542799,3.759474596,0.002342279,0,-39.42056048,27.0498447,85.6815,2.9988525,291.85542799,55.32688004363895,2.154637595755462,0.381091052733119,1.773546543022343,0.13474594361333023,2456883.70451561,0.0670833857001435,4.227464454514663,2.858806424234796
67.5,19.5,0.0,280.6987996,15.50884508,3.726158627,0.002446732,0,-102.8941027,27.0498103,0.023554764,0.000824417,288.67884508000003,55.821563390462714,1.7620220020740136,0.3980856565916399,1.3639363454823736,0.11297926677218627,2464383.61676612,0.0668792293736709,2.49760633727422,1.6889944406836366
68.5,20.5,0.0,279.4676672,15.21375592,3.233206304,0.002252136,0,-79.31712857,27.0497759,0.023551356,0.000824297,288.38375592,64.33242436236448,1.7289568699209519,0.36642469967845664,1.3625321702424953,0.11111841303761598,2465080.32227288,0.06686032730099947,2.45347124619572,1.6591461846671989
69.5,21.5,0.0,270.7066591,13.08518182,3.241539696,0.00247015,0,-78.42134474,27.04974821,0.018997081,0.000664898,286.25518182,64.16703773724201,1.5061370020224898,0.4018957877813505,1.1042412142411393,0.09845078561985948,2470105.88572298,0.06672429636439561,2.01815398869283,1.364763931078706
70.5,22.5,0.0,274.3323566,13.972258,3.459172446,0.002422985,0,-70.42654559,27.04971761,0.020978019,0.000734231,287.142258,60.12998867417551,1.5957291763059216,0.39422199678456593,1.2015071795213557,0.10357192660315044,2468011.4988619997,0.0667809194756243,2.483330637525012,1.679334811932821
71.5,23.5,0.0,269.9633711,12.90222699,3.131887176,0.002010511,0,-73.62882408,27.04968823,0.020162159,0.000705676,286.07222699,66.4136312425068,1.4882184736845707,0.3271120790996785,1.1611063945848923,0.09742183454144078,2470537.84207661,0.06671263008539141,2.1811447408187594,1.47498213059129
72.5,0.5,0.0,270.6615497,13.07408924,2.425770143,0.002163856,0,-72.79202762,27.04965972,0.019567224,0.000684853,286.24408924,85.74596426632662,1.5050452307458912,0.35206145852090037,1.152983772224991,0.09838813784054813,2470132.07530436,0.06672358891987992,1.5289557890054934,1.033943345488068
73.5,1.5,0.0,269.2539223,12.72724867,2.380414938,0.002410889,0,-67.7415153,27.04963316,0.018230625,0.000638072,285.89724867,87.37972387904752,1.4712565255903483,0.39225396591639866,1.0790025596739496,0.09644632245203538,2470950.96589013,0.06670147625169284,1.4305919784885648,0.9674247054938572
74.5,2.5,0.0,268.8878222,12.63681855,2.29521071,0.002017928,0,-65.50989792,27.04960516,0.019217698,0.000672619,285.80681855,90.6234878975447,1.4625571743223489,0.3283188321543408,1.134238342168008,0.09594543845327987,2471164.47140345,0.06669571332773894,1.521431094348357,1.028852759506744
75.5,3.5,0.0,262.1924706,10.9664812,2.191460233,0.002000658,0,-71.80522145,27.04958128,0.016420175,0.000574706,284.1364812,94.91388292967487,1.309792207123921,0.3255089864951769,0.9842832206287441,0.08708396179763553,2475108.1378868,0.06658944498123417,1.1509113949657006,0.7782917831050726
76.5,4.5,0.0,266.0428261,11.93091218,2.213511418,0.002232523,0,-61.95808934,27.04955592,0.017415422,0.00060954,285.10091218,93.96834292724665,1.3961871010346978,0.363233645659164,1.0329534553755337,0.09211105603768081,2472831.11634302,0.06665076158300633,1.3417465365980288,0.9073411993043677
77.5,5.5,98.9429265,264.9316644,11.65367067,2.259302314,0.002170716,0,14.55046652,26.96849946,55.69222464,1.949227862,284.82367067,92.063819308778,1.370853247734122,0.3531775871382637,1.0176756605958583,0.09064124272170111,2473485.6835481296,0.0666331235578429,2.5402850409452142,1.712691893874427
78.5,6.5,301.3592112,264.9578475,11.66021353,2.259389638,0.002339238,0,158.1538553,26.80867622,109.8105588,3.843369557,284.83021353000004,92.06026109959525,1.3714464381602172,0.38059627909967847,0.9908501590605387,0.09067569841921597,2473470.2358556697,0.0666335397051591,4.670253337539898,3.1300827397870377
79.5,7.5,496.8783293,273.809633,13.84491114,2.488084375,0.002286736,0,291.3915238,26.55672604,172.7476967,6.046169384,287.01491114000004,83.59845111763944,1.582586797181162,0.37205415305466244,1.2105326441264996,0.10282310801912879,2468312.16479846,0.06677278486932199,7.450514047721714,4.946531510562926
80.5,8.5,672.1759755,281.0032626,15.58167181,2.729272758,0.00211519,0,396.8723426,26.23244087,221.9742516,7.769098804,288.75167181,76.2107779042288,1.7702671172443603,0.3441434533762058,1.4261236638681545,0.1134425678526179,2464211.67285659,0.06688389596797834,9.89346166357116,6.488241202231057
81.5,9.5,815.3059047,287.8856209,17.21234316,2.872552247,0.002539874,0,482.1043798,25.85716079,256.4790873,8.976768055,290.38234316,72.40947495984744,1.9639588003607762,0.4132399498392283,1.550718850521548,0.12424720517450903,2460361.6577992397,0.06698855700663284,11.83790437953241,7.652364923955369
82.5,10.5,916.5140484,300.4886172,20.12415299,3.148461177,0.002479222,0,546.8520925,25.44307313,282.2107345,9.877375707,293.29415299000004,66.0640193118697,2.356312447338733,0.4033718109324759,1.9529406364062571,0.14571566633900399,2453486.87479061,0.0671762620227932,14.356057738650284,9.13155567257454
83.5,11.5,968.9032387,303.6268494,20.83493021,3.489520945,0.002466464,0,565.1180462,25.02740454,283.0944101,9.908304355,294.00493021,59.60703583053002,2.461900297644032,0.4012960720257234,2.0606042256183086,0.1514080138422138,2451808.7297741896,0.06722224093948695,15.130045654115904,9.46664433235569
84.5,12.5,968.9032387,304.8519334,21.11090412,3.537424194,0.002319589,0,551.3927883,24.61742434,279.1460778,9.770112722,294.28090412,58.7998466095186,2.50399795295995,0.37739936784565914,2.126598585114291,0.1536682878481193,2451157.1553726797,0.06724011016966351,15.094627954134863,9.2897715400341
85.5,13.5,916.5140484,308.4197734,21.90991874,3.821893462,0.002754092,0,511.1405855,24.22511072,266.9117358,9.341910753,295.07991874000004,54.423285753013495,2.6294491967306617,0.44809342508038585,2.181355771650276,0.16037383202851715,2449270.68185486,0.0672918997444582,14.693662771096694,8.898890187803985
86.5,14.5,815.3059047,311.9739497,22.69901026,4.556799472,0.002674117,0,438.3897423,23.86892979,242.144425,8.475054874,295.86901026000004,45.646072704776685,2.758696094187832,0.43508141543408363,2.3236146787537484,0.16723702166902693,2447407.63677614,0.0673431244937696,14.165834231176614,8.45308256701833
87.5,15.5,672.1759755,312.2289506,22.75536537,4.033005264,0.002314499,0,340.2065307,23.5430109,221.5591755,7.754571143,295.92536537,51.57444297350166,2.7681352174169405,0.3765712199356913,2.3915639974812493,0.16773651588447197,2447274.58236143,0.06734678583201044,12.311245949717096,7.246094939669261
88.5,16.5,496.8783293,306.5595736,21.49419876,4.178508148,0.002485197,0,213.1809112,23.24952444,199.7543965,6.991403877,294.66419876000003,49.77853162726441,2.5635095891899833,0.4043439491961415,2.1591656399938417,0.15685480488008363,2450252.19672764,0.06726494415168086,9.607282074275254,5.58411848469591
89.5,17.5,301.3592112,294.354493,18.71860174,4.07726145,0.002251169,0,72.4019687,23.01918905,157.1914521,5.501700823,291.88860174,51.01463385429943,2.159111870466428,0.36626736784565916,1.7928445026207689,0.13499076437612,2456805.38129186,0.0670855243258027,6.3736922557245155,3.667930674526089
90.5,18.5,98.9429265,294.51108,18.75475351,4.255060739,0.002506928,0,-45.43303846,22.89657519,83.67442315,2.92860481,291.92475351,48.882968483519925,2.163997058393302,0.40787960385852084,1.756117454534781,0.13525799170991554,2456720.02696289,0.06708785509196635,4.529236345531469,2.5926000134685525
91.5,19.5,0.0,280.3576637,15.42717585,4.038791965,0.002476256,0,-105.312191,22.89654086,0.023507455,0.000822761,288.59717585000004,51.50054813481833,1.752815839657551,0.40288923987138264,1.3499265997861685,0.11246162503978689,2464576.43781815,0.06687399694380226,2.6960822955148247,1.5432739610294446
92.5,20.5,0.0,275.8923545,14.35122864,3.410725379,0.002271318,0,-86.7804508,22.89650893,0.021876093,0.000765663,287.52122864,60.984094844066306,1.6354077061529797,0.3695456295819936,1.265862076570986,0.10582782822204802,2467116.74918096,0.06680513892386086,2.341555070642877,1.3403359146265355
93.5,21.5,0.0,270.2557157,12.97423047,3.419505393,0.002438798,0,-76.84285627,22.89648123,0.019011466,0.000665401,286.14423047,60.827510442238975,1.495248009060562,0.39679478713826366,1.0984532219222984,0.09782568947211794,2470367.8418603297,0.06671722096507782,2.1731342374788327,1.2439281819676113
94.5,22.5,0.0,272.0174154,13.40689884,3.348129403,0.002080866,0,-70.71265578,22.89645068,0.020951979,0.000733319,286.57689884,62.12424161790977,1.5381055191774042,0.3385589054662379,1.1995466137111663,0.10028258375549969,2469346.31183876,0.0667448208379044,2.4515897096361967,1.4033175718570174
95.5,23.5,0.0,268.9956838,12.66347095,2.959526262,0.002479887,0,-73.36923944,22.89642409,0.018253299,0.000638865,285.83347095,70.28151858988302,1.4651164210929597,0.40348000707395504,1.0616364140190047,0.0960928328858236,2471101.5450870497,0.06669741172640156,1.79733438064422,1.0288132552691887
96.5,0.5,0.0,272.0971379,13.4264287,2.434520593,0.002124709,0,-68.49412939,22.89639438,0.020381875,0.000713366,286.5964287,85.43776569319823,1.5400652005056177,0.3456922038585209,1.1943729966470968,0.10039471062329056,2469300.2018393,0.06674606718439985,1.663296615358356,0.952087381904102
97.5,1.5,0.0,266.7906225,12.11700337,2.345469604,0.002340576,0,-70.73140215,22.89636911,0.017353261,0.000607364,285.28700337000004,88.68160117925792,1.4134215863768897,0.38081397299035374,1.032607613386536,0.09310897799709536,2472391.75504343,0.06666260588930126,1.305562262455701,0.7473158864318106
98.5,2.5,0.0,268.4685563,12.53314243,2.313936232,0.002223345,0,-65.4093134,22.89634225,0.018442419,0.000645485,285.70314243,89.89011759421726,1.4526391615869585,0.36174037620578775,1.0908987853811707,0.09537391293619867,2471409.25072277,0.06668910748886171,1.4528374352018292,0.831616578749832
99.5,3.5,0.0,263.8954575,11.39434387,2.260798386,0.002302502,0,-67.78969053,22.89631854,0.016289919,0.000570147,284.56434387,92.00289653780743,1.347522861949733,0.3746192964630225,0.9729035654867105,0.08928454299133544,2474097.95412293,0.06661663370917158,1.2068534882603037,0.6908125474579516
100.5,4.5,0.0,263.927709,11.40242681,2.272677628,0.002248879,0,-66.13363146,22.89629451,0.01651563,0.000578047,284.57242681,91.521999177263,1.3482447435023752,0.365894782636656,0.9823499608657192,0.08932656702942089,2474078.87030159,0.06661714755695196,1.2630601777559856,0.7229849453438499
101.5,5.5,98.9429265,266.0014422,11.92060224,2.196760871,0.002448005,0,15.15706655,22.81826353,53.59981573,1.875993551,285.09060224,94.68486203749393,1.3952376856091335,0.3982927749196142,0.9969449106895194,0.0920560359889409,2472855.45811136,0.0666501055004226,2.442565066904338,1.3933773346448817
102.5,6.5,301.3592112,265.1251385,11.70200624,2.290626424,0.002371952,0,155.9156667,22.6630248,106.6564086,3.732974302,284.87200624,90.8048548731838,1.3752407825800979,0.3859188784565916,0.9893219041235062,0.09089604863988725,2473371.56326736,0.06663619798098332,4.648865386752877,2.6339337887960506
103.5,7.5,496.8783293,271.4524042,13.26836324,2.486812365,0.002496198,0,277.1026787,22.43117527,159.0535011,5.566872539,286.43836324,83.64121190944778,1.524267177889718,0.4061338225080386,1.1181333553816795,0.09949026322879906,2469673.3943903595,0.06673598118066254,6.97006364786202,3.908667983206213
104.5,8.5,672.1759755,278.5376901,14.9902034,2.66016385,0.002241869,0,376.3024686,22.12628599,208.8159714,7.308558999,288.1602034,78.19067235275752,1.7042709475185112,0.3647542488745981,1.339516698643913,0.10972606908772811,2465608.1297726,0.06684601465262803,9.272863844621874,5.129350934310862
105.5,9.5,815.3059047,287.5061328,17.1231952,3.123576373,0.002185412,0,456.5233934,21.76568311,246.4692758,8.626424653,290.2931952,66.59033593605685,1.952909272283343,0.35556864051446946,1.5973406317688736,0.12363476753583029,2460572.1361327996,0.0669828267784313,11.575540508315733,6.298738663274214
106.5,10.5,916.5140484,298.6485389,19.70480134,3.428175514,0.002557855,0,516.3081048,21.37076516,269.2547254,9.423915387,292.87480134000003,60.67367296410834,2.295892227577573,0.41616547588424435,1.8797267516933287,0.14244295616827968,2454476.96403626,0.06714916439850653,13.673387396905833,7.305268775024457
107.5,11.5,968.9032387,300.5718651,20.1430795,3.66584469,0.002652204,0,533.7660248,20.97134543,272.2092271,9.527322949,293.3130795,56.73999244086906,2.3590718631537184,0.43151614919614145,1.927555713957577,0.1458648606054644,2453442.1893005,0.0671774855299968,14.215086497871996,7.452737231605065
108.5,12.5,968.9032387,305.7979288,21.32343934,3.499327267,0.002734413,0,523.2401196,20.57338954,270.9035352,9.481623732,294.49343934,59.439996356305365,2.536845986500275,0.44489163279742766,2.0919543537028473,0.1554283690708751,2450655.35971826,0.06725387823988688,14.512967725427433,7.464523459916658
109.5,13.5,916.5140484,314.1732304,23.18391939,4.556213212,0.002473383,0,480.7118558,20.22088417,239.5335435,8.383674021,296.35391939,45.65194610563365,2.840842566451946,0.40242180000000005,2.438420766451946,0.17157629479371023,2446262.76632021,0.06737464161233282,15.240177706977068,7.704246703574987
110.5,14.5,815.3059047,311.8734206,22.67678388,4.27549267,0.002336863,0,405.5960125,19.88095468,231.101076,8.08853766,295.84678388000003,48.649364191285116,2.75498105139895,0.38020986430868164,2.374771187090268,0.16704036736377448,2447460.11325932,0.06734168057633018,13.58389831937774,6.751521671631925
111.5,15.5,672.1759755,307.6068299,21.72847301,4.6073814,0.002378679,0,311.6429475,19.56360487,215.9476475,7.558167661,294.89847301000003,45.14494936321095,2.6004891113279984,0.38701336784565915,2.213475743482339,0.15882979779256223,2449699.07522339,0.06728013201188326,11.713869358669067,5.729137790795048
112.5,16.5,496.8783293,303.9731933,20.91303545,4.482960645,0.002317067,0,197.1321897,19.28221979,191.6251416,6.706879956,294.08303545,46.397908987220205,2.4737514063690327,0.3769890360128617,2.096762370356171,0.15204483861433604,2451624.32330255,0.06722729726730584,9.416393804739357,4.539224374304466
113.5,17.5,301.3592112,299.3204751,19.85815884,4.008179481,0.002505865,0,73.39199078,19.05908406,152.1113136,5.323895976,293.02815884,51.89388374098111,2.317828944326562,0.40770665273311896,1.9101222915934428,0.14363250029045874,2454114.88697876,0.06715907150268817,6.550292011881011,3.1210641517996676
114.5,18.5,98.9429265,289.2555458,17.53342932,3.872587422,0.002254985,0,-62.36603043,18.94700069,76.57795688,2.680228491,290.70342932,53.710859777718916,2.004211201458734,0.36688823472668813,1.6373229667320457,0.12647440411331462,2459603.57337548,0.06700920382231752,3.750966796745167,1.7767392621524443
115.5,19.5,0.0,283.8740662,16.2654672,4.037845817,0.002275861,0,-106.2848842,18.94696287,0.02586972,0.00090544,289.4354672,51.51261574285118,1.849348103755662,0.3702847800643087,1.4790633236913533,0.11787193311888562,2462597.2319408,0.06692774402273029,2.950776225438933,1.3977061895267553
116.5,20.5,0.0,277.5706846,14.75715536,3.34707185,0.00217462,0,-83.21248337,18.94692938,0.022947408,0.000803159,287.92715536000003,62.143870619329554,1.6788660447054586,0.3538127717041801,1.3250532730012785,0.10829039511970978,2466158.3561950396,0.06683110058865308,2.453946004286803,1.1623685411388809
117.5,21.5,0.0,275.0393327,14.14420358,3.543893986,0.002177311,0,-75.27336027,18.94689733,0.021968772,0.000768907,287.31420358,58.69250062831874,1.613626093102654,0.35425059999999997,1.2593754931026542,0.10459034729505146,2467605.53534762,0.06679190608445439,2.629797245611367,1.245662460282884
118.5,22.5,0.0,268.7905647,12.61277952,3.003884594,0.002102893,0,-78.59172189,18.94686932,0.019225431,0.00067289,285.78277952,69.2436721488775,1.4602522390984984,0.34214271961414794,1.1181095194843504,0.09581266176181939,2471221.22755328,0.06669418153776543,1.9163798254208593,0.907734952993336
119.5,23.5,0.0,268.2103855,12.46924154,3.209706855,0.002301648,0,-73.40313453,18.94684227,0.018567673,0.000649869,285.63924154,64.80342579447182,1.4465556443632828,0.3744803498392283,1.0720752945240544,0.09502309860192473,2471560.1207240596,0.06668503662461348,2.0421411296699468,0.9673031469234026
120.5,0.5,0.0,271.621884,13.30994083,2.408156979,0.002095711,0,-65.20061382,18.94681269,0.020297426,0.00071041,286.47994083000003,86.3731068256078,1.528408846167456,0.3409742012861737,1.1874346448812825,0.09972749463625713,2469575.2297003698,0.0667386339109074,1.686454582559334,0.7988234771485961
121.5,1.5,0.0,263.3663934,11.26164277,2.380904389,0.00223344,0,-74.72481813,18.94678896,0.01630464,0.000570662,284.43164277,87.36176091781735,1.3357198799033971,0.3633828424437299,0.9723370374596672,0.08859702168540701,2474411.26142003,0.06660819878253882,1.2161597278076757,0.5760580426105768
122.5,2.5,0.0,265.0896819,11.6931501,2.354367416,0.002373252,0,-66.44129635,18.94676474,0.016642162,0.000582476,284.86315010000004,88.34644864113257,1.3744359678124602,0.386130389710611,0.9883055781018493,0.09084931697203917,2473392.4726139,0.06663563465778609,1.3152918112050909,0.6230131127837838
123.5,3.5,0.0,262.7954242,11.11820646,2.210806258,0.00226592,0,-64.38731727,18.94674146,0.016003463,0.000560121,284.28820646,94.08332333388935,1.3230643171776408,0.3686673697749196,0.9543969474027212,0.08785896178467106,2474749.91454794,0.06659908389188683,1.197928780944099,0.5674211725010204
124.5,4.5,0.0,263.8170097,11.37468001,2.167354912,0.001960686,0,-64.00072885,18.94671626,0.017317741,0.000606121,284.54468001000004,95.96951512111183,1.3457681146111666,0.31900550353697754,1.0267626110741892,0.08918237891188796,2474144.3804963897,0.06661538367350689,1.3053767540850805,0.6183150743012453
125.5,5.5,64.50201188,263.0746238,11.1883749,2.249533715,0.002356199,0,-13.76283822,18.89603763,34.83570991,1.219249847,284.3583749,92.46360639675942,1.3292421381770776,0.38335585016077167,0.9458862880163059,0.08821935999241676,2474584.2468610997,0.06660354254638123,1.9665421578033524,0.9289963653708385
126.5,6.5,188.808435,262.8403108,6.681131419,2.228641709,0.001607142,21,71.89707066,18.83158431,44.49473859,1.557315851,279.851131419,93.33039005777667,0.9801325953907826,0.26148355369774917,0.7186490416930333,0.0674752192752147,2485225.8487197408,0.06631834980121533,2.754756099423347,1.2969105434944375
127.5,7.5,302.562988,266.4166982,7.9428801,2.362928368,0.001994842,5,147.8305021,18.73073616,69.53610742,2.43376376,281.11288010000004,88.02636712007175,1.0686025788850793,0.32456271768488754,0.7440398612001917,0.07281072516068823,2482246.8600839,0.06639793963314641,3.8817721357904476,1.817711242718264
128.5,8.5,548.4483118,274.8342577,10.24982062,2.547714212,0.002419187,0,322.811347,18.54783781,125.834074,4.404192592,283.41982062,81.64181014506977,1.2486713429558698,0.39360405852090036,0.8550672844349694,0.0835016133963446,2476800.17351618,0.06654395414404284,6.760847709751144,3.1349776694643547
129.5,9.5,432.5518222,279.6463381,11.58042163,2.639859055,0.002457353,0,183.2119554,18.36901373,122.8749266,4.300622432,284.75042163,78.79208536002692,1.3642276954803385,0.3998137035369774,0.9644139919433611,0.0902562631009764,2473658.62453157,0.0666284650339045,5.148790596103825,2.364455128818151
130.5,10.5,651.9515604,288.5735354,13.80686954,2.840292938,0.002724237,0,348.3094878,18.1077951,179.1090496,6.268816737,286.97686954,73.23188295727826,1.578679317634913,0.4432359877813505,1.1354433298535624,0.1026003129797476,2468401.98101606,0.06677035524925942,8.26324083147839,3.740726795959108
131.5,11.5,636.0778383,285.4546733,13.54298325,2.983372355,0.002671773,0,324.3073217,17.85859918,170.9086006,5.981801022,286.71298325000004,69.71975846441065,1.5518062408542925,0.43470004437299037,1.117106196481302,0.10106610620815377,2469025.01654675,0.06675350637027347,7.860306677980348,3.509351659848209
132.5,12.5,805.0018189,296.8543939,16.17316659,3.51437367,0.002670089,0,439.2754007,17.53769958,219.532331,7.683631587,289.34316659,59.18551057207301,1.8384960020756038,0.43442605594855305,1.4040699461270507,0.11726560891667297,2462815.1536810095,0.06692182193376477,10.775065471055072,4.724246529654876
133.5,13.5,736.7292445,299.9550918,17.19276552,3.730865747,0.002543365,0,379.5788875,17.22176813,215.9222849,7.557279973,290.36276552000004,55.75113501933255,1.9615275507780976,0.41380793890675244,1.5477196118713452,0.12411248871596792,2460407.88060728,0.06698729851643052,10.390421856487013,4.473535899632587
134.5,14.5,413.5475941,297.4597489,16.9956136,3.283271777,0.002428791,0,119.7559325,16.9850091,161.8427758,5.664497154,290.16561360000003,63.3514415276503,1.9371907773093795,0.39516663858520906,1.5420241387241704,0.1227627501013163,2460873.3562903996,0.06697462782841744,5.975746477774985,2.5374527076075264
135.5,15.5,380.3257786,289.9443666,15.66252175,3.22954547,0.002649113,0,131.2805127,16.77442649,144.1333177,5.044666119,288.83252175,64.40534803803212,1.7794601808614168,0.4310132405144695,1.3484469403469472,0.11395879915545902,2464020.7861482496,0.06688907743674437,5.666278222113512,2.3762141877182748
136.5,16.5,347.5399144,287.5276916,15.15600205,3.322107033,0.00244144,0,140.3351504,16.57690427,135.2597403,4.73409091,288.32600205,62.610866517496696,1.7225495175055725,0.39722464308681676,1.3253248744187558,0.11075727666476225,2465216.67915995,0.0668566291002789,5.81359705141303,2.4092860446407016
137.5,17.5,154.6028949,287.2147567,15.25511832,3.341171736,0.002617426,0,-6.595637722,16.45098026,86.22235797,3.017782529,288.42511832,62.25360934275543,1.7335585461018903,0.4258577350482315,1.3077008110536588,0.11137766750472555,2464982.66564648,0.0668629761447805,3.5133043422039787,1.4449325095242485
138.5,18.5,69.46250651,276.9561862,12.96786428,3.361028537,0.002487286,0,-60.92386564,16.38916279,42.42023348,1.484708172,286.13786428000003,61.88581790074816,1.4946253199989044,0.40468383151125403,1.0899414884876504,0.09778992529342308,2470382.8724349197,0.06671681503683999,2.3316894459079545,0.9553609476177591
139.5,19.5,0.0,271.4458741,11.78645671,3.241508782,0.002609064,0,-85.91587457,16.38913878,0.016491556,0.000577204,284.95645671,64.16764969295092,1.3829361646559892,0.42449722958199354,0.9584389350739957,0.09134270285299861,2473172.17570769,0.06664157020255027,1.6329858307780702,0.6690807851598847
140.5,20.5,0.0,271.4950395,11.67712436,3.04569969,0.002330719,0,-66.43790245,16.3891137,0.017234646,0.000603213,284.84712436,68.29301020154091,1.3729806568271654,0.37921022958199363,0.9937704272451717,0.09076480513343979,2473430.30938604,0.06663461531339,1.876525483790981,0.7688647378699474
141.5,21.5,0.0,272.3997679,11.81001943,2.842842396,0.002179788,0,-60.87679245,16.38908766,0.017888099,0.000626083,284.98001943,73.16620868348693,1.385090008914749,0.35465361028938913,1.03043639862536,0.0914676580381246,2473116.5441257698,0.06664306927301697,1.8897903736587371,0.77429850232293
142.5,22.5,0.0,268.8119191,10.96237255,2.695625266,0.002104153,0,-66.74587015,16.38906344,0.016646308,0.000582621,284.13237255,77.16206055177997,1.3094344376237963,0.34234772282958204,0.9670867147942143,0.08706305648043121,2475117.83840945,0.06658918400278326,1.6031877156649939,0.6568686294565567
143.5,23.5,0.0,264.1553679,10.0932691,2.686925022,0.002529563,0,-68.42460799,16.38904309,0.014005181,0.000490181,283.2632691,77.41191075185871,1.2356585009171195,0.411562340192926,0.8240961607241934,0.08273602590875952,2477169.7916548997,0.06653402513047395,1.2706148193524485,0.5206040256289961
144.5,0.5,0.0,264.1833772,10.02714341,2.588831256,0.002363139,0,-62.58798006,16.38902211,0.014441108,0.000505439,283.19714341,80.34513625325296,1.2301979342471117,0.3844849948553055,0.8457129393918061,0.08241445376374018,2477325.9144089897,0.06652983211122539,1.3460090344961426,0.5514942956654258
145.5,1.5,0.0,267.6598125,10.85117309,2.51657434,0.002426846,0,-57.17152771,16.38899951,0.015535404,0.000543739,284.02117309,82.65203880287518,1.2997840669755856,0.39485018520900317,0.9049338817665824,0.08649888272636978,2475380.38033451,0.06658212147102242,1.4531137847286857,0.5953770276473169
146.5,2.5,0.0,260.7878809,9.24046113,2.455204699,0.002359003,0,-67.00446195,16.38898032,0.013214371,0.000462503,282.41046113000004,84.71798709277398,1.1668439504290202,0.3838120636655949,0.7830318867634254,0.07866985054108283,2479183.2712720702,0.06647998922881196,1.0924734560145908,0.4476131492686379
147.5,3.5,0.0,263.0173675,9.680407469,2.366678334,0.00219498,0,-61.62705267,16.38895948,0.01435192,0.000502317,282.850407469,87.88689067366938,1.201910857387598,0.3571253633440515,0.8447854940435466,0.0807456633687426,2478144.5579656907,0.06650785428987063,1.2237204647132323,0.5013876277757984
148.5,4.5,0.0,265.3088499,10.28416949,2.2858985,0.002359934,0,-55.17050584,16.388938,0.014771149,0.00051699,283.45416949,90.99266655977945,1.2515425467459598,0.38396353826366564,0.8675790084822941,0.08367039655499198,2476719.07583411,0.06654613305907987,1.2622804639112966,0.5171859065413369
149.5,5.5,68.22331985,264.2079395,10.04851354,2.261541126,0.002398343,0,-7.505345264,16.34482426,30.35608451,1.062462958,283.21851354,91.97268075681238,1.2319603243616664,0.3902127196141479,0.8417476047475185,0.08251826080120606,2477275.45953206,0.06653118712989253,1.8901947218901176,0.7723725136618387
150.5,6.5,200.3200057,262.6204127,9.59819803,2.34088095,0.002214755,0,81.96579476,16.25473186,62.02207612,2.170772664,282.76819803,88.8554370951671,1.1952886250734827,0.3603427749196142,0.8349458501538685,0.08035425891893352,2478338.65445117,0.06650264558251692,3.2136236122323694,1.3059147528950446
151.5,7.5,365.836654,270.435418,11.51057185,2.450491612,0.002425695,0,192.4902684,16.09860613,107.2854206,3.754989722,284.68057185000004,84.88092715005791,1.3579358362474767,0.3946629163987138,0.9632729198487628,0.08989044800039053,2473823.53986215,0.06662402330426613,5.204389533255239,2.0945854310742655
152.5,8.5,394.7865051,273.9923123,12.36207463,2.567391138,0.002347378,0,175.4196135,15.92357473,120.1791374,4.20626981,285.53207463,81.01609331020445,1.4364033097667006,0.38192066495176846,1.0544826448149323,0.09443722153305581,2471813.14179857,0.06667821057480607,5.245923750408547,2.0883464716878093
153.5,9.5,472.6695744,276.1418585,12.92361967,2.65292054,0.002323557,0,213.756856,15.72335397,137.400794,4.809027789,286.09361967,78.40415755535595,1.490303956453372,0.37804496527331194,1.11225899118006,0.09754167387901853,2470487.33395913,0.06671399399821598,6.024581931551811,2.368165855776386
154.5,10.5,613.0195248,282.5051816,14.55746316,2.842340289,0.002615483,0,322.9753494,15.47144877,172.5991327,6.040969644,287.72746316,73.17913368957632,1.6573621531718572,0.42554160707395505,1.2318205460979021,0.10707293863124145,2466629.82947924,0.06681832644714847,8.176579595940181,3.1625883083103954
155.5,11.5,560.4065792,287.3570479,12.42680568,3.191559634,0.002358735,5,256.0771898,15.26655346,140.6754469,4.92364064,285.59680568,65.1718983358968,1.4425280213978033,0.3837684598070739,1.0587595615907295,0.09479073443338737,2471660.31178952,0.06668233348420302,6.6841644612725135,2.5511038520862233
156.5,12.5,738.1539117,292.4904817,13.4594633,3.428967266,0.002426063,4,399.3587607,15.01403266,173.2027684,6.062096893,286.6294633,60.65966335182857,1.5433849740030061,0.3947227903536978,1.1486621836493083,0.10058461513515321,2469222.2071486996,0.06674817547536037,9.132992862598291,3.428076328064941
157.5,13.5,485.482354,295.7153559,14.82052406,3.558872853,0.002550143,0,209.3631017,14.79343616,151.1091372,5.288819802,287.99052406000004,58.44547096552314,1.6857408653771258,0.4149107260450161,1.2708301393321095,0.10867918344667057,2466008.7426943397,0.06683515525185908,6.826551348267693,2.524703789089001
158.5,14.5,589.5271311,297.1778316,15.33022002,3.57699315,0.002431045,0,295.1764597,14.54434037,170.5479533,5.969178365,288.50022002000003,58.14939846893473,1.7419412630123867,0.39553336655948557,1.3464078964529012,0.11184970944971034,2464805.35053278,0.06686778618635837,8.353332254022309,3.037342688154994
159.5,15.5,507.7878496,296.5421152,15.71732499,3.179181062,0.002569482,0,244.736275,14.30934217,160.8361279,5.629264478,288.88732499,65.42565394785936,1.7857153685733056,0.4180572,1.3676581685733056,0.11430985416207233,2463891.3956986098,0.06689259009473761,7.480134745768482,2.6758951888726794
160.5,16.5,295.2909545,287.9457612,14.35403647,3.286258594,0.002688222,0,60.13668507,14.14897273,109.9025147,3.846588015,287.52403647,63.2938626253464,1.63570488878599,0.43737631254019294,1.198328576245797,0.10584469705443414,2467110.11989433,0.06680531843364873,4.252695536911848,1.5042818295189613
161.5,17.5,174.1045306,285.2569004,13.6612426,3.195221747,0.002337968,0,-0.023275389,14.03319981,79.392756,2.77874646,286.8312426,65.09720340858709,1.5637992251943365,0.38038964887459814,1.1834095763197383,0.10175122245111001,2468745.8062214,0.06676105606136962,3.298781553941825,1.157311516900198
162.5,18.5,55.2484382,276.8207846,12.09340972,3.462385458,0.002583563,0,-55.52752543,13.98864845,30.59747189,1.070911516,285.26340972,60.074189463627306,1.4112262129694217,0.4203481922829582,0.9908780206864636,0.09298194849540406,2472447.4596510795,0.06666110397091206,2.269529883057044,0.7936913920213648
163.5,19.5,0.0,273.1122796,11.24966989,3.151852861,0.002497155,0,-80.16796486,13.98862509,0.016053918,0.000561887,284.41966989,65.99292834184115,1.3346594441971766,0.4062895273311897,0.9283699168659869,0.08853521303841545,2474439.5293897097,0.06660743785121631,1.6168207556691216,0.5654274847196459
164.5,20.5,0.0,275.0614007,11.70213213,2.903916972,0.002554514,0,-60.94694098,13.98860087,0.016644194,0.000582547,284.87213213,71.62739224487717,1.3752522260029718,0.4156218919614148,0.9596303340415571,0.09089671307801091,2473371.2660410698,0.06663620598868931,1.753231675152913,0.6131314534088899
165.5,21.5,0.0,269.8005314,10.34988878,2.76879245,0.002225502,0,-63.09432789,13.98857844,0.015430294,0.00054006,283.51988878000003,75.1230017258968,1.2570521679051903,0.3620913221864952,0.894960845718695,0.08399413866206487,2476563.91259042,0.06655030234936468,1.571579898407955,0.5496042170901727
166.5,22.5,0.0,267.2856563,9.7684268,2.682997874,0.002174268,0,-64.63643728,13.98855709,0.014696056,0.000514362,282.9384268,77.52521983548915,1.2090368425798934,0.35375550096463027,0.8552813416152631,0.08116653184985391,2477936.7443251996,0.06651343201067117,1.4320680648474908,0.5008141470471237
167.5,23.5,0.0,265.1763212,9.445276909,2.727007559,0.00236123,0,-60.83927221,13.98853714,0.013735814,0.000480753,282.61527690900004,76.27408267114377,1.1830556616414232,0.3841743987138264,0.7988812629275968,0.07963049870833465,2478699.701217851,0.0664929588241123,1.3864393411565854,0.4848564554031506
168.5,0.5,0.0,265.0182427,9.283225826,2.614156062,0.002184872,0,-59.08805018,13.98851677,0.014026912,0.000490942,282.453225826,79.56678754705501,1.1702126529833323,0.35548078199356914,0.8147318709897632,0.07886960834070866,2479082.3038248136,0.06648269680927256,1.3904754936011918,0.48626724401285754
169.5,1.5,0.0,265.4124913,9.421261691,2.512837821,0.00225538,0,-58.20151613,13.98849646,0.013980011,0.0004893,282.591261691,82.77494005451774,1.1811445971032979,0.3669525016077171,0.8141920954955808,0.07951734430475817,2478756.4011475486,0.0664914378412158,1.320089948081129,0.4616518391403614
170.5,2.5,0.0,262.1590286,8.871483595,2.450345352,0.002488786,0,-61.03506174,13.98847843,0.012424738,0.000434866,282.04148359500005,84.885993654008,1.1381310011946848,0.4049278829581994,0.7332031182364853,0.07696419320745475,2480054.427232205,0.06645663714499862,1.0708403052542363,0.37448566280058754
171.5,3.5,0.0,265.1269203,9.277005708,2.39982929,0.002145229,0,-56.13620645,13.98845799,0.014073186,0.000492562,282.447005708,86.67283163295336,1.169722144696245,0.3490308276527331,0.8206913170435118,0.07884052671445024,2479096.9895234117,0.06648230297843358,1.296525184992127,0.45340970208098375
172.5,4.5,0.0,264.1442252,9.277923536,2.315201159,0.002445617,0,-56.68593313,13.98843897,0.013100133,0.000458505,282.447923536,89.84100547437572,1.1697945117278037,0.3979042450160772,0.7718902667117264,0.07884481736432242,2479094.8225315036,0.06648236109102018,1.1071730300626852,0.3871905590065462
173.5,5.5,63.12128029,266.4275769,9.678636463,2.34824248,0.002305942,0,-6.916743708,13.95042214,26.16982283,0.915943799,282.848636463,88.57688325270395,1.2017678578482291,0.3751789877813505,0.8265888700668786,0.08073721437578091,2478148.739310857,0.06650774207211281,1.9389707863998547,0.6762365246851436
174.5,6.5,228.3282052,263.0311673,9.101830643,2.346780882,0.002547451,0,107.0676617,13.86733965,57.22330402,2.002815641,282.27183064300004,88.63204979867396,1.15598218963322,0.4144727350482315,0.7415094545849885,0.07802526220229579,2479510.577851877,0.06647121357038385,3.336313031345831,1.1566446496098433
175.5,7.5,391.6241989,274.5852822,11.56828656,2.485296793,0.002412368,0,213.0245709,13.7125229,106.380063,3.723302206,284.73828656,83.69221759986394,1.3631327699256814,0.3924946006430868,0.9706381692825947,0.09019261878576731,2473687.2754318397,0.06662769332540044,5.543397246224527,1.900349042066269
176.5,8.5,464.0176434,276.6824419,12.14455009,2.601517998,0.002383891,0,222.6349958,13.53537498,121.6576491,4.258017719,285.31455009,79.95331962335324,1.4159885853158864,0.3878613652733119,1.0281272200425746,0.0932574780687714,2472326.7172375103,0.06666435953682433,5.898026810904616,1.9958001131921885
177.5,9.5,537.6867032,282.33102,13.4505858,2.710509829,0.002264613,0,256.196039,13.32410308,144.9115859,5.071905506,286.6205858,76.73833083893975,1.5424922235065708,0.3684547196141479,1.174037503892423,0.10053355144583202,2469243.1669262,0.06674760889409964,6.875050459560798,2.2900970250847363
178.5,10.5,757.4199356,283.4572642,11.34647476,3.165842465,0.002065811,12,416.1184078,13.11275315,145.2567491,5.083986218,284.51647476,65.70131088313644,1.3432546630844566,0.3361094424437299,1.0071452206407268,0.08903601179586412,2474210.97309164,0.0666135907418084,8.671867206609221,2.842801350746169
179.5,11.5,650.3427946,291.7075317,13.37894047,3.429380401,0.002487004,6,318.6198291,12.89162084,151.6852421,5.308983472,286.54894047,60.652355725642934,1.5353039065161511,0.4046379498392283,1.1306659566769228,0.10012225171544423,2469412.32155033,0.06674303668613116,7.911173111074268,2.5496961036893167
180.5,12.5,749.9994617,299.5776857,14.8316566,3.322525393,0.002490342,3,404.2089467,12.62980936,179.3395883,6.276885589,288.0016566,62.60298279080752,1.6869511720690382,0.405181045659164,1.2817701264098742,0.10874760768868444,2465982.4587674,0.06683586762121572,9.71320665776838,3.0668987090474347
181.5,13.5,518.6931831,293.2926062,14.39671109,3.431725994,0.002553515,0,214.3893304,12.42339848,141.4493266,4.950726431,287.56671109,60.61089969410886,1.6402274343033212,0.4154593536977492,1.224768080605572,0.10610135843831739,2467009.36511651,0.0668080468201361,6.707685841847747,2.0833063522982203
182.5,14.5,677.0931681,301.042741,16.42277507,3.709922559,0.002806363,0,357.5050519,12.16550497,176.3866785,6.173533747,289.59277507,56.06586032244993,1.867972722083979,0.4565979672025724,1.4113747548814066,0.11891142357786004,2462225.8280597297,0.06693783945085797,9.597197553676798,2.918868863433173
183.5,15.5,464.9545312,294.5593394,15.5006543,3.619086159,0.002642615,0,197.2677323,11.96180667,139.4429749,4.880504121,288.6706543,57.473072168437426,1.761096788150771,0.42995600964630226,1.3311407785044689,0.11292726025266706,2464402.9551977,0.06687870456525893,6.850373709303361,2.0485711481984397
184.5,16.5,336.2734722,289.8301757,14.68379881,3.587438999,0.002500108,0,94.45341662,11.79751947,112.5518566,3.939314982,287.85379881,57.98007995619719,1.6709383673254588,0.40676998327974273,1.264168384045716,0.10784180480663665,2466331.55100959,0.06682640746454009,5.119880546020318,1.5100472606437232
185.5,17.5,189.2382691,290.2551096,14.96027115,3.78594247,0.002600962,0,24.06974499,11.67550369,83.56992796,2.924947479,288.13027115,54.94008470762631,1.7009892362760892,0.42317902636655946,1.2778102099095299,0.10954077344890112,2465678.79981485,0.06684409874586836,4.230768467908723,1.2349088214650985
186.5,18.5,50.45898855,283.5731042,13.61276808,3.318834698,0.002589638,0,-63.82003386,11.63180329,29.96949377,1.048932282,286.78276808000004,62.67260015250088,1.5588734987474553,0.4213366006430868,1.1375368981043685,0.10146991692846771,2468860.2545631197,0.06675796123567279,2.32661948683155,0.6765695050376335
187.5,19.5,0.0,277.4413523,12.33723118,3.451600272,0.002611847,0,-84.54320337,11.63177775,0.017536614,0.000613782,285.50723118,60.26190277226865,1.4340587475169584,0.4249500263665595,1.0091087211503988,0.09430184354143709,2471871.79718402,0.06667662835838739,1.8924650535098204,0.5503183225517021
188.5,20.5,0.0,272.1815301,11.17658708,3.032257774,0.002551338,0,-69.10676205,11.63175487,0.015725825,0.000550404,284.34658708,68.59575125290783,1.3282025382593283,0.41510515369774925,0.9130973845615791,0.08815872762401505,2474612.07790412,0.0666027934810734,1.6489529235089015,0.47950540496063504
189.5,21.5,0.0,272.5199305,11.1122249,2.988089702,0.002341037,0,-61.3291366,11.63173108,0.016355579,0.000572445,284.2822249,69.60969072005456,1.3225388533153342,0.38088897813504824,0.941649875180286,0.0878282975211753,2474764.0370111,0.06659870383823538,1.8130484827159148,0.5272223096488388
190.5,22.5,0.0,266.9540054,9.852480049,2.750827426,0.002261667,0,-65.71324623,11.63170991,0.014567634,0.000509867,283.022480049,75.61361284755492,1.2158763907842485,0.3679754025723473,0.8479009882119012,0.081570182549299,2477738.2946043108,0.06651875927709257,1.4375629929776945,0.4180328927916977
191.5,23.5,0.0,268.4491969,10.13988015,2.701037897,0.002207596,0,-60.63283969,11.63168781,0.015204873,0.000532171,283.30988015,77.00743489420208,1.2395203707111642,0.3591779987138264,0.8803423719973378,0.08296334026944746,2477059.74296585,0.06653698104716656,1.5357515117084777,0.4465845534482143
