Total Hour, Hour,SW_in,LW_down,Ta,um,q,p,ra,e,esat(T),D,Tk,gR,gD,gT,gSM,SM,gs,rs,LW_up,Rn,LH,delta,psy_const,Cinterim,Cactual,Cfinal,Dcanopy,lambdaEi (C=Cactual),lambdaET,lambdaE,H,Ts
0.5,0.5,0.0,269.13079387712315,12.69684511029523,2.429278260564434,0.002443526019632391,0,94.25334218061909,0.39756404049324434,1.4683266562373942,1.0707626157441499,285.86684511029523,0.0,0.6930599959727758,0.8727952532987024,0.6244004595363906,9.999980747584296,0.0001,1000000.0,-319.0,-49.86920612287685,2471022.748694593,0.0962776721443341,0.06669953858477752,0.0,0.0,0.0,0.0,0.0,0.01321476588183891,0.01321476588183891,-49.88242088875869,282.0934722222096
1.5,1.5,0.0,271.0083791434097,13.159340491112538,2.393032022619594,0.0020294748768538806,0,95.6809574550839,0.33019752015693365,1.5134538395705954,1.1832563194136618,286.32934049111253,0.0,0.6633421247712207,0.8887557542912231,0.6243997364158453,9.999958466424225,0.0001,1000000.0,-319.0,-47.991620856590316,2469930.797100483,0.09887048583602802,0.06672902632085885,0.0,0.0,0.0,0.0,0.0,0.015286923181654323,0.015286923181654323,-48.00690777977197,282.6428366661809
2.5,2.5,0.0,265.3830894145385,11.766408901132301,2.329627036827709,0.002357536563381216,0,98.28508663631739,0.38357347301314965,1.3811059319616334,0.9975324589484837,284.9364089011323,0.0,0.712663884229276,0.837446246475655,0.6243988995339533,9.999946411716689,0.0001,1000000.0,-342.4301461455207,-77.0470567309822,2473219.5085844263,0.0912365021003001,0.06664029480535363,0.0,0.0,0.0,0.0,0.0,0.008281649402485792,0.008281649402485792,-77.0553383803847,278.8581975121911
3.5,3.5,0.0,265.0976441601468,11.69513894648815,2.306167636287055,0.0021932738407348766,0,99.28488785557587,0.35684776958580305,1.3746166711316676,1.0177689015458646,284.8651389464882,0.0,0.7072261644275433,0.834560089100141,0.6243984467575389,9.999932438223299,0.0001,1000000.0,-334.73975167508723,-69.64210751494045,2473387.7769473414,0.09085980984178696,0.06663576116391835,0.0,0.0,0.0,0.0,0.0,0.009600518819576393,0.009600518819576393,-69.65170803376003,279.31504462704646
4.5,4.5,0.0,265.21156543289123,11.723589701440986,2.213614467920855,0.0021449197256135657,0,103.43607636427193,0.34898050841172484,1.3772039456396203,1.0282234372278956,284.893589701441,0.0,0.7044230300714662,0.8357152801785409,0.6243979219105898,9.999917119343891,0.0001,1000000.0,-326.78678101954716,-61.57521558665593,2473320.604714898,0.09101002504355786,0.06663757090618526,0.0,0.0,0.0,0.0,0.0,0.010524583355912108,0.010524583355912108,-61.58574017001184,279.7810387795431
5.5,5.5,98.94292650391611,261.0616766418051,10.681224898243343,2.2298279453050136,0.0022647485352766663,0,102.68397417254485,0.368476771334403,1.2851559867081117,0.9166792153737087,283.85122489824334,0.3971711697387962,0.7345451957743364,0.7907497853436938,0.6243973465298553,9.942985599108008,4.321331911944097,231.41013474017467,-328.9533332878308,8.294396761989717,2475781.628015247,0.0856426695248862,0.06657133056704426,0.0,0.0,0.0,0.0,0.0,39.15278107082767,39.15278107082767,-30.858384308837955,281.3081374437893
6.5,6.5,301.35921120210173,264.8531205312383,11.634040516629534,2.3044257112457203,0.0022261026557568978,0,99.35993771790717,0.36218904945755315,1.3690748861784603,1.0068858367209073,284.8040405166295,0.7213013052566533,0.7101486108022755,0.8320656203673741,0.6222528849424578,9.777805497768494,7.956310280905631,125.68640044115706,-333.6825894904111,163.21712366644553,2473532.0303402375,0.09053793428613867,0.06663187504701418,0.0,0.0,0.0,0.0,0.0,113.49396428837082,113.49396428837082,49.72315937807471,288.76915261138396
7.5,7.5,496.87832926664043,277.2756261942965,14.685925119656481,2.488462563738112,0.0024931712948481673,0,92.01166956715991,0.4056413746601842,1.671167695765439,1.265526321105255,287.8559251196565,0.8556070264768257,0.6419129999394806,0.9338462340635472,0.615961436209265,9.487870595223875,9.477649919141333,105.5113882166476,-355.93259854150676,303.93934118810284,2466326.530792491,0.10785478536237894,0.06682654348994842,0.0,0.0,0.0,0.0,0.0,198.63170620792445,198.63170620792445,105.30763498017839,295.6324974137321
8.5,8.5,672.1759755206294,279.831242576854,15.301002303447607,2.671194253029934,0.002143981003194883,0,85.71731347699664,0.34882777736868514,1.7386758200532408,1.3898480426845556,288.4710023034476,0.924826174148243,0.6100185249491691,0.9487204496615581,0.6046638307531513,9.119117455562803,9.709047908295851,102.99671084592698,-392.9992125707747,404.4075311569639,2464874.33356156,0.11166586372550318,0.06686591479585535,0.0,0.0,0.0,0.0,0.0,252.48059704744983,252.48059704744983,151.92693410951406,298.922746407866
9.5,9.5,815.3059047139755,288.53636638788475,17.36500894135059,3.091049369597625,0.002298907857502239,0,74.07438955746102,0.37403452601161835,1.9830083097039912,1.608973783692373,290.5350089413506,0.9636180397595431,0.5552321845020192,0.9848095477019464,0.5898135639961507,8.668130057892755,9.32326041870075,107.25861502207785,-420.76085697220583,495.56105604544007,2460001.2138894713,0.12530198022045938,0.06699837229341435,0.0,0.0,0.0,0.0,0.0,308.1748738103248,308.1748738103248,187.38618223511526,301.67516019502784
10.5,10.5,916.5140484190015,295.69369498004824,19.027323198928393,3.290883037358367,0.0026948602612739637,0,69.57633940363736,0.43845636405293426,2.2011418114639754,1.7626854474110412,292.1973231989284,0.9850452483425146,0.517889707388589,0.9983892748825538,0.5708911921713433,8.161328491474169,8.723042022500653,114.63890663607371,-438.1034376678847,563.3060745947947,2456076.4899273296,0.13728723964768802,0.06710543333904662,0.0,0.0,0.0,0.0,0.0,345.76205898306534,345.76205898306534,217.54401561172938,304.34502604199446
11.5,11.5,968.9032386939596,301.1623699719542,20.277218744483385,3.2794186814697035,0.002670518137046355,0,69.81956785167323,0.43449587695995356,2.3787099798668274,1.9442141029068738,293.4472187444834,0.9946793266924668,0.4749456714884874,0.9994999884864568,0.5485833835113512,7.632259187001241,7.7709429862310495,128.68451123265874,-454.1356716878981,593.082192078405,2453125.4865442747,0.14692596430334323,0.06718615825992454,0.0,0.0,0.0,0.0,0.0,360.5203874863314,360.5203874863314,232.5618045920736,306.47891618621554
12.5,12.5,968.9032386939596,306.7354897278417,21.533593608854883,3.8753851469743967,0.0025851455749109358,0,59.08253927320723,0.42060567874756705,2.569695629657963,2.149089950910396,294.7035936088549,0.9946793266924668,0.4279825497954854,0.9927444220396722,0.5240572351164936,7.123197841564076,6.644259484409076,150.50586184156793,-468.6867632773037,584.1042202448868,2450159.1854894934,0.15718545474562626,0.0672674976166869,0.0,0.0,0.0,0.0,0.0,346.46703652791894,346.46703652791894,237.6371837169679,305.9719089562751
13.5,13.5,916.5140484190015,314.90168678834135,23.343971996674878,4.46956341109693,0.0025964207964757975,0,51.22817914976734,0.42244016817258956,2.8684210860477264,2.445980917875137,296.5139719966749,0.9850452483425146,0.36275748857390966,0.9691300020164613,0.49920154250256765,6.664012763410714,5.186230068954793,192.8182874080507,-473.66725611120927,546.9502479597633,2445884.8821158507,0.17302923586552296,0.06738505085645785,0.0,0.0,0.0,0.0,0.0,311.97606687458216,311.97606687458216,234.9741810851811,306.1748034994972
14.5,14.5,815.3059047139755,312.54902421933116,22.826052683540077,3.651549921518903,0.0023682714644228126,0,62.70422151306016,0.3853200517678274,2.7800147517139036,2.394694699946076,295.9960526835401,0.9636180397595431,0.3737854185296014,0.9775591707936306,0.47566948068831816,6.250603173472019,5.024546547526952,199.02293481432534,-472.7255258158395,467.6090450332528,2447107.689614162,0.1683648210329199,0.06735137888288224,0.0,0.0,0.0,0.0,0.0,281.0160518053385,281.0160518053385,186.5929932279143,305.3863113374202
15.5,15.5,672.1759755206294,313.851171753007,23.11306962286515,4.781854735309562,0.0023336989490540935,0,47.88259113230802,0.3796950701676435,2.828708598922256,2.4490135287546124,296.2830696228652,0.924826174148243,0.3621085246887732,0.9730536346285497,0.4535388553715819,5.918630571599391,4.433751976900237,225.54261158720217,-470.92361354949975,360.5030593543919,2446430.042620415,0.17093642274239654,0.06737003482588065,0.0,0.0,0.0,0.0,0.0,225.5965962633506,225.5965962633506,134.9064630910413,301.4674378868915
16.5,16.5,496.87832926664043,304.3749039473812,21.00354305702307,4.00620264531068,0.0025278016775938496,0,57.15327341539469,0.4112757713384206,2.4875466965330943,2.076270925194674,294.1735430570231,0.8556070264768257,0.4444919441066013,0.9965569917332822,0.4350933666965888,5.660578608491646,4.947024875360745,202.14169631137713,-456.70050456440686,230.27071291828747,2451410.6348423683,0.15278561604295876,0.06723315744325148,0.0,0.0,0.0,0.0,0.0,175.71981297341037,175.71981297341037,54.5508999448771,296.67578023356975
17.5,17.5,301.35921120210173,301.016300991639,20.24405604954603,4.593790565105756,0.0024109986489172517,0,49.84284588073021,0.39227180590100624,2.3738416767668085,1.9815698708658023,293.41405604954605,0.7213013052566533,0.46626381355353785,0.9995713939695858,0.42032612378565704,5.482627985362494,4.239063145252162,235.90118045776708,-431.0966085958251,101.96628502143224,2453203.783667022,0.1466630263217493,0.06718401392812658,0.0,0.0,0.0,0.0,0.0,121.26365054620535,121.26365054620535,-19.297365524773113,292.6421111577288
18.5,18.5,98.94292650391611,286.9111021555001,16.983234973123995,3.63231946358631,0.002202182028487658,0,63.036194211522194,0.35829714032628773,1.9356716016336275,1.5773744613073397,290.15323497312403,0.3971711697387962,0.5630201340111545,0.9797398222043897,0.4099184631959376,5.417763953062306,2.694208096879126,371.16657809705345,-406.16944374241695,-43.072288178901445,2460902.5822284543,0.12267842082295952,0.06697383243068886,0.0,0.0,0.0,0.0,0.0,44.34001793924475,44.34001793924475,-87.4123061181462,285.73093695713635
19.5,19.5,0.0,278.904946614216,15.078553143225541,3.5097601594073122,0.002243280957156949,0,65.23739080324627,0.36498397566605023,1.7139898351466933,1.349005859480643,288.24855314322554,0.0,0.6204317205087916,0.9435593819181202,0.40607851615047963,5.417742663751487,0.0001,1000000.0,-377.0429174682416,-98.13797085402564,2465399.536028845,0.1102745523666589,0.0668516703933093,0.0,0.0,0.0,0.0,0.0,0.014579626948736914,0.014579626948736914,-98.15255048097437,283.109494006264
20.5,20.5,0.0,274.0283627743941,13.898220659485103,3.847658285607648,0.002475947558665807,0,59.50829781360344,0.40283905616877763,1.588076813570444,1.1852377574016664,287.0682206594851,0.0,0.6628229907675286,0.9120349846386021,0.40607725173122666,5.417720934687182,0.0001,1000000.0,-352.5363022160121,-78.50793944161796,2468186.3010229557,0.10313601368150709,0.06677618991001974,0.0,0.0,0.0,0.0,0.0,0.014897605236859816,0.014897605236859816,-78.52283704685482,283.3179815948431
21.5,21.5,0.0,276.19628197022314,14.424874646126078,3.507025565728604,0.002078406146473044,0,65.28825948189215,0.33815868492455314,1.6432181394554763,1.305059454530923,287.5948746461261,0.0,0.6317071708763571,0.9269615497722731,0.40607596119126543,5.417696082785308,0.0001,1000000.0,-346.5487050186039,-70.35242304838079,2466942.8709604964,0.10627103443585843,0.06680984756904702,0.0,0.0,0.0,0.0,0.0,0.017030061710476736,0.017030061710476736,-70.36945311009126,283.90760659882994
22.5,22.5,0.0,272.6487277091141,13.561435835999358,2.9862392390242243,0.002035323531224657,0,76.67423030036119,0.33114910186484775,1.553672233502556,1.222523131637708,286.7314358359994,0.0,0.6530820919276197,0.901762758304518,0.4060744851752378,5.417675668649321,0.0001,1000000.0,-348.5080015390572,-75.8592738299431,2468981.4499912057,0.1011727491136489,0.06675468427314636,0.0,0.0,0.0,0.0,0.0,0.014000589741550641,0.014000589741550641,-75.87327441968466,282.0624377569639
23.5,23.5,0.0,269.7788904482391,12.856759928793041,3.0955206198304084,0.0021927205314559695,0,73.96739458885047,0.35675774563238605,1.4837945875204455,1.1270368418880594,286.02675992879307,0.0,0.6781337183568529,0.8784348072732848,0.40607327272637794,5.4176568788824095,0.0001,1000000.0,-345.4523559116283,-75.67346546338916,2470645.1898081196,0.09716754948521325,0.06670973147027166,0.0,0.0,0.0,0.0,0.0,0.01289523534338616,0.01289523534338616,-75.68636069873256,281.53368782805615
24.5,0.5,0.0,265.69332199518436,11.843802584848534,2.411089447796404,0.0024674783248215264,0,94.96437195815439,0.4014611036526342,1.3881832336976825,0.9867221300450483,285.0138025848486,0.0,0.7155750967526623,0.8405516271155719,0.40607215675085273,5.41764409108957,0.0001,1000000.0,-339.6729559827654,-73.97963398758105,2473036.7820971725,0.09164706717794732,0.06664521868965147,0.0,0.0,0.0,0.0,0.0,0.008784633903874175,0.008784633903874175,-73.98841862148493,279.3747013829398
25.5,1.5,0.0,270.9902069554572,13.154875768886653,2.3352274165732876,0.0020462589950241963,0,98.04937776934194,0.3329283123737117,1.513012448403007,1.1800841360292953,286.32487576888667,0.0,0.6641735430330585,0.8886067912480092,0.4060713972477451,5.417625162607225,0.0001,1000000.0,-333.2675493047489,-62.2773423492917,2469941.338309658,0.09884517478186157,0.06672874153489508,0.0,0.0,0.0,0.0,0.0,0.01298673361532683,0.01298673361532683,-62.29032908290703,281.423128557732
26.5,2.5,0.0,265.71515689178,11.849247180343216,2.238834361221276,0.0023051170087528268,0,102.2708955655021,0.3750447609096239,1.388682314516983,1.0136375536073592,285.01924718034326,0.0,0.7083350317541199,0.8407689610788524,0.40607027302997356,5.417611358952801,0.0001,1000000.0,-333.00192543501413,-67.28676854323413,2473023.9274072098,0.09167600933300821,0.06664556510911562,0.0,0.0,0.0,0.0,0.0,0.009482435465520418,0.009482435465520418,-67.29625097869965,279.49556893590113
27.5,3.5,0.0,262.49325954707354,11.04220341783844,2.207183468369386,0.0023784680667895777,0,103.73745473640871,0.3869790488088509,1.3164012807508754,0.9294222319420244,284.21220341783845,0.0,0.7310800628131323,0.8069365780763745,0.4060694531893374,5.4176000978331995,0.0001,1000000.0,-333.2860373486058,-70.79277780153228,2474929.357730483,0.0874700127956123,0.06659425516757164,0.0,0.0,0.0,0.0,0.0,0.007741798750384606,0.007741798750384606,-70.80051960028267,278.31756084659105
28.5,4.5,0.0,260.0215370274312,10.418017833014291,2.3048536602262777,0.002301629722466132,0,99.34148926506683,0.3744773760668369,1.2627863126709666,0.8883089366041297,283.5880178330143,0.0,0.7422819190326966,0.7785364792208581,0.40606878435666893,5.417587989083302,0.0001,1000000.0,-325.95168653359,-65.93014950615884,2476403.059896253,0.08433087907520759,0.06655462506871675,0.0,0.0,0.0,0.0,0.0,0.008329484805317774,0.008329484805317774,-65.93847899096416,278.3308113523558
29.5,5.5,98.94292650391611,266.9568321226208,12.158311932977485,2.1916861393803444,0.0023609256664384654,0,104.47097831702071,0.38412488334979533,1.4172725446034122,1.0331476612536168,285.3283119329775,0.3971711697387962,0.7031041557042621,0.8528630055057614,0.40606806517977867,5.363239999248176,2.901327458225885,344.66981559244056,-323.2291027134212,19.91378281721505,2472294.22552624,0.09333174155465647,0.06666523566196336,0.0,0.0,0.0,0.0,0.0,37.323394843983614,37.323394843983614,-17.409612026768563,283.8685897838782
30.5,6.5,301.35921120210173,269.03431915514886,12.673015731416598,2.293972694349259,0.002220462885974997,0,99.81269424389158,0.36127145347374545,1.466033896575822,1.1047624431020764,285.8430157314166,0.7213013052566533,0.684027431025751,0.8719439404481238,0.4028313770964346,5.21517332299656,5.199042240597605,192.34311892896926,-336.51230944929455,164.56860233147265,2471079.0098581254,0.09614566477407803,0.06669801997949097,0.0,0.0,0.0,0.0,0.0,101.63457104022928,101.63457104022928,62.93403129124337,290.8844809300204
31.5,7.5,496.87832926664043,272.2773912659175,13.470570081256357,2.4859950467857805,0.0022906948243341246,0,92.1029973253398,0.3726982575926261,1.5445025468806344,1.1718042892880083,286.6405700812564,0.8556070264768257,0.6663454637440632,0.8988941277714715,0.3939235146457739,4.987861414054462,6.05641312752478,165.11423163246033,-367.70538740924144,287.1683173919892,2469195.9840381537,0.10064853280251472,0.06674888434772025,0.0,0.0,0.0,0.0,0.0,155.9104590788543,155.9104590788543,131.2578583131349,296.34308950207395
32.5,8.5,672.1759755206294,279.5161695717117,15.225399858622021,2.674098349288928,0.00244533603741131,0,85.62422365871612,0.39785853213187233,1.730251204471361,1.3323926723394885,288.39539985862206,0.924826174148243,0.6246855840245523,0.9469941438450555,0.3799888991627297,4.6821420414910415,6.236789034724158,160.3389170985849,-400.5322906347215,396.55938008787484,2465052.8309337934,0.111191343919355,0.06686107295638917,0.0,0.0,0.0,0.0,0.0,209.33733466910127,209.33733466910127,187.22204541877358,301.26126739430003
33.5,9.5,815.3059047139755,284.9939442423784,16.53080450201015,2.844240141791068,0.00229254838729026,0,80.50220225101451,0.37299983407359216,1.880857962005593,1.5078581279320007,289.70080450201016,0.9636180397595431,0.5802866412703171,0.9727882726651089,0.36074123867342567,4.320206944771995,5.886848616859178,169.87017419407195,-429.55438478043015,483.2251060917094,2461970.770570754,0.11962977928334147,0.06694477413808167,0.0,0.0,0.0,0.0,0.0,247.5204524905534,247.5204524905534,235.704653601156,304.92945296283693
34.5,10.5,916.5140484190015,295.6386407316782,19.014652430408887,3.2511319692809,0.0026282470832714195,0,70.42703812345177,0.42761833573483543,2.1994028053570327,1.7717844696221974,292.1846524304089,0.9850452483425146,0.5157073517550792,0.9983380208519047,0.33718041805959575,3.9205673955771725,5.130039554374114,194.9302708879414,-454.69399920293625,546.6604588113731,2456106.4056118047,0.13719233928127292,0.06710461598644099,0.0,0.0,0.0,0.0,0.0,272.6547935314492,272.6547935314492,274.00566527992396,307.6722626317034
35.5,11.5,968.9032386939596,306.82300695831015,21.553185999255252,3.557649201413313,0.0026890238135408714,0,64.3592389755457,0.4375067683767463,2.5727770098544327,2.1352702414776865,294.7231859992553,0.9946793266924668,0.4311002369450136,0.9925765750299262,0.31015510373370847,3.5223796491615555,3.9602769822939483,252.50759087581815,-474.1892994774149,578.6892012752442,2450112.9278557585,0.157350117269048,0.06726876761335997,0.0,0.0,0.0,0.0,0.0,271.0013736685147,271.0013736685147,307.68782760672946,310.6162143757334
36.5,12.5,968.9032386939596,304.80715998141864,21.100832702472907,4.249976307194474,0.00269289315368506,0,53.875028610704554,0.4381363137506882,2.502450648830812,2.0643143350801236,294.27083270247294,0.9946793266924668,0.44722197893673055,0.9959624606058132,0.28213210709966285,3.1680609891521105,3.749928329231081,266.67176335208757,-492.0512788302859,558.8113749454816,2451180.933989461,0.15358530263644707,0.06723945788129514,0.0,0.0,0.0,0.0,0.0,241.24976221440156,241.24976221440156,317.56161273108,308.0017944048529
37.5,13.5,916.5140484190015,312.27562660655417,22.76567701408462,4.167542170606992,0.0023816635876860526,0,54.94067864742692,0.3874989631412034,2.7698654007471992,2.3823664376059956,295.93567701408466,0.9850452483425146,0.37645123067255754,0.9784545011724375,0.2562407268036069,2.8581779484246814,2.789169768739253,358.5296281380589,-493.08688982890834,524.904554060277,2447250.236569746,0.1678280475875331,0.06734745581287058,0.0,0.0,0.0,0.0,0.0,210.65592909143157,210.65592909143157,314.2486249688454,309.79215477057477
38.5,14.5,815.3059047139755,307.9907934177501,21.814216893936297,4.560704240854497,0.0024620539877522303,0,50.204438405332596,0.40057855877898024,2.6141395585591485,2.213560999780168,294.9842168939363,0.9636180397595431,0.41353396676269616,0.9901572082945442,0.23283206410958923,2.598518008926121,2.7560323158322344,362.84044793503506,-490.4369317234864,445.3394083240249,2449496.6339134164,0.15955787318972153,0.06728569245147363,0.0,0.0,0.0,0.0,0.0,176.6767077121903,176.6767077121903,268.66270061183457,305.80939205960954
39.5,15.5,672.1759755206294,308.66369860603356,21.964291912152447,3.916111344874105,0.0025416161896225768,0,58.46810138445632,0.4135234057713903,2.6381822359655427,2.2246588301941523,295.13429191215243,0.924826174148243,0.4110627704348507,0.9886119950843018,0.21265090812777698,2.385733500586134,2.3976325694674356,417.07808474678876,-483.60919339687405,342.63000636004415,2449142.306795408,0.16083898860238308,0.06729542693910359,0.0,0.0,0.0,0.0,0.0,144.76098377947844,144.76098377947844,197.8690225805657,304.4192990735934
40.5,16.5,496.87832926664043,303.51349994824284,20.8093538806747,4.465188770432687,0.0023426340050028624,0,51.278368489386686,0.38114881238953324,2.4580303359552094,2.0768815235656763,293.9793538806747,0.8556070264768257,0.44435267266097866,0.9976021649410185,0.19571782317745878,2.2336102600155545,2.226953524439972,449.0439468203438,-466.8428323864074,219.26698109714857,2451869.115487727,0.15119997007474975,0.06722058536050067,0.0,0.0,0.0,0.0,0.0,103.60729869525379,103.60729869525379,115.65968240189478,298.7392956246452
41.5,17.5,301.35921120210173,295.9653544924746,19.089819907087158,4.00839556684887,0.002470877757681094,0,57.12200588149976,0.4020141946580816,2.209736815821144,1.8077226211630624,292.25981990708715,0.7213013052566533,0.5071185157291682,0.9986303335751389,0.1833892869759597,2.139368043735092,2.0096765090088042,497.59252074514797,-445.8038246789645,82.20812243912846,2455928.935199367,0.13775613548124874,0.0671094651022704,0.0,0.0,0.0,0.0,0.0,64.29227385569568,64.29227385569568,17.915848583432776,293.08116615236594
42.5,18.5,98.94292650391611,292.47416227404483,18.28335296152627,3.524443434701774,0.0026507409301951604,0,64.96560361573606,0.4312781063275727,2.10104977018532,1.6697716638577473,291.45335296152626,0.3971711697387962,0.5403547099746947,0.9940197073459511,0.1756569884141176,2.1050776934373236,1.124186431982506,889.5321732681805,-413.2232068515938,-44.56299116953353,2457833.003657836,0.13180842411529234,0.0670574758029259,0.0,0.0,0.0,0.0,0.0,23.41109851912329,23.41109851912329,-67.97408968865682,287.90920110890005
43.5,19.5,0.0,279.9411917873236,15.327369826055989,3.8223772348328646,0.002209920488585735,0,59.901883324954056,0.3595561952489974,1.7416224819210897,1.3820662866720923,288.497369826056,0.0,0.6119976871860239,0.9493158037917226,0.17282543537807937,2.1050552754222966,0.0001,1000000.0,-383.768087184312,-103.82689539698839,2464812.079840682,0.11183176395310374,0.0668676036272393,0.0,0.0,0.0,0.0,0.0,0.015348942845836159,0.015348942845836159,-103.84224433983422,283.50507774935704
44.5,20.5,0.0,277.7170815652063,14.792476050186812,3.4967227311988336,0.0022650030131659187,0,65.48062650263905,0.3685181751324614,1.68269491937634,1.3141767442438788,287.9624760501868,0.0,0.6293618893042466,0.9365583811376463,0.17282358101481887,2.1050321344876353,0.0001,1000000.0,-359.0424537314334,-81.32537216622711,2466074.9640455088,0.1085069533771321,0.06683336053176707,0.0,0.0,0.0,0.0,0.0,0.0158520221148319,0.0158520221148319,-81.34122418834194,283.6877432510919
45.5,21.5,0.0,270.5389254484087,13.04392838310694,3.352931671597327,0.002515476704623529,0,68.28877459224788,0.4092704863471079,1.5020802033265352,1.0928097169794273,286.213928383107,0.0,0.6871978453602843,0.8848730800259972,0.17282166684905798,2.105013806659187,0.0001,1000000.0,-348.42543670518336,-77.88651125677467,2470203.2850874844,0.09821796930658605,0.06672166544567644,0.0,0.0,0.0,0.0,0.0,0.012575961678137558,0.012575961678137558,-77.8990872184528,281.94452557248826
46.5,22.5,0.0,271.19695242752493,13.205657785012761,3.216158519794919,0.002221848649734662,0,71.19288235814913,0.36149691857419264,1.5180395304704244,1.1565426118962319,286.3756577850128,0.0,0.6703556435973602,0.8902952255468455,0.17282015080940982,2.104993653770651,0.0001,1000000.0,-344.62608073240773,-73.4291283048828,2469821.441969585,0.09913338981303668,0.06673198085080341,0.0,0.0,0.0,0.0,0.0,0.013826121173409896,0.013826121173409896,-73.4429544260562,282.1793033885175
47.5,23.5,0.0,269.1887779309227,12.711164163002934,3.027559771396015,0.0020398191109232675,0,75.62777036086104,0.3318805370183837,1.469705887229737,1.1378253502113533,285.88116416300295,0.0,0.6752859015092028,0.8733054408147163,0.17281848380139975,2.104974112499013,0.0001,1000000.0,-340.9454608310968,-71.7566829001741,2470988.94141115,0.09635706945348362,0.06670045114661406,0.0,0.0,0.0,0.0,0.0,0.013412851699319927,0.013412851699319927,-71.77009575187341,281.52493953816673
48.5,0.5,0.0,269.4312808439805,12.771024743809054,2.436243468225368,0.0024133223142253734,0,93.98387235562527,0.39264986848811545,1.4754840661216853,1.0828341976335698,285.94102474380907,0.0,0.6898479694182241,0.8754271708312104,0.1728168673819508,2.104958640232153,0.0001,1000000.0,-339.93462856360816,-70.50334771962764,2470847.6105798665,0.09668959261507834,0.06670426636782284,0.0,0.0,0.0,0.0,0.0,0.010619337111713702,0.010619337111713702,-70.51396705673936,280.6222214796181
49.5,1.5,0.0,270.2339248349845,12.968865468641798,2.399144936881654,0.0019896238081950506,0,95.43716664426486,0.32371371284459666,1.494723233062109,1.1710095202175124,286.1388654686418,0.0,0.6665540799255846,0.8823120823565112,0.1728155875411438,2.1049402222824676,0.0001,1000000.0,-336.1967322319241,-65.96280739693958,2470380.5086285365,0.09779554906425819,0.06671687887544003,0.0,0.0,0.0,0.0,0.0,0.012638706642276459,0.012638706642276459,-65.97544610358186,281.0854463848472
50.5,2.5,0.0,266.6130069227198,12.072838700492092,2.3537394932111977,0.0023101744263735215,0,97.27822293219849,0.37586760763504884,1.409314537856278,1.033446930221229,285.2428387004921,0.0,0.7030240310161726,0.8495661214335418,0.17281406403565147,2.1049256230290943,0.0001,1000000.0,-335.1427767019176,-68.5297697791978,2472496.027828138,0.0928713135003505,0.06665979452156852,0.0,0.0,0.0,0.0,0.0,0.01002683221507324,0.01002683221507324,-68.53979661141288,279.89172864784916
51.5,3.5,0.0,264.6069464952386,11.57248695346099,2.2053008499927875,0.0022135677700360953,0,103.82601319256173,0.36014961145924895,1.3635116764779582,1.0033620650187092,284.742486953461,0.0,0.7110958192761098,0.8295336957155964,0.1728128564050636,2.104912395759406,0.0001,1000000.0,-333.4104785319111,-68.8035320366725,2473677.358302878,0.09021464409157547,0.06662796044003644,0.0,0.0,0.0,0.0,0.0,0.009088888205747185,0.009088888205747185,-68.81262092487825,279.0084601250265
52.5,4.5,0.0,263.40855743133085,11.272225792250687,2.2234237489960123,0.0020329185791369254,0,102.97973800464672,0.3307578138402843,1.336657832523505,1.0059000186832208,284.4422257922507,0.0,0.7104135563684024,0.8169112515229532,0.1728117622615969,2.104898002019223,0.0001,1000000.0,-328.49609765994387,-65.08754022861302,2474386.274904496,0.08865168596953214,0.06660887139651607,0.0,0.0,0.0,0.0,0.0,0.009893242542469849,0.009893242542469849,-65.0974334711555,279.06199268954964
53.5,5.5,98.94292650391611,268.074486960634,12.435586191483255,2.2453594917737276,0.0020143520646349433,0,101.9736910654094,0.32773702402099075,1.4433605781589256,1.115623554137935,285.60558619148327,0.3971711697387962,0.6811512712560538,0.8633066110710428,0.17281057162748248,2.0731105142535244,1.210815343271748,825.8897655673052,-326.5448378608574,17.71570250779199,2471639.581001908,0.09483877374968894,0.06668289277986392,0.0,0.0,0.0,0.0,0.0,21.824225817309497,21.824225817309497,-4.108523309517508,285.2693384794633
54.5,6.5,301.35921120210173,267.9357275612061,12.401209153201679,2.260071552614055,0.002247545613063168,0,101.3098876803653,0.36567783929580805,1.4401033978095383,1.0744255585137303,285.5712091532017,0.7213013052566533,0.6920847688712481,0.8620326663863154,0.1701769606678406,1.984012745355786,2.196957981997939,455.17484093646095,-341.6948956825946,158.2874245042298,2471720.7451892905,0.09465081075405135,0.0666807031058017,0.0,0.0,0.0,0.0,0.0,61.173556592950284,61.173556592950284,97.1138679112795,293.4674162257284
55.5,7.5,496.87832926664043,276.95175650995805,14.60767406755427,2.49193905613823,0.002157301727100465,0,91.88330452180116,0.35099507199769625,1.6627462618000952,1.311751189802399,287.7776740675543,0.8556070264768257,0.6299855172256756,0.9318182796382629,0.16275038710190481,1.8351686385145278,2.4523328671283635,407.774985771398,-378.1233679918098,281.4247020534614,2466511.2815265046,0.1073779573831356,0.0668215379369417,0.0,0.0,0.0,0.0,0.0,101.97935242019436,101.97935242019436,179.44534963326703,301.01055049944745
56.5,8.5,672.1759755206294,285.4967635568821,16.64968522388355,2.675134421613198,0.002352553856774757,0,85.59106162853806,0.38276278184180934,1.8951274288457813,1.512364647003972,289.81968522388354,0.924826174148243,0.579161743054422,0.9747139948120384,0.15019521363386623,1.6437741744323544,2.3524181869265246,425.09448598784957,-420.87107223815826,382.2011924696085,2461690.093186411,0.12042454489779113,0.06695240705830689,0.0,0.0,0.0,0.0,0.0,130.87607114494693,130.87607114494693,251.32512132466155,307.08401635663654
57.5,9.5,815.3059047139755,285.3265165499953,16.609451607053543,2.8367384928688355,0.0022030475518719913,0,80.71508731612423,0.3584379618158288,1.8902875346555352,1.5318495728397064,289.77945160705355,0.9636180397595431,0.5743068803005849,0.974070170121725,0.13377377311397942,1.443797817263413,2.1633730541634564,462.2411276111068,-460.607533353016,452.50452982674045,2461785.084755746,0.1201550668788583,0.06694982360199439,0.0,0.0,0.0,0.0,0.0,136.74967038396892,136.74967038396892,315.75485944277153,310.23401468574104
58.5,10.5,916.5140484190015,297.7971779755203,19.51012124625015,3.158289178444259,0.0026710642342164144,0,72.4973497384764,0.4345847274963041,2.268306306274572,1.8337215787782677,292.68012124625017,0.9850452483425146,0.500935637056136,0.9997441939572487,0.11627693193855149,1.2393510255535942,1.7208452552356395,581.1097755347372,-488.97918684642326,514.5338084117282,2454936.6037376034,0.14094490540642038,0.06713659200791094,0.0,0.0,0.0,0.0,0.0,139.4177534680977,139.4177534680977,375.1160549436305,314.5060747673586
59.5,11.5,968.9032386939596,302.6545605543676,20.615308296292266,3.395745487015724,0.002740797583566191,0,67.42778456760665,0.44593041070240924,2.4288420351427473,1.9829116244403382,293.78530829629227,0.9946793266924668,0.465952962993288,0.9984582271994362,0.0980235407720188,1.05872579548336,1.3608388834771534,734.8408486424532,-512.9865909902925,535.7234633584239,2452327.2571124537,0.14962941725002327,0.06720802726977163,0.0,0.0,0.0,0.0,0.0,123.04227083984541,123.04227083984541,412.68119251857854,316.1178940668408
60.5,12.5,968.9032386939596,305.38925105790725,21.231682974752307,3.793873037256316,0.0025872752341493436,0,60.3519392706155,0.42095217635998966,2.522618831568534,2.1016666552085446,294.4016829747523,0.9946793266924668,0.4387113887136708,0.9950882120957238,0.08158354327540296,0.9157418507664964,1.0627898545322,940.9197836576659,-532.4582955914233,518.9864492608328,2450871.99649661,0.1546664227163679,0.06724793355426713,0.0,0.0,0.0,0.0,0.0,97.34315168199453,97.34315168199453,421.6432975788383,314.8247928627451
61.5,13.5,916.5140484190015,313.5318734009459,23.042773243408593,3.568117701843538,0.0025008982365817647,0,64.17041540603275,0.406898555533882,2.8167141431005924,2.4098155875667104,296.2127732434086,0.9850452483425146,0.37052362677253015,0.9741952202160944,0.06835733102208696,0.8021328407167896,0.7291626816666853,1371.4360665225593,-533.5280660647397,485.7196246188374,2446596.012372312,0.17030353980152346,0.06736546464432684,0.0,0.0,0.0,0.0,0.0,77.2098197103274,77.2098197103274,408.50980490851,317.2516610983805
62.5,14.5,815.3059047139755,310.0711596557123,22.277399994209162,4.418511329224515,0.0024768513273818044,0,51.82007651095114,0.402986100210673,2.688966178497105,2.285980078286432,295.44739999420915,0.9636180397595431,0.39749250941419184,0.9850255831708626,0.057712678960591624,0.7223334518997234,0.653241654191166,1530.8270585380612,-537.4072774000059,400.4494288854675,2448403.058613672,0.16353982836736597,0.06731574549810428,0.0,0.0,0.0,0.0,0.0,54.27251879311288,54.27251879311288,346.17691009235466,309.8447177634613
63.5,15.5,672.1759755206294,309.7701342822326,22.21052271650924,4.757052491266888,0.0024435554218028284,0,48.132240618589556,0.3975688242547367,2.6780480308750323,2.2804792066202957,295.38052271650923,0.924826174148243,0.3987040063922924,0.9858327789904588,0.050163201607913654,0.6648534563404209,0.547041744450977,1828.0140595186604,-521.0594104648878,306.2862249682294,2448560.955866322,0.16295975797545412,0.06731140459278649,0.0,0.0,0.0,0.0,0.0,39.095353574966,39.095353574966,267.1908713932634,305.7020303634335
64.5,16.5,496.87832926664043,306.61024802912254,21.505548587233932,4.617397152577954,0.0025045565094923617,0,49.58802277102871,0.40749376006531673,2.5652904786486443,2.1577967185833278,294.67554858723395,0.8556070264768257,0.426022054290769,0.9929813423295458,0.04468781893929308,0.6227604223796985,0.4852414887654981,2060.8295521969853,-483.44698674485943,205.75957481957624,2450225.399785541,0.15695000621546046,0.06726567979617049,0.0,0.0,0.0,0.0,0.0,28.649283601277055,28.649283601277055,177.11029121829918,301.72419998404814
65.5,17.5,301.35921120210173,302.19121137441846,20.51046013782469,4.579395833377743,0.0024482511668393638,0,49.9995203463408,0.3983328265018386,2.4131972346536172,2.014864408151779,293.6804601378247,0.7213013052566533,0.4585705197789035,0.998842435002079,0.040658145021081005,0.5973443488955344,0.4029847854556822,2481.4832621267133,-458.4295291403208,75.80827485971597,2452574.803614596,0.1487865607574233,0.06720124374086885,0.0,0.0,0.0,0.0,0.0,17.31522817613273,17.31522817613273,58.49304668358323,296.02768947174815
66.5,18.5,98.94292650391611,294.2108597905655,18.685427992810574,3.7594745955475357,0.0023422794620276254,0,60.904147461481,0.38109112790545935,2.154637596134191,1.7735464682287316,291.8554279928106,0.3971711697387962,0.515285108678145,0.9967248873008959,0.03821677352317743,0.5889172724607208,0.23387073662552588,4275.8662944701855,-430.0382675705158,-59.641354371934895,2456883.704508974,0.1347459436340562,0.06708338570032467,0.0,0.0,0.0,0.0,0.0,5.751207435929237,5.751207435929237,-65.39256180786413,288.6590313706626
67.5,19.5,0.0,280.6987996248313,15.508845081571225,3.7261586267129028,0.0024467320076731287,0,61.44869772946478,0.39808565784006533,1.7620220022515374,1.363936344411472,288.67884508157124,0.0,0.616617666946202,0.9533190504273473,0.03740592984275537,0.5888973085566671,0.0001,1000000.0,-393.8159385981737,-113.11713897334243,2464383.6167624104,0.11297926678216459,0.06687922937377158,0.0,0.0,0.0,0.0,0.0,0.013666310576806426,0.013666310576806426,-113.13080528391924,283.09955419016563
68.5,20.5,0.0,279.46766715232815,15.213755922750888,3.2332063040515204,0.0022521357133047245,0,70.81750238393393,0.36642465303285876,1.728956870226639,1.3625322171937801,288.3837559227509,0.0,0.6169759961364385,0.946725726548156,0.03740400812727107,0.5888740702037861,0.0001,1000000.0,-359.9844646291457,-80.51679747681754,2465080.322266385,0.11111841305484114,0.06686032730117564,0.0,0.0,0.0,0.0,0.0,0.01591233511351648,0.01591233511351648,-80.53270981193106,283.80657202152287
69.5,21.5,0.0,270.7066590520543,13.085181821436354,3.241539695610614,0.002470150096201909,0,70.63544384631939,0.40189580343349385,1.5061370021639058,1.104241198730412,286.2551818214364,0.0,0.6841655758642615,0.8862685693452949,0.03740177121013821,0.588855719521123,0.0001,1000000.0,-347.724535120743,-77.01787606868868,2470105.8857195885,0.09845078562797381,0.06672429636448722,0.0,0.0,0.0,0.0,0.0,0.012591147014720862,0.012591147014720862,-77.0304672157034,281.8883078967094
70.5,22.5,0.0,274.33235656137043,13.972258002205361,3.459172445856794,0.002422984839255018,0,66.1914370355151,0.3942219706312023,1.5957291765343444,1.2015072059031422,287.1422580022054,0.0,0.6585660595386417,0.9142171467181828,0.03740000477505423,0.5888335730256082,0.0001,1000000.0,-344.7828344247987,-70.45047786342826,2468011.498856793,0.10357192661615833,0.06678091947576517,0.0,0.0,0.0,0.0,0.0,0.015182723774979682,0.015182723774979682,-70.46566058720325,283.3988705465084
71.5,23.5,0.0,269.96337109596044,12.902226986097729,3.1318871756089495,0.0020105106997727468,0,73.10850688623525,0.32711203025241475,1.4882184733043886,1.161106443051974,286.07222698609775,0.0,0.6691555172528834,0.8800149026696192,0.03739787295104613,0.5888134603035533,0.0001,1000000.0,-343.7809667872475,-73.81759569128707,2470537.842085823,0.09742183451959216,0.06671263008514262,0.0,0.0,0.0,0.0,0.0,0.013802566928890274,0.013802566928890274,-73.83139825821596,281.74016710762265
72.5,0.5,0.0,270.6615497283964,13.074089240809876,2.4257701426999523,0.002163855958740475,0,94.38965016284321,0.35206145180793585,1.5050452308255768,1.152983779017641,286.2440892408099,0.0,0.6712920401404624,0.8858941745346486,0.03739593689419629,0.5887968447189706,0.0001,1000000.0,-343.4237760942976,-72.7622263659012,2470132.0753024477,0.09838813784512086,0.06672358891993159,0.0,0.0,0.0,0.0,0.0,0.01140074678540755,0.01140074678540755,-72.77362711268661,280.7311419424787
73.5,1.5,0.0,269.2539222641866,12.72724867408195,2.3804149381566377,0.0024108894741035106,0,96.18810211392316,0.39225404305349726,1.471256525984054,1.0790024829305567,285.897248674082,0.0,0.6908669185455548,0.8738773090054249,0.03739433746994447,0.5887812050702135,0.0001,1000000.0,-336.9741335382482,-67.72021127406163,2470950.9658804922,0.09644632247469508,0.06670147625195301,0.0,0.0,0.0,0.0,0.0,0.010734668111800672,0.010734668111800672,-67.73094594217342,280.6685460805151
74.5,2.5,0.0,268.8878222322496,12.636818547570414,2.2952107098494414,0.002017928253494188,0,99.75885619666627,0.32831887339808974,1.4625571740892314,1.1342383006911416,285.8068185475704,0.0,0.6762322756201593,0.870645351481057,0.037392831987321684,0.5887640379890376,0.0001,1000000.0,-334.40701692354185,-65.51919469129223,2471164.4714091863,0.09594543843985243,0.06669571332758412,0.0,0.0,0.0,0.0,0.0,0.01178407807766812,0.01178407807766812,-65.5309787693699,280.56015084760463
75.5,3.5,0.0,262.1924706007945,10.96648120389908,2.19146023253813,0.0020006578087643704,0,104.48174771564551,0.3255089553809555,1.3097922074634825,0.984283252082527,284.1364812038991,0.0,0.7162324984969372,0.8035950863779155,0.037391179470363634,0.588751524046568,0.0001,1000000.0,-333.99983815765984,-71.80736755686536,2475108.137877594,0.08708396181747656,0.06658944498148182,0.0,0.0,0.0,0.0,0.0,0.008603711345358268,0.008603711345358268,-71.81597126821072,278.11439580032504
76.5,4.5,0.0,266.04282607321755,11.93091217873374,2.2135114177891833,0.0022325229780664514,0,103.44089183583594,0.3632336420905545,1.3961871009180562,1.0329534588275018,285.1009121787338,0.0,0.7031561522539272,0.8440110289798092,0.03738997486646989,0.5887363094332344,0.0001,1000000.0,-327.9987278099591,-61.955901736741566,2472831.1163460095,0.09211105603092157,0.06665076158292575,0.0,0.0,0.0,0.0,0.0,0.010450880354079792,0.010450880354079792,-61.966352617095644,279.95652516236424
77.5,5.5,98.94292650391611,264.9316644440777,11.653670673181065,2.2593023141135813,0.002170716344443497,0,101.34438127849761,0.3531776431795529,1.3708532480224696,1.0176756048429167,284.8236706731811,0.3971711697387962,0.7072511984103801,0.8328690968485023,0.03738851029142376,0.5811767235754756,0.26241434502030997,3810.7672807391814,-326.56726357531016,14.55045427678293,2473485.6835406194,0.09064124273845035,0.06663312355804521,0.0,0.0,0.0,0.0,0.0,5.194035386850752,5.194035386850752,9.356418889932177,285.58468840477013
78.5,6.5,301.35921120210173,264.9578475160948,11.660213530461613,2.2593896378584306,0.0023392376860066496,0,101.34046439282884,0.38059622801265747,1.3714464382020757,0.9908502101894182,284.8302135304616,0.7213013052566533,0.7144628841134644,0.8331364726053684,0.03666054074826641,0.5567561327328302,0.472207258996032,2117.714162476276,-344.5892450508062,152.4151950909069,2473470.23585458,0.09067569842164724,0.06663353970518845,0.0,0.0,0.0,0.0,0.0,16.77877905312951,16.77877905312951,135.6364160377774,295.86196931489593
79.5,7.5,496.87832926664043,273.8096329543133,13.844911143689524,2.4880843750347448,0.0022867356086020774,0,92.02565533643582,0.3720540893738428,1.582586797560546,1.2105327081867032,287.0149111436895,0.8556070264768257,0.656208857900889,0.9104467784551702,0.034305134019940065,0.5150928760786017,0.5260794887735604,1900.8534286924623,-385.5134772554852,270.89246923414123,2468312.164789749,0.10282310804075684,0.06677278486955765,0.0,0.0,0.0,0.0,0.0,28.566089784552684,28.566089784552684,242.32637944958856,304.9125217779275
80.5,8.5,672.1759755206294,281.0032625877028,15.581671813722693,2.7292727578848806,0.002115190374485631,0,83.89326221918655,0.3441435143053792,1.7702671176666902,1.426123603361311,288.75167181372274,0.924826174148243,0.6008227958772983,0.9548792690542054,0.030273341666938403,0.4657631978969111,0.48187744196149584,2075.2164615331885,-439.16084621712935,359.4179175214581,2464211.672847801,0.11344256787634172,0.0668838959682169,0.0,0.0,0.0,0.0,0.0,33.76632466476315,33.76632466476315,325.65159285669495,310.6779910230442
81.5,9.5,815.3059047139755,287.88562091428776,17.212343157247236,2.872552247392403,0.0025398744903183212,0,79.70876608171955,0.41324002961449213,1.9639588000187385,1.5507187704042464,290.38234315724725,0.9636180397595431,0.5696191828786935,0.9828696816339741,0.025477893096660154,0.4146272112444078,0.412354019850253,2425.1006461951106,-483.7075519772946,431.9636155667543,2460361.657805739,0.12424720515555815,0.06698855700645587,0.0,0.0,0.0,0.0,0.0,34.94806135941253,34.94806135941253,397.0155542073418,315.7803158063995
82.5,10.5,916.5140484190015,300.48861722106966,20.12415299065372,3.1484611774968387,0.002479222469234686,0,72.72365204355411,0.40337188727741197,2.356312447433995,1.9529405601565832,293.29415299065374,0.9850452483425146,0.4729128078305185,0.9997836850452236,0.020481815069396614,0.37006482729521084,0.28617586041907184,3494.3548297037155,-518.7142698620816,487.4901646416193,2453486.874789066,0.14571566634415498,0.06717626202283547,0.0,0.0,0.0,0.0,0.0,30.370340035740487,30.370340035740487,457.1198246058788,319.97448193940005
83.5,11.5,968.9032386939596,303.62684935750957,20.83493021390519,3.489520944743366,0.002466463780903869,0,65.61576754248657,0.4012960363785716,2.4619002982353333,2.0606042618567617,294.0049302139052,0.9946793266924668,0.4480702001656369,0.9974752881629512,0.016107108396696046,0.33627930971023323,0.2148177354924032,4655.109121729681,-550.1215546725892,499.5607884792692,2451808.7297649696,0.15140801387399794,0.06722224093973973,0.0,0.0,0.0,0.0,0.0,23.009896376243336,23.009896376243336,476.5508921030259,319.1008399390208
84.5,12.5,968.9032386939596,304.8519333952588,21.110904123630238,3.537424193546006,0.002319588836429427,0,64.72720901345895,0.3773993412325692,2.5039979535178256,2.1265986122852563,294.28090412363025,0.9946793266924668,0.4330602375261243,0.9958982115651674,0.01277735363050736,0.3101921053551909,0.1644403995344368,6081.230663700631,-561.5646233307633,489.3428038588444,2451157.1553641087,0.1536682878780381,0.06724011016989863,0.0,0.0,0.0,0.0,0.0,17.76217711619661,17.76217711619661,471.5806267426478,318.7787715173247
85.5,13.5,916.5140484190015,308.41977336638456,21.909918741487026,3.8218934618123406,0.0027540917924674686,0,59.909465670019586,0.44809339131464276,2.6294491969691514,2.1813558056545084,295.07991874148706,0.9850452483425146,0.42073171753045585,0.9891848450720272,0.010198603582012411,0.2912050313457902,0.12542983575776717,7972.584783824654,-557.3682551531488,456.767335495867,2449270.681851349,0.1603738320412229,0.06729189974455467,0.0,0.0,0.0,0.0,0.0,12.917912140379666,12.917912140379666,443.8494233554873,316.42100638358176
86.5,14.5,815.3059047139755,311.9739496511507,22.699010260707965,4.556799472471323,0.0026741170732811417,0,50.247459105489455,0.43508142735699606,2.7586960943062344,2.323614666949238,295.86901026070797,0.9636180397595431,0.38923481453535463,0.979421950309881,0.00831747505397984,0.27901443130064135,0.0916640822562658,10909.398483959008,-548.1052124034986,391.6542838774132,2447407.6367744682,0.167237021675294,0.06734312449381559,0.0,0.0,0.0,0.0,0.0,8.287602124266764,8.287602124266764,383.36668175314645,311.3291677770592
87.5,15.5,672.1759755206294,312.2289505777101,22.75536536749383,4.033005263695143,0.00231449877751045,0,56.7734431705484,0.3765711837364269,2.768135216996546,2.3915640332601193,295.92536536749384,0.924826174148243,0.3744618337676281,0.9786055936666691,0.007107817377802417,0.2698306039515908,0.07226581113525413,13837.802195679782,-523.0045374020029,306.7999143265918,2447274.582367347,0.16773651586223096,0.06734678583184761,0.0,0.0,0.0,0.0,0.0,6.243152011161523,6.243152011161523,300.5567623154303,309.6202122481583
88.5,16.5,496.87832926664043,306.55957356414194,21.494198755234592,4.17850814798708,0.0024851973502019323,0,54.79649363738101,0.4043440061743337,2.563509588442475,2.1591655822681415,294.6641987552346,0.8556070264768257,0.4257140904650557,0.9930761062576888,0.0061955434954881206,0.2635758112212769,0.0672319279127415,14873.885533936686,-500.5312640977758,188.62462300167925,2450252.196738891,0.15685480484012207,0.06726494415137198,0.0,0.0,0.0,0.0,0.0,4.257172118777267,4.257172118777267,184.36745088290198,302.77236162110444
89.5,17.5,301.35921120210173,294.35449295295257,18.718601741320064,4.0772614501373265,0.0022511691525933307,0,56.157202069346546,0.3662673926727413,2.159111870644632,1.7928444779718908,291.8886017413201,0.7213013052566533,0.5106682803843212,0.9969119847765081,0.005573744965724381,0.26008172401329027,0.06140175238453857,16286.180135989205,-473.8403643132188,52.5607212653521,2456805.3812887436,0.1349907643858695,0.06708552432588778,0.0,0.0,0.0,0.0,0.0,2.3845256264648955,2.3845256264648955,50.17619563888721,294.15006030644827
90.5,18.5,98.94292650391611,294.5110800073575,18.754753512300177,4.255060739216054,0.0025069282216037894,0,53.81065258003893,0.4078796399136712,2.1639970587044317,1.7561174187907604,291.9247535123002,0.3971711697387962,0.5194669718142627,0.997109612476723,0.005226223049965784,0.2588402870107643,0.032254309924681236,31003.608582392662,-427.9584575083781,-57.26132409300517,2456720.0269574593,0.13525799172693226,0.06708785509211465,0.0,0.0,0.0,0.0,0.0,0.8471842073087872,0.8471842073087872,-58.10850830031396,289.4152175191602
91.5,19.5,0.0,280.35766365132486,15.427175850569586,4.038791964516552,0.0024762562588246237,0,56.692099310028816,0.40288928198239854,1.7528158397216105,1.3499265577392119,288.5971758505696,0.0,0.6201962792885651,0.9515378487729815,0.00510272048650684,0.2588189016677191,0.0001,1000000.0,-390.58536296367504,-110.22769931235018,2464576.437816805,0.11246162504339005,0.06687399694383875,0.0,0.0,0.0,0.0,0.0,0.014640503495515393,0.014640503495515393,-110.2423398158457,283.58118882257594
92.5,20.5,0.0,275.89235452764484,14.351228643742491,3.410725378613758,0.002271318073547862,0,67.13164201979212,0.36954564154830166,1.6354077065490555,1.265862065000754,287.5212286437425,0.0,0.6418260746293201,0.9249576610646314,0.005100592862269937,0.2587979917792493,0.0001,1000000.0,-363.13183363319365,-87.23947910554881,2467116.7491721236,0.1058278282445305,0.06680513892410013,0.0,0.0,0.0,0.0,0.0,0.014329760018674333,0.014329760018674333,-87.25380886556748,282.82015442835825
93.5,21.5,0.0,270.2557157075816,12.974230471162244,3.4195053932649015,0.0024387983706968654,0,66.9592729977546,0.3967948474510013,1.495248009174264,1.0984531617232627,286.14423047116225,0.0,0.6857002669724551,0.8824960604186494,0.005098512536530819,0.25877900691963035,0.0001,1000000.0,-346.4882283067229,-76.23251259914127,2470367.841857586,0.09782568947864825,0.06671722096515191,0.0,0.0,0.0,0.0,0.0,0.013027662968014908,0.013027662968014908,-76.24554026210929,282.04680918746664
94.5,22.5,0.0,272.01741536651406,13.406898841307703,3.348129403370125,0.0020808664159105528,0,68.3867221244337,0.3385589731352861,1.5381055193085498,1.1995465461732637,286.5768988413077,0.0,0.6590785367370959,0.8968594287630139,0.005096623728231053,0.25875695966326595,0.0001,1000000.0,-342.74905676414556,-70.7316413976315,2469346.3118356722,0.10028258376300404,0.06674482083798786,0.0,0.0,0.0,0.0,0.0,0.015122864219313824,0.015122864219313824,-70.74676426185081,282.69393083291436
95.5,23.5,0.0,268.9956838091368,12.66347095466176,2.959526261787294,0.002479887474970849,0,77.36629949911051,0.4034800843521703,1.4651164215409398,1.0616363371887694,285.8334709546618,0.0,0.6954920070194,0.8716021536058091,0.005094430236833203,0.25873999634343076,0.0001,1000000.0,-342.44164709722077,-73.44596328808399,2471101.5450760433,0.09609283291162114,0.06669741172669864,0.0,0.0,0.0,0.0,0.0,0.011643912737337189,0.011643912737337189,-73.45760720082133,281.272324204538
96.5,0.5,0.0,272.09713787398937,13.426428697025697,2.434520593193984,0.0021247088101692354,0,94.05038338349947,0.3456921729728724,1.5400652002070008,1.1943730272341284,286.5964286970257,0.0,0.6604314922746265,0.8974856864193106,0.005092742545262929,0.258721618522804,0.0001,1000000.0,-340.5773118837756,-68.48017400978625,2469300.2018463225,0.10039471060620606,0.06674606718421003,0.0,0.0,0.0,0.0,0.0,0.012605654495319057,0.012605654495319057,-68.49277966428157,281.4264255778777
97.5,1.5,0.0,266.7906225078545,12.117003366045482,2.3454696042346788,0.002340575866119684,0,97.6212161229991,0.38081395120789713,1.4134215860086734,1.0326076348007762,285.2870033660455,0.0,0.7032487481376899,0.8512742073115163,0.0050909141208717035,0.258707559749801,0.0001,1000000.0,-337.5131341753695,-70.722511667515,2472391.7550527668,0.09310897797579165,0.06666260588904951,0.0,0.0,0.0,0.0,0.0,0.00965522068302338,0.00965522068302338,-70.73216688819802,279.7452573242307
98.5,2.5,0.0,268.4685562615504,12.53314243473336,2.313936231595677,0.0022233447158273626,0,98.95155796364539,0.3617403299706256,1.4526391620384165,1.0908988320677908,285.70314243473337,0.0,0.6877052035295188,0.8668896741805276,0.0050895153997883025,0.258691358323886,0.0001,1000000.0,-333.88204124736814,-65.41348498581772,2471409.2507115947,0.09537391296222551,0.06668910748916328,0.0,0.0,0.0,0.0,0.0,0.011122320522472015,0.011122320522472015,-65.42460730634019,280.5073809742706
99.5,3.5,0.0,263.8954575117599,11.39434386960542,2.260798386008478,0.0023025023031232124,0,101.2773171468728,0.3746193457814616,1.3475228619145017,0.97290351613304,284.5643438696054,0.0,0.7193029043295333,0.8220992641243404,0.005087903501632018,0.25867827268037225,0.0001,1000000.0,-331.68600297142126,-67.79054545966136,2474097.9541238616,0.0892845429892844,0.0666166337091465,0.0,0.0,0.0,0.0,0.0,0.00899310106827378,0.00899310106827378,-67.79953856072963,279.05342053215753
100.5,4.5,0.0,263.92770901894187,11.402426812654232,2.272677628264428,0.002248879094291006,0,100.7479425578603,0.3658947979778936,1.348244743739479,0.9823499457615853,284.57242681265427,0.0,0.7167537835540113,0.8224400254298284,0.005086601594277873,0.25866454047875476,0.0001,1000000.0,-330.0603902007442,-66.13268118180235,2474078.8702953234,0.08932656704322332,0.06661714755712068,0.0,0.0,0.0,0.0,0.0,0.00943737496235362,0.00943737496235362,-66.14211855676471,279.2243242106975
101.5,5.5,98.94292650391611,266.00144219141407,11.920602236349305,2.1967608708480886,0.0024480054520755364,0,104.22964018679137,0.39829284847274005,1.395237685273051,0.996944836800311,285.0906022363493,0.3971711697387962,0.7128220162471377,0.8436035675408933,0.005085235358202045,0.25757010119407747,0.03643590333810105,27445.4564971441,-327.0304465767732,15.157049022656267,2472855.458119979,0.09205603596946353,0.0666501055001903,0.0,0.0,0.0,0.0,0.0,0.7517750440820034,0.7517750440820034,14.405273978574263,286.29563319452626
102.5,6.5,301.35921120210173,265.1251385259396,11.702006242336079,2.2906264240686136,0.0023719519068804507,0,99.95850599602628,0.38591886330595115,1.3752407827924473,0.9893219194864962,284.8720062423361,0.7213013052566533,0.7148745700647983,0.8348392936884421,0.004976342019120228,0.2539495296632271,0.06426594891654103,15560.339757818718,-344.6558561195755,152.5158750319824,2473371.5632618447,0.09089604865221688,0.06663619798113192,0.0,0.0,0.0,0.0,0.0,2.4875051853224135,2.4875051853224135,150.02836984665998,296.9079067767637
103.5,7.5,496.87832926664043,271.4524042209004,13.268363243411187,2.486812365327461,0.002496198196604777,0,92.07272665091824,0.4061338544958255,1.5242671782291122,1.1181333237332867,286.43836324341123,0.8556070264768257,0.6804872900770951,0.8923623076864581,0.004616021361859457,0.24805946559340056,0.07194898026804405,13898.737637066239,-390.2377534613788,263.8109642948347,2469673.3943823064,0.09949026324824271,0.06673598118088016,0.0,0.0,0.0,0.0,0.0,4.040704034571592,4.040704034571592,259.7702602602631,305.63414825370916
104.5,8.5,672.1759755206294,278.5376900517742,14.99020339665342,2.6601638502444804,0.0022418687093823677,0,86.07274139293175,0.364754201590829,1.7042709471512891,1.3395167455604602,288.16020339665346,0.924826174148243,0.6228601562340396,0.9414409220955882,0.0040295611235702244,0.24101669734867692,0.06555755342731434,15253.7724140168,-444.3061717100756,351.8070194925832,2465608.129780501,0.10972606906699625,0.06684601465241383,0.0,0.0,0.0,0.0,0.0,4.823529622319587,4.823529622319587,346.9834898702636,312.12975386754016
105.5,9.5,815.3059047139755,287.50613276676194,17.123195204985432,3.1235763727193326,0.002185411966123959,0,73.30302442567888,0.3555686350028049,1.9529092728997415,1.5973406378969366,290.29319520498547,0.9636180397595431,0.5580948693217033,0.9816830195042158,0.0033278751640335447,0.2343678097014188,0.05270751147348229,18972.627848368647,-490.642079627891,424.6495997686321,2460572.136121029,0.123634767570008,0.06698282677875173,0.0,0.0,0.0,0.0,0.0,4.5444632447340645,4.5444632447340645,420.105136523898,315.0084634526957
106.5,10.5,916.5140484190015,298.64853888814395,19.704801340084558,3.4281755138429872,0.0025578549214017644,0,66.78992782614154,0.41616546309623564,2.2958922275896185,1.8797267644933828,292.87480134008456,0.9850452483425146,0.4900579647744339,0.9999608132388884,0.002664978714334798,0.22856241445477327,0.03859238447937141,25911.84798478894,-520.8283919845893,483.5359641861858,2454476.9640360605,0.14244295616893332,0.06714916439851198,0.0,0.0,0.0,0.0,0.0,3.9581135833377386,3.9581135833377386,479.57785060284806,318.5820462046343
107.5,11.5,968.9032386939596,300.5718651224166,20.143079499123058,3.6658446897946977,0.0026522044251412885,0,62.459709704106935,0.43151621836703924,2.3590718630257976,1.9275556446587583,293.3130794991231,0.9946793266924668,0.4788343615916222,0.999754953068072,0.00208581821863274,0.22403761363735375,0.029796117317435384,33561.41974292885,-542.6305271201783,503.99683179658723,2453442.18930257,0.14586486059854858,0.06717748552994011,0.0,0.0,0.0,0.0,0.0,3.0837047843466063,3.0837047843466063,500.91312701224064,318.4231433841952
108.5,12.5,968.9032386939596,305.79792883141147,21.32343934465029,3.4993272666871085,0.0027344133456250292,0,65.43188953049469,0.4448916890309534,2.5368459872230917,2.0919542981921384,294.4934393446503,0.9946793266924668,0.4409192133837802,0.9944240973096261,0.0016341797570907923,0.22047370485156328,0.021381335915981344,46769.762372638106,-554.3176735472726,497.5357490784877,2450655.3597072805,0.1554283691095714,0.06725387824018818,0.0,0.0,0.0,0.0,0.0,2.4260867131681283,2.4260867131681283,495.1096623653196,320.49361649965806
109.5,13.5,916.5140484190015,314.1732303991633,23.183919391805084,4.556213212412308,0.0024733831522721476,0,50.25392457955031,0.4024218247748253,2.8408425667616677,2.4384207419868424,296.3539193918051,0.9850452483425146,0.36437685079412097,0.9718780617831841,0.0012783078742911735,0.2184347383928939,0.01337751529565163,74752.29726143918,-561.03656567872,458.8524820030745,2446262.7663159478,0.17157629481003825,0.06737464161245021,0.0,0.0,0.0,0.0,0.0,1.3855132582249976,1.3855132582249976,457.4669687448495,314.80471798965834
110.5,14.5,815.3059047139755,311.87342057911366,22.67678387974125,4.275492669930115,0.0023368627666787442,0,53.553499636490166,0.38020982634708833,2.7549810513557262,2.374771225008638,295.8467838797413,0.9636180397595431,0.3780964629737997,0.9797395538551129,0.0010746511093521205,0.216815224041503,0.011508187367335259,86894.65752342471,-548.663978529353,390.9949886795218,2447460.1132599306,0.16704036736148622,0.06734168057631337,0.0,0.0,0.0,0.0,0.0,1.1010268827447958,1.1010268827447958,389.893961796777,312.6046921625954
111.5,15.5,672.1759755206294,307.6068298654114,21.72847300512571,4.607381400106749,0.0023786785662905617,0,49.69581965574063,0.3870132972807152,2.600489110553785,2.2134758132730696,294.8984730051257,0.924826174148243,0.4135529536681203,0.9909895006220224,0.000912860614754929,0.215648871891289,0.010379729059922634,96341.62840156577,-521.7023977254551,303.47993329084096,2449699.0752348984,0.1588297977512533,0.06728013201156718,0.0,0.0,0.0,0.0,0.0,0.7936699399381748,0.7936699399381748,302.6862633509028,306.97099522099944
112.5,16.5,496.87832926664043,303.9731933299284,20.91303545139769,4.482960644835363,0.002317067452561323,0,51.075084812244114,0.3769891096450256,2.473751406581554,2.0967622969365283,294.0830354513977,0.8556070264768257,0.4398258053077222,0.9970675855275395,0.000796325075485993,0.21484931542293734,0.008963782142750253,111560.0517811315,-496.34030619573025,190.22920066951127,2451624.3232992496,0.15204483862575233,0.06722729726739632,0.0,0.0,0.0,0.0,0.0,0.5445033571283819,0.5445033571283819,189.6846973123829,301.85850877206224
113.5,17.5,301.35921120210173,299.32047512074155,19.858158836281113,4.008179480844969,0.002505865027030343,0,57.125085400778964,0.4077066571309819,2.317828943792386,1.910122286661404,293.02815883628114,0.7213013052566533,0.48291523384496016,0.9999980176998483,0.0007164299053445955,0.21436871592131274,0.0074865498985560025,133572.87583067856,-462.7571608879794,68.60990685838047,2454114.88698754,0.1436325002615109,0.06715907150244789,0.0,0.0,0.0,0.0,0.0,0.3276239976710387,0.3276239976710387,68.28228286070943,296.1587066254112
114.5,18.5,98.94292650391611,289.2555458035816,17.533429320739735,3.8725874217250142,0.002254985245991979,0,59.125223064151484,0.3668882747498204,2.0042112015522955,1.6373229268024752,290.70342932073976,0.3971711697387962,0.5482775624376676,0.9868144077879053,0.0006684032326970124,0.21422281379185376,0.004308969969216051,232074.02398813516,-430.80236847795305,-65.36076926635606,2459603.5733737336,0.1264744041184845,0.0670092038223651,0.0,0.0,0.0,0.0,0.0,0.09968372193892892,0.09968372193892892,-65.46045298829499,287.5971733437148
115.5,19.5,0.0,283.874066166457,16.265467195831306,4.0378458168841425,0.002275861104120768,0,56.705383397131456,0.3702847970048581,1.8493481032642691,1.479063306259411,289.43546719583134,0.0,0.5874925019928982,0.9682352647200138,0.0006538226655306012,0.21419826903796324,0.0001,1000000.0,-391.4460483696525,-107.57198220319549,2462597.2319506425,0.11787193309144138,0.06692774402246278,0.0,0.0,0.0,0.0,0.0,0.016789956386032635,0.016789956386032635,-107.58877215958152,284.53906949237006
116.5,20.5,0.0,277.5706846396965,14.75715535660715,3.3470718502574823,0.002174619953259368,0,68.4083298442801,0.3538127640994342,1.6788660443380303,1.3250532802385961,287.92715535660716,0.0,0.6265682006807011,0.9356656180600014,0.0006513697919229289,0.21417567721262745,0.0001,1000000.0,-360.79371218346853,-83.22302754377205,2466158.3562030504,0.10829039509892523,0.06683110058843598,0.0,0.0,0.0,0.0,0.0,0.015476394120477008,0.015476394120477008,-83.23850393789253,283.3571290858283
117.5,21.5,0.0,275.03933265445977,14.144203582992942,3.5438939858150773,0.002177310740334777,0,64.60904193562025,0.35425055775221775,1.6136260934157,1.2593755356634824,287.31420358299295,0.0,0.6435062186080369,0.9191792977608744,0.0006491120784023474,0.21415249514353,0.0001,1000000.0,-350.16587083352505,-75.12653817906528,2467605.5353405536,0.1045903473128523,0.06679190608464566,0.0,0.0,0.0,0.0,0.0,0.015890056118210507,0.015890056118210507,-75.14242823518349,283.4177996816845
118.5,22.5,0.0,268.7905647440155,12.612779516590134,3.0038845938840635,0.0021028929618778173,0,76.22383217088262,0.342142713411632,1.4602522387717765,1.1181095253601445,285.78277951659015,0.0,0.6804935850177564,0.8697793212346234,0.0006467953735831422,0.21413460821982203,0.0001,1000000.0,-347.39953715346445,-78.60897240944894,2471221.2275613304,0.0958126617429965,0.06669418153754818,0.0,0.0,0.0,0.0,0.0,0.012278484878583669,0.012278484878583669,-78.62125089432752,280.97309963694903
119.5,23.5,0.0,268.2103855299079,12.469241538284335,3.209706855237007,0.002301648476008262,0,71.33598346258061,0.3744804272862317,1.446555644200248,1.0720752169140164,285.63924153828435,0.0,0.6927104685511004,0.8645480871707037,0.0006450078365317635,0.21411630477922222,0.0001,1000000.0,-341.62966777146346,-73.41928224155555,2471560.1207281104,0.09502309859252055,0.06668503662450417,0.0,0.0,0.0,0.0,0.0,0.012566126071834986,0.012566126071834986,-73.43184836762738,281.4350881174866
120.5,0.5,0.0,271.6218839709836,13.309940825751685,2.4081569794941773,0.0020957111801376566,0,95.08001226440494,0.34097423059474413,1.5284088457437643,1.1874346151490203,286.4799408257517,0.0,0.6622475914890787,0.8937220709107523,0.0006431786713841925,0.214097495429988,0.0001,1000000.0,-336.8177563554568,-65.1958723844732,2469575.2297104,0.0997274946119927,0.06673863391063634,0.0,0.0,0.0,0.0,0.0,0.012903084154390732,0.012903084154390732,-65.20877546862759,281.50393686801215
121.5,1.5,0.0,263.36639335172583,11.261642771974817,2.3809043890289567,0.002233440080046837,0,96.16832838814764,0.3633828554674275,1.3357198800783676,0.9723370246109402,284.43164277197485,0.0,0.7194558799435972,0.8164581360323728,0.000641298944469737,0.21408494181895502,0.0001,1000000.0,-338.08986096168246,-74.72346760995663,2474411.2614153675,0.08859702169560484,0.06660819878266434,0.0,0.0,0.0,0.0,0.0,0.008628554586513286,0.008628554586513286,-74.73209616454314,278.6636504405064
122.5,2.5,0.0,265.08968187412637,11.693150098422752,2.3543674163000277,0.002373252306001063,0,97.25227828065573,0.3861304394972791,1.3744359676691622,0.9883055281718831,284.86315009842275,0.0,0.7151484113745188,0.8344791841980057,0.0006400443876405371,0.21407087016443413,0.0001,1000000.0,-331.5320905721231,-66.44240869799671,2473392.472617624,0.09084931696371822,0.06663563465768577,0.0,0.0,0.0,0.0,0.0,0.00966797899145065,0.00966797899145065,-66.45207667698816,279.67641838041703
123.5,3.5,0.0,262.79542418889525,11.11820646078951,2.2108062575718757,0.0022659197288146414,0,103.567462938337,0.3686673256528002,1.3230643172470098,0.9543969915942097,284.2882064607895,0.0,0.724306722314295,0.8102616333254266,0.0006386381218477233,0.21405769600770863,0.0001,1000000.0,-327.18277983861896,-64.3873556497237,2474749.9145460757,0.0878589617887191,0.066599083891937,0.0,0.0,0.0,0.0,0.0,0.009056317564069355,0.009056317564069355,-64.39641196728778,278.9355366883323
124.5,4.5,0.0,263.8170096786433,11.374680009419627,2.167354911985667,0.001960686243735939,0,105.64379367620292,0.3190055431930499,1.3457681145594054,1.0267625713663555,284.54468000941966,0.0,0.7048144767717469,0.8212689096422313,0.0006373215466594084,0.21404292644303113,0.0001,1000000.0,-327.81752648249955,-64.00051680385627,2474144.38049776,0.0891823789088741,0.06661538367346999,0.0,0.0,0.0,0.0,0.0,0.010150565402568312,0.010150565402568312,-64.01066736925884,279.1174055235618
125.5,5.5,64.50201187785449,263.0746237605701,11.188374895300711,2.2495337146303425,0.002356199272089442,0,101.78446922390054,0.38335589442998635,1.3292421377624921,0.9458862433325057,284.3583748953007,0.2926345009775176,0.7266122382181087,0.813305788874577,0.0006358455303977495,0.21396697001557288,0.0032987923333677904,303141.24047302,-326.50404578127876,-13.762872874760717,2474584.2468721946,0.08821935996823818,0.06660354254608261,0.0,0.0,0.0,0.0,0.0,0.05221127189912517,0.05221127189912517,-13.815084146659842,283.22982570377326
126.5,6.5,188.80843499311828,262.84031083404363,6.681131419429945,2.2286417091514075,0.0016071420633555036,21,102.73862963468542,0.26148356400575073,0.9801325954197945,0.7186490314140437,279.85113141943,0.5827294410311652,0.7891874195325832,0.5677681376272461,0.0006282546884797124,19.213966970015573,0.0049212465546232395,203200.54866191477,-336.77842364115014,71.44438213759457,2485225.8487187256,0.06747521927697415,0.06631834980124242,21.0,2.0,0.0,19.0,101.17326503753894,0.10309400727160509,101.17326503753894,-29.728882899944367,277.3998238730529
127.5,7.5,302.5629879554207,266.4166982141097,7.942880099807105,2.3629283681039173,0.0019948424529190436,5,96.89993071125089,0.3245627913752528,1.068602578871034,0.7440397874957813,281.1128800998071,0.7224479204559152,0.7820980941409537,0.6467409511960958,0.8505253479636409,22.213966970015573,9.324094145466981,107.2490243447576,-332.7918109555028,166.59838798428086,2482246.8600843553,0.07281072515984578,0.06639793963313423,5.0,2.0,0.0,3.0,155.8624406488015,102.01035907361936,155.8624406488015,10.735947335479352,281.94780859275454
128.5,8.5,548.4483118102925,274.8342577149459,10.249820619736212,2.547714211562887,0.0024191872178351325,0,89.87177372789365,0.39360409396288654,1.248671342933842,0.8550672489709555,283.41982061973624,0.8793365737982555,0.7513860145709091,0.7705504076049228,0.8892664542414056,21.91171190637867,13.582273245101154,73.62537786969345,-329.6750920820123,367.46436572685883,2476800.1735168025,0.08350161339504951,0.0665439541440261,0.0,0.0,0.0,0.0,0.0,207.95149835061494,207.95149835061494,159.5128673762439,294.92529363599266
129.5,9.5,432.55182223518835,279.64633813576944,11.580421630411326,2.6398590551575145,0.0024573527644126923,0,86.73478028972147,0.3998136652066953,1.3642276955174648,0.9644140303107696,284.7504216304113,0.8205844461060362,0.7215966867099388,0.8298611418100366,0.8858683812077276,21.67285530809279,13.059113490749247,76.57487628914285,-373.9595972892895,238.75164396757498,2473658.6245305985,0.0902562631031343,0.06662846503393068,0.0,0.0,0.0,0.0,0.0,164.12491232664246,164.12491232664246,74.62673164093252,289.94527325250806
130.5,10.5,651.9515603643556,288.5735354293162,13.806869539639525,2.8402929375750325,0.002724237008802355,0,80.61407755370658,0.44323598921350216,1.5786793175979268,1.1354433283844245,286.97686953963955,0.9182938430239405,0.6759142976734629,0.9093047486436953,0.8831094539550868,21.295031946916954,14.952663280950247,66.87771811687915,-394.10743540262905,396.468801507241,2468401.981016911,0.1026003129776384,0.06677035524923638,0.0,0.0,0.0,0.0,0.0,259.061092555806,259.061092555806,137.40770895143498,295.866985596661
131.5,11.5,636.0778383025792,285.4546732697401,13.542983247646685,2.9833723546124506,0.002671773155035442,0,76.74791072958854,0.43470006959740637,1.5518062406164421,1.1171061710190358,286.7129832476467,0.9129453873729599,0.6807590032464035,0.901183550889073,0.8786085644019149,20.932401794439375,14.762779582265624,67.73792119752908,-396.72237145259453,378.5122373101315,2469025.016552306,0.10106610619455937,0.06675350637012326,0.0,0.0,0.0,0.0,0.0,248.70636617314491,248.70636617314491,129.8058711369866,294.7084963819399
132.5,12.5,805.0018189493078,296.85439385037915,16.173166591321763,3.514373670422557,0.002670089382957935,0,65.1517501032804,0.4344261182561785,1.8384960022306067,1.4040698839744281,289.3431665913218,0.9611944620648437,0.6064073781624459,0.9665689235529372,0.874125756081289,20.43504742606421,14.77419191566117,67.68559699972249,-409.5419186891002,507.163875752246,2462815.153677889,0.11726560892533656,0.06692182193384956,0.0,0.0,0.0,0.0,0.0,340.24774310618125,340.24774310618125,166.91613264606474,298.07106822966756
133.5,13.5,736.7292445448035,299.9550917505236,17.192765523439803,3.730865747426466,0.002543364559727239,0,61.37116976210134,0.4138078672739496,1.961527551205038,1.5477196839310885,290.3627655234398,0.9437893592009863,0.570363345213683,0.9826124857891056,0.8677070500615263,19.961760718448453,13.769029904580583,72.62675779847984,-415.7606813299704,451.47592872005185,2460407.8805991584,0.12411248873962681,0.06698729851665164,0.0,0.0,0.0,0.0,0.0,323.4662070001776,323.4662070001776,128.00972171987428,296.66787741267626
134.5,14.5,413.5475941314122,297.45974887501444,16.995613598113035,3.283271777262641,0.0024287905527120082,0,69.73763083841195,0.3951665658110213,1.9371907770777215,1.5420242112667002,290.16561359811305,0.8088323020160099,0.5717775018356441,0.9799156343119959,0.8612952668240574,19.68479730042199,11.709748086068567,85.39893366192305,-421.2177855673075,194.67361078889434,2460873.356294855,0.12276275008845769,0.06697462782829618,0.0,0.0,0.0,0.0,0.0,189.32552669157718,189.32552669157718,5.348084097317155,290.46494402168906
135.5,15.5,380.3257786078169,289.9443665836935,15.662521750521243,3.2295454704600686,0.002649113212864093,0,70.89777717614885,0.4310132751476627,1.7794601809208193,1.3484469057731565,288.83252175052127,0.7864391883887144,0.6205746720237357,0.9565803126003041,0.8573999592394745,19.434221753869288,12.008405490563895,83.27500272919596,-400.3343597129699,182.46085639874264,2464020.7861470194,0.11395879915879358,0.06688907743677777,0.0,0.0,0.0,0.0,0.0,171.50648755722548,171.50648755722548,10.954368841517152,289.45583365609934
136.5,16.5,347.5399144423635,287.52769161971275,15.156002053981087,3.3221070328843556,0.0024414395844838876,0,68.92240161995083,0.39722457548194445,1.7225495179465256,1.3253249424645812,288.3260020539811,0.7616757908061815,0.6264984805226297,0.9453843580015274,0.8537816067137859,19.19263910833591,11.554911822393118,86.54328266374357,-380.77571998540265,174.35770575493,2465216.6791505506,0.11075727668962168,0.06685662910053382,0.0,0.0,0.0,0.0,0.0,165.43154643394277,165.43154643394277,8.926159320987239,288.81975588639125
137.5,17.5,154.60289491480668,287.21475665771754,15.255118322679788,3.3411717355345334,0.002617425834373027,0,68.5291308763833,0.42585770810056317,1.7335585464003718,1.3077008382998085,288.4251183226798,0.5231865744986092,0.6310273908092692,0.9476761440962995,0.8502062102880801,19.060960051546576,7.980135725264263,125.31115189358324,-376.469046775954,29.789938966164712,2464982.665640153,0.1113776675215388,0.06686297614495211,0.0,0.0,0.0,0.0,0.0,90.16294233709863,90.16294233709863,-60.373003370933915,285.1046186000439
138.5,18.5,69.4625065053605,276.9561862102736,12.967864275983818,3.361028537461263,0.0024872860766599917,0,68.12426392483664,0.40468384398390866,1.4946253196061456,1.089941475622237,286.1378642759838,0.3093380555516149,0.6879594429693233,0.8822777332629522,0.8482206959506673,18.995800374668377,4.777840259782373,209.29958843905536,-365.3545624608062,-34.91224624140505,2470382.872444402,0.09778992527086436,0.0667168150365839,0.0,0.0,0.0,0.0,0.0,44.71370825942062,44.71370825942062,-79.62595450082567,281.7843305079108
139.5,19.5,0.0,271.44587411512475,11.786456710291887,3.24150878200478,0.0026090636083144656,0,70.63611748209081,0.4244971658543793,1.3829361646826523,0.9584389988282731,284.9564567102919,0.0,0.7232127283347441,0.838253528366479,0.847228477789681,18.99578504641304,0.0001,1000000.0,-347.75071144093715,-76.3048373258124,2473172.175707001,0.09134270285454567,0.06664157020256883,0.0,0.0,0.0,0.0,0.0,0.010530392944085623,0.010530392944085623,-76.31536771875649,280.6300806720644
140.5,20.5,0.0,271.49503946517984,11.67712436284017,3.045699689727222,0.0023307187708572386,0,75.17733804064756,0.3792101923002453,1.3729806570849632,0.9937704647847179,284.8471243628402,0.0,0.7136764823079819,0.833826547112515,0.8472282436174114,18.995767742539353,0.0001,1000000.0,-336.8398137275101,-65.34477426233025,2473430.309379334,0.09076480514841148,0.06663461531357066,0.0,0.0,0.0,0.0,0.0,0.011888868234309631,0.011888868234309631,-65.35666313056456,280.9038022195042
141.5,21.5,0.0,272.3997679497497,11.810019427309442,2.8428423963442326,0.002179787920675173,0,80.54178291394584,0.3546535973831632,1.38509000866864,1.0304364112854767,284.98001942730946,0.0,0.7038302064917136,0.8391997790341656,0.8472279792628652,18.995749731391502,0.0001,1000000.0,-334.72732540550146,-62.32755745575179,2473116.5441321223,0.09146765802384804,0.06664306927284579,0.0,0.0,0.0,0.0,0.0,0.01237324103688065,0.01237324103688065,-62.33993069678867,280.95031680926985
142.5,22.5,0.0,268.8119190816574,10.962372546302147,2.6956252662751163,0.0021041527963859973,0,84.9404396113678,0.34234768970138735,1.3094344373018365,0.9670867476004492,284.1323725463022,0.0,0.7208742472569659,0.8034129583560617,0.8472277041026721,18.995734185257103,0.0001,1000000.0,-335.4910784814283,-66.67915939977092,2475117.8384181806,0.08706305646161801,0.06658918400254837,0.0,0.0,0.0,0.0,0.0,0.010688476269183988,0.010688476269183988,-66.6898478760401,279.5860559657469
143.5,23.5,0.0,264.1553678710069,10.093269099624209,2.6869250222285084,0.0025295627921418555,0,85.21547614864792,0.4115623063742055,1.2356585008860268,0.8240961945118213,283.2632690996242,0.0,0.7599060245032393,0.7629901784341682,0.8472274666006231,18.995722263695725,0.0001,1000000.0,-332.36655250556703,-68.21118463456014,2477169.7916557873,0.08273602590692901,0.06653402513045012,0.0,0.0,0.0,0.0,0.0,0.008203258808205363,0.008203258808205363,-68.21938789336835,278.59762361137575
144.5,0.5,0.0,264.18337718650145,10.027143411289362,2.588831256063247,0.0023631389162969297,0,88.44438763965731,0.3844849812367352,1.230197934353378,0.8457129531166427,283.1971434112894,0.0,0.7539555009755068,0.7597600067529331,0.8472272844718012,18.99570922160827,0.0001,1000000.0,-326.81605959738107,-62.632682410879625,2477325.9144059457,0.08241445376999999,0.06652983211130714,0.0,0.0,0.0,0.0,0.0,0.008974861453107318,0.008974861453107318,-62.64165727233273,278.7506366029003
145.5,1.5,0.0,267.65981248530466,10.851173091077632,2.516574339767129,0.0024268458166876446,0,90.98383923206745,0.39485015538390617,1.2997840670688032,0.9049339116848971,284.0211730910776,0.0,0.7377444914185659,0.7984516683490288,0.8472270852241596,18.995694428805535,0.0001,1000000.0,-324.85793334134354,-57.198120856038884,2475380.380331965,0.08649888273182203,0.06658212147109087,0.0,0.0,0.0,0.0,0.0,0.010171614903974944,0.010171614903974944,-57.20829247094286,279.8437478429477
146.5,2.5,0.0,260.78788091189017,9.240461130309544,2.455204698748182,0.002359002995435807,0,93.25804698144348,0.38381206292299624,1.1668439504533732,0.783031887530377,282.41046113030956,0.0,0.7712588503290725,0.7196541663182882,0.8472268592300333,18.9956838558292,0.0001,1000000.0,-327.7803553608897,-66.99247444899953,2479183.271271339,0.07866985054252719,0.06647998922883155,0.0,0.0,0.0,0.0,0.0,0.007281207238831708,0.007281207238831708,-66.99975565623836,277.3957608833295
147.5,3.5,0.0,263.0173675080477,9.680407468997272,2.3666783335103103,0.0021949797525713946,0,96.74639426191429,0.3571253230871787,1.2019108573873778,0.8447855343001991,282.8504074689973,0.0,0.7542104303501335,0.7424644286365343,0.8472266977032676,18.995671382209505,0.0001,1000000.0,-324.6418989919913,-61.6245314839436,2478144.5579656977,0.08074566336872958,0.06650785428987044,0.0,0.0,0.0,0.0,0.0,0.008586509101660138,0.008586509101660138,-61.63311799304526,278.0648297894443
148.5,4.5,0.0,265.3088498756612,10.284169486319154,2.2858985003929577,0.002359933830592766,0,100.16525016555111,0.3839635107009452,1.2515425464379692,0.8675790357370241,283.4541694863192,0.0,0.7479544103104908,0.7721927995102008,0.8472265071395415,18.995657873538892,0.0001,1000000.0,-320.4818720186852,-55.17302214302396,2476719.0758428,0.08367039653688953,0.06654613305884638,0.0,0.0,0.0,0.0,0.0,0.009293661719891412,0.009293661719891412,-55.18231580474385,279.01805806704886
149.5,5.5,68.22331984613155,264.20793947225,10.048513542983702,2.2615411258427827,0.0023983430437260027,0,101.24405544895498,0.39021272672841073,1.2319603246078867,0.841747597879476,283.2185135429837,0.3052232142317905,0.7550457288031824,0.7608063067280174,0.8472263007627229,18.94792190296128,4.456414767254618,224.39563017067456,-324.24522107302164,-7.505325319250332,2477275.4595250157,0.08251826081570741,0.06653118713008173,0.0,0.0,0.0,0.0,0.0,32.848652346814205,32.848652346814205,-40.35397766606454,279.9395142312646
150.5,6.5,200.32000567886777,262.620412686558,9.598198029530483,2.3408809504558756,0.0022147549970745754,0,97.81257568879289,0.36034277444364476,1.1952886250357533,0.8349458505921086,282.7681980295305,0.600479624811643,0.7569171807632212,0.7382755710927401,0.846495277263895,18.834313574441087,8.521399595400837,117.3516144624551,-328.63146206777935,88.23535499150682,2478338.6544522787,0.08035425891670274,0.06650264558248717,0.0,0.0,0.0,0.0,0.0,78.21108667758583,78.21108667758583,10.024268313920999,283.55512208444276
151.5,7.5,365.83665403057887,270.43541802318254,11.510571845294239,2.450491611693835,0.002425694831461789,0,93.43741233484623,0.3946628889773844,1.357935835824456,0.9632729468470715,284.68057184529425,0.7758493227852469,0.7219052059503704,0.8269677879467232,0.8447413918315181,18.620257128566653,11.737920991287748,85.1939624352755,-339.51041000158455,212.6192316251437,2473823.53987326,0.08989044797578828,0.06662402330396691,0.0,0.0,0.0,0.0,0.0,147.09385407382814,147.09385407382814,65.52537755131556,289.59435263058043
152.5,8.5,394.7865051007075,273.99231225023215,12.36207462525677,2.56739113778416,0.0023473775445099205,0,89.18298103285267,0.3819205908430932,1.4364033093187443,1.0544827184756511,285.53207462525677,0.7964938714280951,0.6974005476956873,0.8605752264931654,0.8413821562103134,18.391858266365258,12.066133180162476,82.87659228261018,-363.5360592411356,214.44186193664132,2471813.141809769,0.09443722150719297,0.06667821057450397,0.0,0.0,0.0,0.0,0.0,156.8220303232807,156.8220303232807,57.61983161336062,289.6562717294795
153.5,9.5,472.66957440943816,276.1418584853352,12.923619672662293,2.6529205403250558,0.0023235568168969286,0,86.30774712794977,0.37804493548226553,1.4903039567130671,1.1122590212308017,286.0936196726623,0.8432126423873043,0.6820417629580205,0.880754776935408,0.8377176535950542,18.122903356711802,12.729812512724537,78.55575241193964,-379.01181944759895,261.08561133300367,2470487.333952844,0.09754167389394018,0.06671399399838573,0.0,0.0,0.0,0.0,0.0,184.56936047313656,184.56936047313656,76.51625085986711,291.3937787673518
154.5,10.5,613.0195248100686,282.5051815978408,14.557463159373503,2.8423402888715428,0.002615482907119605,0,80.55601084830795,0.42554159196222513,1.6573621531047737,1.2318205611425486,287.72746315937354,0.9048041373224499,0.650661343731455,0.9305008881605918,0.8332937655647051,17.75718056202166,13.694486834642928,73.0220863384454,-383.76393119764543,370.7662845039482,2466629.829480719,0.10707293862744025,0.0668183264471084,0.0,0.0,0.0,0.0,0.0,250.5840985288217,250.5840985288217,120.18218597512652,295.49750744318453
155.5,11.5,560.4065791752064,287.35704794339756,12.426805679148481,3.191559634320387,0.002358735247802208,5,71.74160015144923,0.38376850012473224,1.4425280213170837,1.0587595211923515,285.5968056791485,0.8843793747019892,0.6962592897445418,0.8629817846192793,0.827084079504909,20.75718056202166,13.185061295296233,75.84340926475251,-399.5256916178942,319.3444222904123,2471660.3117915303,0.0947907344287296,0.0666823334841488,5.0,2.0,0.0,3.0,301.3453638424734,209.7667405928514,301.3453638424734,17.99905844793892,286.63315529212656
156.5,12.5,738.1539117431292,292.49048170064816,13.45946329912965,3.428967266078963,0.0024260629203285873,4,66.77450595984955,0.3947227773910821,1.5433849739154586,1.1486621965243766,286.62946329912967,0.9441784370391102,0.6724297776597762,0.8985406553571603,0.8719007354512853,22.75718056202166,14.92200035233239,67.01514384053037,-387.14388003125066,473.72511371160704,2469222.2071507545,0.10058461513014585,0.06674817547530482,4.0,2.0,0.0,2.0,412.84861917129206,294.8218958505623,412.84861917129206,60.87649454031498,289.8919275624841
157.5,13.5,485.48235402466275,295.7153559164049,14.82052406334608,3.5588728531204317,0.00255014297170541,0,64.33711025786133,0.414910721441459,1.6857408657407902,1.2708301442993313,287.9905240633461,0.8498815781458247,0.6405403215576426,0.937262877100213,0.8951211926672953,22.42640359841174,13.70154051631234,72.98449388296537,-371.9998423962519,297.53692611914335,2466008.74268644,0.10867918346723117,0.06683515525207319,0.0,0.0,0.0,0.0,0.0,226.58302337259346,226.58302337259346,70.95390274654989,291.65425255573393
158.5,14.5,589.5271310992605,297.1778315881862,15.330220016002059,3.576993150391443,0.0024310446475499774,0,64.01119194758928,0.3955333092155269,1.7419412625651993,1.3464079533496724,288.50022001600206,0.8960205792220877,0.6210962314816724,0.9493799502390288,0.8915940297040962,22.038195357850785,14.13205570506944,70.76111366029224,-385.07687642985053,366.03684610476625,2464805.350542219,0.11184970942453663,0.0668677861861023,0.0,0.0,0.0,0.0,0.0,265.79381901644985,265.79381901644985,100.24302708831641,293.65008128965405
159.5,15.5,507.7878496243381,296.54211520932375,15.717324993894566,3.1791810616521614,0.002569482049153651,0,72.02093580223095,0.41805720799734636,1.7857153690185117,1.3676581610211653,288.8873249938946,0.8609153433089008,0.6156682326292504,0.9577147607353897,0.8873028662593003,21.704479806167605,13.512525092509343,74.00541298934195,-395.13357897572587,292.4051804443382,2463891.395689415,0.11430985418705249,0.06689259009498724,0.0,0.0,0.0,0.0,0.0,228.39968788887043,228.39968788887043,64.00549255546778,292.58698186941325
160.5,16.5,295.29095450431726,287.94576124658965,14.354036470043697,3.2862585935325628,0.002688222158293732,0,69.67424766740285,0.43737633829473577,1.6357048887906154,1.1983285504958796,287.5240364700437,0.715436335314886,0.6593969699815024,0.9250345585464718,0.8834785305392395,21.510990000982996,11.566265392528637,86.45833084946864,-397.63841915714875,117.68137705776519,2467110.119894227,0.10584469705469671,0.06680531843365152,0.0,0.0,0.0,0.0,0.0,132.6001823520305,132.6001823520305,-14.918805294265297,286.6897949954136
161.5,17.5,174.1045306102444,285.25690044134484,13.661242599499229,3.1952217466093313,0.002337968028972613,0,71.65937556224131,0.3803896535884702,1.5637992251433805,1.1834095715549102,286.83124259949926,0.5584680741275473,0.6633019675995504,0.9048660803344184,0.8812020057032255,21.37965114313291,8.86116200799734,112.85201637183522,-379.3159718784624,40.001417132770655,2468745.8062225822,0.10175122244820055,0.06676105606133764,0.0,0.0,0.0,0.0,0.0,90.06729291985063,90.06729291985063,-50.065875787079975,283.9518540041824
162.5,18.5,55.248438204288114,276.8207846426768,12.09340972319667,3.462385457789987,0.0025835633803483844,0,66.13001294519846,0.4203482541660073,1.4112262132666669,0.9908779591006596,285.2634097231967,0.25973959453606543,0.7144554100228958,0.8503629272221805,0.8796314351442241,21.324674478012145,4.164276916880579,240.13772858052167,-357.02656258954744,-37.66448052956878,2472447.4596435325,0.09298194851260513,0.06666110397111553,0.0,0.0,0.0,0.0,0.0,37.757476671529616,37.757476671529616,-75.4219572010984,281.2604442049655
163.5,19.5,0.0,273.1122795893038,11.24966989185982,3.1518528608748824,0.0024971547417501423,0,72.64539470962566,0.40628948531368875,1.3346594443618431,0.9283699590481544,284.4196698918598,0.0,0.7313659674086149,0.815944838088358,0.8789678665480107,21.32465912122826,0.0001,1000000.0,-343.6308715675079,-70.51859197820409,2474439.529385319,0.08853521304801372,0.0666074378513345,0.0,0.0,0.0,0.0,0.0,0.010555398079489065,0.010555398079489065,-70.52914737628357,280.30758412096
164.5,20.5,0.0,275.0614006554383,11.702132125352856,2.903916972204725,0.002554514439127162,0,78.84784494064958,0.4156219634078277,1.375252225580544,0.9596302621727162,284.8721321253529,0.0,0.722890424074452,0.8348444095306988,0.8789676806814364,21.324642361481317,0.0001,1000000.0,-334.81405478490916,-59.75265412947084,2473371.266052042,0.09089671305348354,0.0666362059883937,0.0,0.0,0.0,0.0,0.0,0.01151474347869569,0.01151474347869569,-59.76416887294954,281.09017888311087
165.5,21.5,0.0,269.80053136074963,10.349888780550847,2.7687924499318735,0.002225501948054386,0,82.69583195033364,0.36209131373489367,1.2570521679514601,0.8949608542165665,283.51988878055084,0.0,0.7404651614365351,0.7753187281671856,0.8789674778341621,21.32462780915402,0.0001,1000000.0,-334.4063043261039,-64.60577296535428,2476563.9125891193,0.08399413866478288,0.06655030234939963,0.0,0.0,0.0,0.0,0.0,0.010011046840443625,0.010011046840443625,-64.61578401219472,279.231366387906
166.5,22.5,0.0,267.28565631942064,9.768426800327601,2.6829978742336036,0.002174268095571078,0,85.34020743878642,0.35375551651413684,1.2090368426064848,0.855281326092348,282.9384268003276,0.0,0.7513272496781325,0.7469118618690849,0.8789673017035463,21.324614305845508,0.0001,1000000.0,-331.8674405745068,-64.58178425508618,2477936.744324426,0.08116653185142382,0.06651343201069193,0.0,0.0,0.0,0.0,0.0,0.009294540092638607,0.009294540092638607,-64.59107879517882,278.51446187037186
167.5,23.5,0.0,265.1763211696713,9.445276909412355,2.7270075589879137,0.0023612299802171625,0,83.96294846718229,0.3841743954951396,1.1830556616742605,0.7988812661791209,282.6152769094124,0.0,0.766869465554597,0.7303938158295411,0.8789671382692494,21.324601418039535,0.0001,1000000.0,-325.78891928500263,-60.61259811533131,2478699.7012168774,0.07963049871027875,0.06649295882413842,0.0,0.0,0.0,0.0,0.0,0.008873611337707726,0.008873611337707726,-60.621471726669014,278.5302059966514
168.5,0.5,0.0,265.0182426963117,9.283225826389051,2.6141560622808213,0.0021848717805750878,0,87.58757690432112,0.35548074629292425,1.170212653014018,0.8147319067210937,282.4532258263891,0.0,0.7624892781533826,0.7219138863271346,0.8789669822843451,21.324588169545745,0.0001,1000000.0,-324.15055488312896,-59.13231218681727,2479082.3038238953,0.07886960834252793,0.06648269680929719,0.0,0.0,0.0,0.0,0.0,0.009123362918949319,0.009123362918949319,-59.14143554973622,278.29584492088867
169.5,1.5,0.0,265.41249125274925,9.421261690540097,2.5128378209224325,0.002255379823192475,0,91.11912963044607,0.3669524728409622,1.1811445970667263,0.814192124225764,282.59126169054014,0.0,0.7626382853505644,0.7291454170129567,0.8789668219337204,21.32457522895248,0.0001,1000000.0,-323.6423341635803,-58.22984291083105,2478756.401148635,0.07951734430259254,0.06649143784118666,0.0,0.0,0.0,0.0,0.0,0.008910160664680537,0.008910160664680537,-58.238753071495736,278.3322672438454
170.5,2.5,0.0,262.15902862271713,8.871483594653563,2.4503453522201752,0.002488785774915338,0,93.44298955143566,0.40492784633670775,1.1381310011680204,0.7332031548313126,282.0414835946536,0.0,0.7851207819256243,0.6997772954843837,0.8789666653095063,21.32456486238173,0.0001,1000000.0,-323.18205489637256,-61.02302627365543,2480054.4272330226,0.07696419320586823,0.06645663714497671,0.0,0.0,0.0,0.0,0.0,0.007141572134066547,0.007141572134066547,-61.0301678457895,277.4645276509169
171.5,3.5,0.0,265.12692027462265,9.277005708358827,2.399829289581308,0.0021452292557896063,0,95.40995109067367,0.3490308692699488,1.169722144724536,0.8206912754545872,282.44700570835886,0.0,0.7608449276579801,0.7215857787014737,0.8789665398393784,21.32455175244355,0.0001,1000000.0,-321.2603921172394,-56.13347184261676,2479096.9895225647,0.07884052671612762,0.0664823029784563,0.0,0.0,0.0,0.0,0.0,0.009028002299510776,0.009028002299510776,-56.142499844916266,278.1479718763766
172.5,4.5,0.0,264.1442251829114,9.277923536095898,2.3152011591233674,0.002445616862782388,0,98.89749503737097,0.39790422269063935,1.1697945117353652,0.7718902890447259,282.4479235360959,0.0,0.7743501590113786,0.7216342057498036,0.8789663811651565,21.324540402550053,0.0001,1000000.0,-320.8327205481345,-56.688495365223105,2479094.822531278,0.07884481736477073,0.06648236109102623,0.0,0.0,0.0,0.0,0.0,0.007815961724552059,0.007815961724552059,-56.69631132694766,277.9477885686451
173.5,5.5,63.12128029088517,266.4275768639908,9.678636462649171,2.348242479903792,0.002305942484037923,0,97.50594204151335,0.3751790665347875,1.201767857819903,0.8265887912851154,282.8486364626492,0.2878730913186656,0.7592189726431552,0.7423745458313621,0.8789662437932102,21.277150394327677,4.278432137394115,233.73048067301465,-321.9477213862512,-6.9167586982788265,2478148.7393116853,0.08073721437410727,0.06650774207209058,0.0,0.0,0.0,0.0,0.0,32.622080314514385,32.622080314514385,-39.53883901279321,279.7544930544596
174.5,6.5,228.32820520340843,263.0311673075299,9.101830642887384,2.3467808820811524,0.002547451190957653,0,97.56666968492928,0.4144727661172259,1.1559821896244329,0.741509423507207,282.2718306428874,0.6396820076650648,0.7828034952611372,0.7122659556127745,0.8783913034777203,21.15471824527222,9.398712401200275,106.39755291078953,-325.7044651114183,113.13942020273612,2479510.577852143,0.078025262201774,0.06647121357037673,0.0,0.0,0.0,0.0,0.0,84.32550240338043,84.32550240338043,28.813917799355693,284.5280911267263
175.5,7.5,391.6241988630315,274.58528215675926,11.568286560273888,2.4852967926026217,0.0024123683233824396,0,92.12887403485608,0.3924946532577217,1.3631327699503852,0.9706381166926635,284.7382865602739,0.7943370800903242,0.7199147268933093,0.8293602275996218,0.876893270413869,20.922366286447502,12.476624093797792,80.14988609756274,-341.47562667573783,234.6602886055557,2473687.2754311934,0.09019261878720333,0.06662769332541786,0.0,0.0,0.0,0.0,0.0,159.65724554617114,159.65724554617114,75.00304305938457,290.28403404319823
176.5,8.5,464.0176433621988,276.6824419090793,12.144550085260475,2.601517997891655,0.002383890814124926,0,88.01307364795504,0.3878613350312581,1.4159885848738718,1.0281272498426137,285.31455008526046,0.8385638207069623,0.7044488014938274,0.8523346490200752,0.873999371477129,20.65845977995175,13.201645738542544,75.74813169546539,-367.7490641128722,266.22696318510015,2472326.7172486996,0.09325747804320401,0.06666435953652262,0.0,0.0,0.0,0.0,0.0,181.23975190700295,181.23975190700295,84.98721127809719,291.3177970498055
177.5,9.5,537.6867032443996,282.3310199579812,13.450585796950994,2.7105098294098844,0.0022646130838152308,0,84.47399550466422,0.3684547332509668,1.5424922232000309,1.1740374899490642,286.620585796951,0.874658633611718,0.6657594071139494,0.8982576860648415,0.8706298667571686,20.34372942476747,13.66191746103406,73.19616758424705,-385.21037403491647,311.13940742125243,2469243.1669333987,0.10053355142829784,0.06674760889390506,0.0,0.0,0.0,0.0,0.0,215.87382749036377,215.87382749036377,95.26557993088866,293.0792766137562
178.5,10.5,757.4199356003722,283.45726416532375,11.346474763625382,3.1658424649498706,0.0020658113806541986,12,72.32438053374344,0.3361095043765352,1.3432546634072597,1.0071451590307245,284.5164747636254,0.9493262976088935,0.7100789222333891,0.8200744989094886,0.8664934445159966,30.34372942476747,14.370172330349773,69.58858787573494,-392.6833481972275,473.98726638038295,2474210.9730830807,0.08903601181466436,0.06661359074203885,12.0,2.0,0.0,10.0,382.60831224612895,271.0107609686164,382.60831224612895,91.378954134254,289.82063149969974
179.5,11.5,650.3427946212246,291.7075316554142,13.378940472735035,3.429380401160347,0.002487003843803892,6,66.76646168137151,0.40463792442597085,1.5353039067900005,1.1306659823640297,286.54894047273507,0.9177608824134209,0.677175249124072,0.895959577439211,0.9508856829758207,34.343729424767474,15.884318935915813,62.955170066430355,-388.72642004380464,403.74506346995247,2469412.3215438724,0.1001222517311181,0.0667430366863057,6.0,2.0,0.0,4.0,368.70614233268736,267.7314752046181,368.70614233268736,35.038921137265106,288.42650352337574
180.5,12.5,749.9994617491836,299.5776856606436,14.831656596518155,3.3225253927617286,0.0024903418354366752,3,68.9137231708552,0.40518101888455227,1.68695117169038,1.2817701528058278,288.00165659651816,0.9473682779165994,0.6377123228564645,0.9375414080521739,0.9670776887513431,35.343729424767474,16.43299505130203,60.853179647295484,-376.4053491507279,500.6719220567872,2465982.4587756204,0.10874760766727815,0.06683586762099293,3.0,2.0,0.0,1.0,442.0793804005737,330.8662663051676,442.0793804005737,58.592541656213484,291.2423167908801
181.5,13.5,518.6931830922159,293.2926061666214,14.39671109160182,3.431725993640045,0.0025535152486765808,0,66.72082665377718,0.41545939415766875,1.6402274344732832,1.2247680403156145,287.56671109160186,0.8660605587388667,0.6524972899220989,0.9261984290946944,0.9702106608939891,35.001099208594,15.234152905023867,65.64198260542753,-380.1613206918675,312.5250364557602,2467009.365112728,0.10610135844796124,0.06680804682023851,0.0,0.0,0.0,0.0,0.0,234.79776446404648,234.79776446404648,77.7272719917137,291.72888562015356
182.5,14.5,677.0931681074507,301.04274097774004,16.422775066689287,3.7099225591843474,0.0028063633128847217,0,61.71762118809802,0.4565980181092184,1.8679727216902806,1.4113747035810622,289.5927750666893,0.9263688639624676,0.604555558524876,0.9709770456345644,0.9691723010313177,34.541127071270544,15.810710241143022,63.248265558480426,-388.8453455524762,433.5591348680008,2462225.8280675467,0.11891142355590123,0.06693783945064546,0.0,0.0,0.0,0.0,0.0,314.5986879747916,314.5986879747916,118.96044689320922,295.4852427411666
183.5,15.5,464.954531184393,294.55933943880245,15.500654304844716,3.619086159331828,0.002642614567816627,0,63.26668807111013,0.4299559393296506,1.7610967886978945,1.331140849368244,288.67065430484473,0.8390730662854186,0.6250065425002285,0.9531419146296014,0.9677211951987242,34.22488815307502,14.511537226999833,68.91068701801095,-400.3863683917892,252.18796005899588,2464402.9551862613,0.11292726028342209,0.06687870456556935,0.0,0.0,0.0,0.0,0.0,216.48336792943064,216.48336792943064,35.70459212956524,290.48359926665614
184.5,16.5,336.27347216319015,289.83017568980813,14.683798813170817,3.587438998947156,0.0025001083189558114,0,63.82480516382755,0.40677003517416094,1.6709383676674197,1.2641683324932587,287.85379881317084,0.7524671413786304,0.6422646318092665,0.9337915333616954,0.9666841017309188,33.98968217574253,13.08751853390034,76.40867880413845,-397.07686804419035,151.68388121127418,2466331.551002104,0.10784180482599265,0.06682640746474294,0.0,0.0,0.0,0.0,0.0,161.13775635539272,161.13775635539272,-9.453875144118541,287.3695318935996
185.5,17.5,189.23826910233493,290.2551096152234,14.960271147136009,3.7859424704412374,0.0026009615837044972,0,60.478360918736676,0.42317895863487964,1.7009892359623522,1.2778102773274727,288.130271147136,0.5834110901954982,0.6387354278524965,0.9407143522489596,0.965891203725581,33.82095933849642,10.157876338225678,98.44577416608662,-375.4328191516958,60.535757672325474,2465678.7998216115,0.10954077343118429,0.06684409874568506,0.0,0.0,0.0,0.0,0.0,115.56008967874651,115.56008967874651,-55.024332006421034,285.4594781147708
186.5,18.5,50.45898855213247,283.5731042077245,13.612768083358592,3.3188346979309093,0.0025896375396217493,0,68.99035835911505,0.42133652573910135,1.5588734990882656,1.1375369733491643,286.78276808335863,0.24175928607152167,0.6753619661307978,0.9033650682367397,0.9653108280740922,33.76009621323991,4.27141225338185,234.11460675757985,-362.5063917673695,-40.079866374503005,2468860.25455519,0.10146991694793522,0.06675796123588722,0.0,0.0,0.0,0.0,0.0,41.73959747605822,41.73959747605822,-81.81946385056122,282.25243145802386
187.5,19.5,0.0,277.4413522554818,12.337231180001517,3.451600272182312,0.0026118472942798228,0,66.33664882641567,0.42495007424617054,1.4340587475171016,1.0091086732709311,285.50723118000155,0.0,0.7095513432807659,0.8596460385251476,0.9650990551280566,33.76007863546517,0.0001,1000000.0,-349.7694301710884,-72.32807791560663,2471871.797184016,0.09430184354144536,0.06667662835838749,0.0,0.0,0.0,0.0,0.0,0.01206944601249759,0.01206944601249759,-72.34014736161913,281.65583353509356
188.5,20.5,0.0,272.18153005069865,11.17658708358902,3.032257773949333,0.0025513378073941215,0,75.51059712403747,0.41510512236058694,1.328202538575745,0.913097416215158,284.34658708358904,0.0,0.7355202841604237,0.8127961122452301,0.9650989937799079,33.76006371071013,0.0001,1000000.0,-340.42656123317374,-68.24503118247509,2474612.0778956464,0.08815872764247029,0.06660279348130145,0.0,0.0,0.0,0.0,0.0,0.0102591608573885,0.0102591608573885,-68.25529034333248,280.2101191097694
189.5,21.5,0.0,272.519930463812,11.112224902559548,2.988089701874479,0.002341036956424867,0,76.62674751741339,0.3808889710453321,1.3225388535401446,0.9416498824948125,284.28222490255956,0.0,0.7277608715969399,0.8100009933761184,0.9650989416909722,33.76004734895655,0.0001,1000000.0,-335.5326577774972,-63.01272731368522,2474764.0370050566,0.0878282975342948,0.066598703838398,0.0,0.0,0.0,0.0,0.0,0.011247633152964774,0.011247633152964774,-63.02397494683818,280.4063332695648
190.5,22.5,0.0,266.95400544607605,9.852480048616632,2.7508274256401686,0.0022616670434339346,0,83.23589950090516,0.36797540963909037,1.2158763907529757,0.8479009811138853,283.02248004861667,0.0,0.7533541841997411,0.751122739049369,0.9650988845866739,33.760034002542604,0.0001,1000000.0,-332.54494921456376,-65.5909437684877,2477738.294605216,0.08157018254745403,0.06651875927706827,0.0,0.0,0.0,0.0,0.0,0.009185811366244318,0.009185811366244318,-65.60012957985396,278.640193037521
191.5,23.5,0.0,268.449196949425,10.139880154451062,2.701037897131412,0.002207596215057521,0,84.77022680358893,0.3591780337038925,1.2395203710804545,0.880342337376562,283.3098801544511,0.0,0.7444599524139703,0.7652539434472481,0.9650988380061695,33.760019325536284,0.0001,1000000.0,-328.8550390262123,-60.40584207678728,2477059.742955341,0.08296334029117998,0.06653698104744885,0.0,0.0,0.0,0.0,0.0,0.010098839305269629,0.010098839305269629,-60.41594091609255,279.19951569405464
